"url","title","title_len","description","desc_len","canonical","h1_count","h1","h2_count","word_count","images","missing_alt","schema_types","schema_parse_errors","og_image","twitter_card","issues","bytes"
"/","Visit Bulharsko | Aktuální zprávy z Bulharska","45","Cestovatelský magazín, praktické tipy a aktuální zprávy z Bulharska.","68","https://visitbulharsko.cz/C:/Program Files/Git/C:/Program%20Files/Git/","0","","18","1876","27","0","","0","/C:/Program Files/Git/uploads/2023/07/cropped-Visit-Bulharsko-1.png","","short_meta_description;h1_count_0;missing_twitter_card","51460"
"/%d0%bc%d0%b0%d0%b3%d0%b0%d1%82%d0%b0-%d1%84%d0%b5%d1%81%d1%82-sofie-recykluje/","„МаГаТа Фест“: Sofie recykluje! - Visit Bulharsko","49","Ekologický festival v bulharské metropoli: Obyvatelé společně recyklovali šest tun odpadu","89","https://visitbulharsko.cz/C:/Program Files/Git/%d0%bc%d0%b0%d0%b3%d0%b0%d1%82%d0%b0-%d1%84%d0%b5%d1%81%d1%82-sofie-recykluje/","1","„МаГаТа Фест“: Sofie recykluje! Luke Palm · 23. března 2025 · 2 min čtení Ekologický festival v bulharské metropoli: Obyvatelé společně recyklovali šest tun odpadu (window.adsbygoogle = window.adsbygoogle || []).push({}); ADS / reklamní prostor v článku Sofijská čtvrť Novi Iskăr se o víkendu proměnila v centrum ekologické iniciativy, která spojila místní obyvatele se společným cílem – zbavit se nepotřebného odpadu a zároveň přispět k lepšímu životnímu prostředí. Akce nazvaná „МаГаТа Фест“ přilákala stovky lidí, kteří společně předali k recyklaci více než šest tun odpadu ze svých sklepů, garáží a půd. Tento jedinečný projekt ukazuje, jak mohou obyvatelé velkoměsta aktivně přispívat k udržitelnému způsobu života a přetvářet své okolí k lepšímu. Ekologická iniciativa „МаГаТа Фест“ je novým počinem, který se zaměřuje na podporu třídění odpadu a jeho správného zpracování. Letošní pilotní ročník se konal v oblasti Novi Iskăr, která je součástí širšího území Sofie. Akce přilákala nejen místní obyvatele, ale také návštěvníky z dalších částí města, jako jsou Lozenez, Oborishte, Serdika, Ljulin nebo Triadica. Celkem se do festivalu zapojilo přibližně 200 lidí, kteří přinesli staré elektrospotřebiče, nábytek, papír, plasty i další materiály vhodné k recyklaci. Podle organizátorů bylo hlavním cílem festivalu nejen umožnit lidem snadno se zbavit nepotřebných věcí, ale také je motivovat k odpovědnějšímu přístupu k nakládání s odpady. Zástupkyně primátora Sofie pro ekologii Naděžda Bobčeva zdůraznila, že podobné akce mají zásadní význam pro změnu přístupu obyvatel k třídění odpadu. „Chceme, aby lidé viděli smysl v tom, že své odpady třídí správně a že je možné je efektivně zpracovat. Naším cílem je, aby v běžných kontejnerech končilo co nejméně materiálů, které lze znovu využít,“ uvedla během akce. Festival se však neomezil pouze na sběr odpadu. Organizátoři připravili pro účastníky také vzdělávací program, který zahrnoval přednášky o recyklaci a udržitelném životním stylu. Děti se mohly zapojit do kreativních dílen, kde se učily, jak lze znovu využít různé materiály nebo jak správně třídit odpad. Tímto způsobem se festival stal nejen ekologickou akcí, ale také příležitostí pro setkání komunity a výměnu zkušeností. Podobné iniciativy ukazují, že i velkoměsta jako Sofie se mohou aktivně zapojit do řešení ekologických výzev. Obyvatelé si stále více uvědomují důležitost recyklace a správného nakládání s odpady, což je klíčové pro udržitelnou budoucnost. Organizátoři „МаГаТа Фестu“ plánují v budoucnu rozšířit tuto iniciativu i do dalších částí Sofie, aby se do ní mohlo zapojit ještě více lidí. Pokud se chystáte do Bulharska, stojí za to sledovat podobné události, které přibližují místní kulturu a ekologické iniciativy. Sofie není jen historickým městem plným památek, ale i místem, kde se aktivně řeší moderní environmentální otázky. Tyto akce mohou být inspirací i pro další evropská města a ukazují, že změna začíná u jednotlivců, kteří jsou ochotni udělat něco pro své okolí.","1","706","6","0","","0","/C:/Program Files/Git/uploads/2023/07/header-image-2-1.jpg","","short_meta_description;missing_twitter_card;article_missing_article_schema","17397"
"/action-aquapark-vodni-svet-plny-zabavy/","Action Aquapark – Vodní svět plný zábavy - Visit Bulharsko","58","Pokud hledáte den plný zábavy, adrenalinu a osvěžení, Action Aquapark je ideálním místem pro celou rodinu. Nachází se v srdci Slunečného pobřeží a nabízí přes 30 vodních atrakcí, bazény a relaxační zóny. Tento moderní vodní park uspokojí jak milovníky adrenalinových skluzavek, tak ty, kdo hledají odpočinek ve vodní oáze. Co vás čeká v Action Aquaparku? [&hellip;]","365","https://visitbulharsko.cz/C:/Program Files/Git/action-aquapark-vodni-svet-plny-zabavy/","1","Action Aquapark – Vodní svět plný zábavy Luke Palm · 4. ledna 2025 · 2 min čtení Pokud hledáte den plný zábavy, adrenalinu a osvěžení, Action Aquapark je ideálním místem pro celou rodinu. Nachází se v srdci Slunečného pobřeží a nabízí přes 30 vodních atrakcí, bazény a relaxační zóny. Tento moderní vodní park uspokojí jak milovníky adrenalinových skluzavek, tak ty, kdo hledají odpočinek ve vodní oáze. Co vás čeká v Action Aquaparku? […] (window.adsbygoogle = window.adsbygoogle || []).push({}); ADS / reklamní prostor v článku Pokud hledáte den plný zábavy, adrenalinu a osvěžení, Action Aquapark je ideálním místem pro celou rodinu. Nachází se v srdci Slunečného pobřeží a nabízí přes 30 vodních atrakcí, bazény a relaxační zóny. Tento moderní vodní park uspokojí jak milovníky adrenalinových skluzavek, tak ty, kdo hledají odpočinek ve vodní oáze.","1","747","5","0","","0","/C:/Program Files/Git/uploads/2025/01/AdobeStock_277513298-scaled.jpeg","","long_meta_description;missing_twitter_card;article_missing_article_schema","18177"
"/architektonicka-boure-v-sofii/","**Architektonická bouře v Sofii** - Visit Bulharsko","51","**Architektonická bouře v bulharské metropoli: Spor o hlavního plánovače města eskaluje**","89","https://visitbulharsko.cz/C:/Program Files/Git/architektonicka-boure-v-sofii/","1","Architektonická bouře v Sofii Luke Palm · 12. března 2025 · 2 min čtení Architektonická bouře v bulharské metropoli: Spor o hlavního plánovače města eskaluje (window.adsbygoogle = window.adsbygoogle || []).push({}); ADS / reklamní prostor v článku Sofia se ocitla v centru architektonického napětí. Výběrové řízení na nového hlavního architekta bulharského hlavního města bylo zpochybněno ještě předtím, než komise vůbec začala hodnotit kandidáty. Zatímco odborníci debatovali o budoucnosti urbanistického rozvoje metropole, jiná městská komise přišla s překvapivým požadavkem – celý proces výběru zrušit a začít znovu. Co stojí za tímto dramatickým zvratem a jaké důsledky to může mít pro podobu Sofie v příštích letech? Kontroverze kolem výběru hlavního architekta Sofie se objevila v momentě, kdy odborná komise začala posuzovat kandidáty na tuto klíčovou pozici. Paralelně s tímto procesem však komise pro územní plánování a architekturu městského zastupitelstva vznesla požadavek na ukončení výběrového řízení a zahájení nové soutěže. Důvodem jsou údajné nesrovnalosti a obavy o transparentnost celého procesu. Podle členů komise nebyly splněny všechny podmínky pro férovou soutěž, což vyvolalo pochybnosti o objektivitě výběru. Kritici upozorňují na nejasná kritéria hodnocení a možné střety zájmů mezi některými účastníky. Tento nečekaný obrat vyvolal v bulharské společnosti širokou debatu o tom, jakým směrem by se měla urbanistická koncepce Sofie ubírat. Hlavní architekt města je klíčovou osobou pro rozvoj metropole, neboť ovlivňuje nejen vzhled nových staveb, ale i celkovou strategii urbanistického plánování. Sofia je městem s bohatou historií, kde se mísí antické památky s moderní architekturou. Každé rozhodnutí v oblasti výstavby tak může mít zásadní dopad na budoucí podobu města. Současná situace ukazuje na hlubší problémy v řízení městského rozvoje. Sofia, stejně jako jiná evropská hlavní města, čelí výzvám spojeným s rychlou expanzí, dopravní infrastrukturou a ochranou historických památek. Transparentní a dobře organizovaný výběr hlavního architekta je proto zásadní pro zajištění kvalitního urbanistického rozvoje. Pro turisty, kteří Sofii navštěvují, je důležité, aby město zachovalo svůj jedinečný charakter. Právě kombinace historických památek, zelených parků a moderní architektury činí z bulharské metropole atraktivní destinaci. Jakékoli změny v urbanistickém plánování mohou ovlivnit atmosféru města, a tím i zážitek návštěvníků. Ať už se situace vyvine jakkoli, jedno je jisté – Sofia se nachází v klíčovém momentu svého rozvoje. Budoucnost města závisí na tom, jak se podaří skloubit moderní výstavbu s respektem k historickému dědictví. Pro milovníky Bulharska a jeho kultury je tento proces zajímavým pohledem do zákulisí městského plánování, které ovlivňuje nejen obyvatele, ale i turisty z celého světa.","1","658","6","0","","0","/C:/Program Files/Git/uploads/2023/07/header-image-2-1.jpg","","short_meta_description;missing_twitter_card;article_missing_article_schema","17054"
"/boj-proti-krutosti-na-zviratech/","**Boj proti krutosti na zvířatech** - Visit Bulharsko","53","Temná stránka Bulharska: Jak nový zákon bojuje proti krutosti na zvířatech","74","https://visitbulharsko.cz/C:/Program Files/Git/boj-proti-krutosti-na-zviratech/","1","Boj proti krutosti na zvířatech Luke Palm · 18. března 2025 · 2 min čtení Temná stránka Bulharska: Jak nový zákon bojuje proti krutosti na zvířatech (window.adsbygoogle = window.adsbygoogle || []).push({}); ADS / reklamní prostor v článku Sadismus na zvířatech jako zdroj zisku – téma, které by mělo znepokojit každého milovníka zvířat i cestovatele. Bulharsko je známé svou krásnou přírodou, historickými památkami a pohostinností, ale nyní se dostává do popředí diskuse o neetických praktikách, které se zde odehrávají. Nový návrh zákona má za cíl kriminalizovat nejen týrání zvířat, ale i samotné šíření takového obsahu. Jaké důsledky může mít tento krok? A proč se vůbec podobná videa stala součástí temného internetového trhu? V posledních letech se v Bulharsku i dalších zemích objevuje stále více případů, kdy jsou zvířata vystavována extrémní krutosti za účelem finančního zisku. Internetové platformy umožňují anonymní sdílení obsahu, což dává prostor lidem, kteří v týrání zvířat vidí příležitost k výdělku. Bulharské úřady se nyní snaží proti tomuto fenoménu bojovat zavedením přísnějších trestů nejen pro pachatele, ale i pro ty, kdo taková videa natáčejí a šíří. Ministr spravedlnosti Georgi Georgiev navrhuje změny v trestním zákoníku, které by umožnily stíhat nejen samotné trýznitele, ale i osoby, jež jejich činy zaznamenávají a šíří. Impulzem k tomuto kroku bylo nedávné vyšetřování dvou osob – ženy z Perniku a muže ze Sofie, kteří byli obviněni z vytváření a šíření videí zobrazujících mučení zvířat. Tento případ vyvolal v bulharské společnosti vlnu pobouření a přitáhl pozornost veřejnosti k problému, který dosud zůstával spíše na okraji zájmu. Pro cestovatele, kteří Bulharsko navštěvují, je důležité vědět, že země se snaží zlepšit ochranu zvířat a bojovat proti neetickým praktikám. Mnoho turistů si rádo užívá kontakt se zvířaty během dovolené – ať už při návštěvě místních farem, výletů na koních nebo v přírodních parcích. Právě proto je klíčové podporovat pouze etické organizace a vyhýbat se atrakcím, které by mohly zvířata jakkoli zneužívat. Bulharsko se v posledních letech snaží zlepšit svůj obraz nejen jako přímořská destinace, ale i jako země, která se stará o práva zvířat. Přestože návrh zákona zatím čeká na schválení, jeho přijetí by mohlo znamenat významný krok k omezení nelegálního obsahu a větší ochraně zvířat. Pokud plánujete navštívit Bulharsko, vyplatí se podpořit organizace, které se věnují ochraně zvířat. Existuje řada iniciativ, které se snaží pomáhat opuštěným a týraným zvířatům, a právě turisté mohou přispět k jejich činnosti například skrze dobrovolnickou práci nebo finanční podporu. Téma týrání zvířat jako zdroje zisku je alarmující, ale zároveň ukazuje, že bulharská společnost se snaží takovým praktikám zabránit. Změna zákona by mohla být prvním krokem k tomu, aby se podobné případy v budoucnosti neopakovaly. Pro cestovatele je důležité být informovaní a podporovat etické podniky, které se chovají ke zvířatům s respektem.","1","708","6","0","","0","/C:/Program Files/Git/uploads/2023/07/header-image-2-1.jpg","","short_meta_description;missing_twitter_card;article_missing_article_schema","17264"
"/bourky-v-bulharsku-21-cervence-2026/","Bouřky v Bulharsku 21. července - Visit Bulharsko","49","V Bulharsku platí žluté varování před bouřkami pro 14 regionů. Praktické dopady pro cesty k moři, do hor i po silnicích.","120","https://visitbulharsko.cz/C:/Program Files/Git/bourky-v-bulharsku-21-cervence-2026/","1","Bulharsko má žluté varování před bouřkami v 14 regionech Luke Palm · 21. července 2026 · min čtení Na úterý 21. července platí v části Bulharska žluté varování před bouřkami. Cestovatelé mají počítat hlavně s rizikem přeháněk ve východních oblastech a na horách. (window.adsbygoogle = window.adsbygoogle || []).push({}); ADS / reklamní prostor v článku Bulharsko vydalo na úterý 21. července žluté varování před bouřkami pro čtrnáct regionů ve střední a východní části země. Pro české cestovatele to neznamená zákaz cestování, ale důvod upravit denní plán, sledovat místní předpověď a počítat s tím, že počasí se může během odpoledne rychle změnit.","3","494","5","0","","0","/C:/Program Files/Git/uploads/2023/07/cropped-Visit-Bulharsko-1.png","","missing_twitter_card;article_missing_article_schema","15651"
"/boxer-koko-tyson-mel-nehodu/","**Boxer Koko Tyson měl nehodu** - Visit Bulharsko","49","**Boxer Koko Tyson bojuje po vážné nehodě: Fanoušci věří v jeho návrat**","72","https://visitbulharsko.cz/C:/Program Files/Git/boxer-koko-tyson-mel-nehodu/","1","Boxer Koko Tyson měl nehodu Luke Palm · 12. března 2025 · 1 min čtení Boxer Koko Tyson bojuje po vážné nehodě: Fanoušci věří v jeho návrat (window.adsbygoogle = window.adsbygoogle || []).push({}); ADS / reklamní prostor v článku Bulharsko je nejen oblíbenou letní destinací, ale také zemí, kde sport hraje důležitou roli v každodenním životě. Nedávná nehoda v Sofii však otřásla sportovní komunitou – talentovaný boxer Konstantin Semerджиев, známý jako Koko Tyson, byl vážně zraněn při dopravní nehodě. Co se vlastně stalo a jaká je jeho aktuální situace? Podle dostupných informací došlo k nehodě na kruhovém objezdu u Stochna Gara v hlavním městě Bulharska. Semerджиев byl po srážce převezen do nemocnice ISUL, kde se podrobil nezbytné lékařské péči. Přestože jeho stav byl zpočátku vážný, podle nejnovějších zpráv je stabilizovaný a mimo přímé ohrožení života. Koko Tyson je v Bulharsku známou sportovní osobností. Jeho jméno se často spojuje s tvrdými zápasy a nezlomnou bojovností v ringu. Během své kariéry si získal respekt nejen mezi fanoušky boxu, ale i mezi sportovními odborníky. Jeho nečekaná nehoda proto vyvolala silnou vlnu podpory ze strany veřejnosti i kolegů ze sportovního prostředí. Dopravní nehody jsou v Sofii bohužel častým jevem, zejména na frekventovaných křižovatkách. Mnoho místních obyvatel i návštěvníků města se setkává s nepřehlednými situacemi na silnicích, které mohou vést k nebezpečným kolizím. Přestože bulharské úřady v posledních letech investují do zlepšení dopravní infrastruktury, stále dochází k nehodám, které mají vážné následky. Případ Konstantina Semerджieva připomíná, jak důležité je dbát na bezpečnost na silnicích, a to nejen v Bulharsku, ale i kdekoliv jinde. Pro turisty, kteří se chystají navštívit Sofii nebo jiná města v této krásné zemi, je vhodné být obezřetný, ať už jako řidič, cyklista nebo chodec. Navzdory vážnému zranění se očekává, že Koko Tyson se postupně zotaví. Jeho přátelé a fanoušci věří, že se jednou opět vrátí do ringu. Tato nehoda však zůstává připomínkou toho, jak křehká může být sportovní kariéra a jak důležité je nezapomínat na bezpečnost nejen ve sportu, ale i v běžném životě.","1","593","6","0","","0","/C:/Program Files/Git/uploads/2023/07/header-image-2-1.jpg","","short_meta_description;missing_twitter_card;article_missing_article_schema","16281"
"/brutalni-napadeni-v-srdci-sofie/","""Brutální napadení v srdci Sofie"" - Visit Bulharsko","51","**Brutální napadení v Sofii: Incident, který otřásl městem a zvýšil otázky o bezpečí ve veřejných službách**","108","https://visitbulharsko.cz/C:/Program Files/Git/brutalni-napadeni-v-srdci-sofie/","1","„Brutální napadení v srdci Sofie“ Luke Palm · 3. ledna 2025 · 2 min čtení Brutální napadení v Sofii: Incident, který otřásl městem a zvýšil otázky o bezpečí ve veřejných službách (window.adsbygoogle = window.adsbygoogle || []).push({}); ADS / reklamní prostor v článku Večerní ruch v ulicích Sofie narušil otřesný incident, který znovu otevřel otázky o bezpečnosti pracovníků ve veřejných službách. V jednom z nejrušnějších měst Bulharska byl ve středu večer brutálně napaden 59letý bezpečnostní pracovník Centra pro urgentní medicínu. Zatímco viníci byli rychle zadrženi, případ vyvolává řadu otázek o bezpečnostních opatřeních a respektu k těm, kteří stojí v první linii pomoci. Co přesně se stalo a jaké kroky budou následovat? Ve středu večer, kolem 22:30, se obyvatelé jedné z centrálních čtvrtí Sofie stali svědky alarmujícího incidentu. V prostoru Centra pro urgentní medicínu byl napaden a brutálně zbit 59letý bezpečnostní pracovník, jehož úkolem je zajišťovat bezpečí pacientů i personálu. Podle dostupných informací se konflikt odehrál přímo v areálu zařízení, což jen zdůrazňuje závažnost situace. Útočníci, jejichž identita zatím nebyla zveřejněna, byli krátce po činu zadrženi policií. Podle svědků i bezpečnostních kamer se jednalo o skupinu mužů, kteří na pracovníka zaútočili po předchozí slovní rozepři. Motiv jejich jednání je předmětem vyšetřování, nicméně již nyní je jasné, že incident nemá žádné omluvitelné opodstatnění. Napadený muž byl okamžitě převezen na ošetření, přičemž jeho zdravotní stav je podle lékařů stabilizovaný. Přesto však utrpěl vážné zranění, která si vyžádají delší dobu rekonvalescence. Tento případ znovu připomíná, jak náročné a často nebezpečné je povolání těch, kteří zajišťují chod zdravotnických zařízení, zejména v nočních hodinách. Sofia, hlavní město Bulharska, je nejen centrem kultury a historie, ale i místem, kde se denně setkávají tisíce obyvatel a návštěvníků. Přestože město nabízí turistům bohaté možnosti poznávání, od ikonických památek až po moderní kavárny a restaurace, tento incident vrhá stín na jeho pověst. Pro cestovatele však není důvod k panice – podobné události jsou spíše výjimečné a většina turistických lokalit v Sofii i zbytku Bulharska je bezpečná. Pro návštěvníky, kteří plánují cestu do Bulharska, může být tento případ připomínkou, že i v krásných a historických destinacích je důležité být obezřetný. Pokud navštívíte Sofii, doporučujeme se pohybovat hlavně ve frekventovaných oblastech a v nočních hodinách využívat oficiální taxislužby nebo sdílené přepravní aplikace. Město nabízí mnoho zajímavostí, jako je ikonická katedrála Alexandra Něvského, Národní historické muzeum a malebné parky, které stojí za to objevit. Případ napadení bezpečnostního pracovníka v Sofii je nejen varováním, ale také příležitostí k zamyšlení nad tím, jak důležité je zajistit bezpečnost pro všechny obyvatele i návštěvníky města. Ať už cestujete do Bulharska za historií, přírodou nebo odpočinkem na pláži, je dobré být informovaný a připravený na různé situace. Sofie zůstává fascinující destinací, která má co nabídnout, a incidenty jako tento by neměly odradit od objevování jejího kouzla.","1","719","6","0","","0","/C:/Program Files/Git/uploads/2023/07/header-image-2-1.jpg","","missing_twitter_card;article_missing_article_schema","17567"
"/brutalni-utok-v-sofii-otrasl-zemi/","""Brutální útok v Sofii otřásl zemí"" - Visit Bulharsko","53","**Brutální útok v Sofii: Šokující incident odhalil zranitelnost zdravotnického personálu a společenské napětí v Bulharsku**","123","https://visitbulharsko.cz/C:/Program Files/Git/brutalni-utok-v-sofii-otrasl-zemi/","1","„Brutální útok v Sofii otřásl zemí“ Luke Palm · 3. ledna 2025 · 2 min čtení Brutální útok v Sofii: Šokující incident odhalil zranitelnost zdravotnického personálu a společenské napětí v Bulharsku (window.adsbygoogle = window.adsbygoogle || []).push({}); ADS / reklamní prostor v článku Sofia, hlavní město Bulharska, se v posledních dnech stalo svědkem šokujícího incidentu, který otřásl nejen místní komunitou, ale i širší veřejností. V centru pozornosti je brutální útok na zaměstnance tamní záchranné služby, který vyvolal otázky ohledně bezpečnosti zdravotnického personálu a celkové kultury násilí v zemi. Co se vlastně stalo a jaké důsledky může mít tento incident pro bulharskou společnost? Ve středu večer, kolem půl jedenácté, došlo k násilnému útoku na 59letého bezpečnostního pracovníka, který sloužil v Centru pro urgentní lékařskou pomoc v Sofii. Podle dostupných informací byl muž napaden a zbit skupinou útočníků přímo v areálu zdravotnického zařízení. Policie naštěstí zasáhla rychle a všechny podezřelé se podařilo zadržet. Motiv činu zůstává zatím nejasný, ale incident již vyvolal širokou vlnu reakcí od lékařů, politiků i veřejnosti. Podle svědků byl útok mimořádně brutální a vyvolal strach mezi zaměstnanci záchranné služby. Ti již dříve upozorňovali na zvyšující se agresivitu pacientů nebo jejich doprovodu, která se stává běžnou součástí jejich každodenní práce. Tento konkrétní případ však překročil hranice běžných konfliktů a znovu upozornil na nedostatečná opatření k ochraně zdravotnického personálu. Bulharská média spekulují o tom, že k útoku mohlo dojít v důsledku frustrace nebo nespokojenosti s poskytovanou péčí. Přestože je Bulharsko známé svou kvalitní zdravotní péčí za nízké ceny, systém čelí dlouhodobým problémům, jako je nedostatek personálu, přepracovanost a zastaralé vybavení. Tyto faktory mohou snadno vyvolat napětí mezi pacienty a zdravotníky, které někdy eskaluje do fyzických konfliktů. Reakce na tento incident na sebe nenechaly dlouho čekat. Odbory zdravotnických pracovníků vyzvaly k okamžitým opatřením na zvýšení bezpečnosti v nemocnicích a dalších zdravotnických zařízeních. Mezi návrhy patří zavedení kamerových systémů, přítomnost policie na rizikových místech a přísnější tresty pro útočníky. Ministr zdravotnictví také slíbil, že situaci prošetří a zajistí nápravu, aby se podobné případy neopakovaly. Pro turisty, kteří plánují cestu do Bulharska, je tento incident připomínkou, že i v oblíbených destinacích se mohou objevit problémy, které nejsou na první pohled viditelné. Turismus v Bulharsku se tradičně soustředí na krásné pláže, historické památky a přírodní krásy, ale i zde existují výzvy, kterým čelí místní obyvatelé. Pokud se rozhodnete navštívit Sofii, stojí za to se zamyslet nad tím, jaké problémy současné Bulharsko řeší, a pokusit se lépe pochopit místní kulturu a společenské souvislosti. Sofia je fascinující město, které nabízí směsici historie, moderní architektury a rušného městského života. Přestože tento incident vrhá stín na jinak pohostinnou a přátelskou atmosféru města, neměl by odradit turisty od návštěvy. Naopak, může být podnětem k zamyšlení nad tím, jak každý z nás může přispět k respektu a porozumění, ať už doma nebo v zahraničí.","1","726","6","0","","0","/C:/Program Files/Git/uploads/2023/07/header-image-2-1.jpg","","missing_twitter_card;article_missing_article_schema","17646"
"/bulharska-unique-estates-miri-do-dubaje/","**Bulharská Unique Estates míří do Dubaje** - Visit Bulharsko","61","Bulharská realitní společnost Unique Estates vstupuje na globální trh: Partnerství s dubajskou agenturou přináší nové investiční příležitosti","141","https://visitbulharsko.cz/C:/Program Files/Git/bulharska-unique-estates-miri-do-dubaje/","1","Bulharská Unique Estates míří do Dubaje Luke Palm · 23. března 2025 · 2 min čtení Bulharská realitní společnost Unique Estates vstupuje na globální trh: Partnerství s dubajskou agenturou přináší nové investiční příležitosti (window.adsbygoogle = window.adsbygoogle || []).push({}); ADS / reklamní prostor v článku Bulharská realitní společnost Unique Estates se rozhodla pro odvážný krok a vstoupila na mezinárodní trh. Spojila své síly s dubajskou agenturou Savoir Prive Properties, která se specializuje na luxusní nemovitosti. Tento strategický krok otevírá nové možnosti pro investory i zájemce o prestižní bydlení v atraktivních destinacích. Co přinese toto partnerství a jaké výhody z něj plynou pro klienty? Bulharská společnost Unique Estates, která je součástí realitní skupiny Realto Group, oznámila významnou expanzi na mezinárodní trh. Tato agentura, známá svou specializací na luxusní nemovitosti, získala podíl v dubajské firmě Savoir Prive Properties. Tímto krokem se stala součástí prestižního trhu s exkluzivními rezidencemi v jedné z nejdynamičtějších metropolí světa. Dohoda o partnerství byla podepsána v Sofii a znamená, že dubajská společnost bude nově fungovat pod značkou Savoir I Unique Estates. Tento krok je součástí širší strategie rozšíření nabídky a oslovení nových klientů na klíčových trzích, jako jsou Čína, Indie a Rumunsko. Cílem je nejen rozšíření portfolia nemovitostí, ale také vytvoření silnějšího propojení mezi evropskými a blízkovýchodními investory. Dubaj je dlouhodobě považován za jedno z nejatraktivnějších míst pro investice do nemovitostí. Luxusní apartmány s výhledem na ikonické stavby, exkluzivní vily u pláže a moderní rezidenční komplexy přitahují investory z celého světa. Partnerství mezi Unique Estates a Savoir Prive Properties umožní bulharským zájemcům snadnější přístup k těmto prestižním nemovitostem a zároveň otevře dveře dubajským investorům na bulharský trh. Tento krok přichází v době, kdy roste poptávka po luxusních rezidencích nejen v Dubaji, ale i v dalších atraktivních lokalitách. Spolupráce mezi těmito dvěma realitními agenturami přinese klientům širší výběr nemovitostí a profesionální servis na nejvyšší úrovni. Spojení odborných znalostí a zkušeností obou firem vytvoří silnou síť, která bude schopna reagovat na potřeby náročných zákazníků hledajících exkluzivní bydlení. Bulharsko se tak stává stále zajímavějším hráčem na poli mezinárodních realitních investic. Díky tomuto partnerství mohou bulharští investoři snáze vstupovat na dubajský trh a využívat jeho dynamického růstu. Zároveň se očekává, že se zvýší zájem o luxusní nemovitosti v Bulharsku ze strany zahraničních klientů, což může přinést další rozvoj a investiční příležitosti. Expanze Unique Estates na dubajský trh je jasným signálem, že bulharské realitní společnosti mají ambice a potenciál prosadit se na globální úrovni. Tento krok otevírá nové možnosti nejen pro investory, ale i pro ty, kteří hledají exkluzivní bydlení v některé z nejprestižnějších destinací světa.","1","685","6","0","","0","/C:/Program Files/Git/uploads/2023/07/header-image-2-1.jpg","","missing_twitter_card;article_missing_article_schema","17421"
"/bulharsko-bez-starosti-co-potrebujete-vedet-o-celnich-a-devizovych-predpisech/","Bulharsko bez starostí: Co potřebujete vědět o celních a devizových předpisech - Visit Bulharsko","96","Plánujete dovolenou v Bulharsku a nejste si jisti, jaké celní a devizové předpisy vás čekají? Pojďme se společně podívat na základní pravidla, která vám usnadní cestu a pomohou předejít nepříjemnostem. Bezcelní dovoz a vývoz osobních věcí Jako občané Evropské unie máte při cestování do Bulharska možnost dovézt si osobní věci bez cla, pokud jejich množství [&hellip;]","368","https://visitbulharsko.cz/C:/Program Files/Git/bulharsko-bez-starosti-co-potrebujete-vedet-o-celnich-a-devizovych-predpisech/","1","Bulharsko bez starostí: Co potřebujete vědět o celních a devizových předpisech Luke Palm · 3. ledna 2025 · 2 min čtení Plánujete dovolenou v Bulharsku a nejste si jisti, jaké celní a devizové předpisy vás čekají? Pojďme se společně podívat na základní pravidla, která vám usnadní cestu a pomohou předejít nepříjemnostem. Bezcelní dovoz a vývoz osobních věcí Jako občané Evropské unie máte při cestování do Bulharska možnost dovézt si osobní věci bez cla, pokud jejich množství […] (window.adsbygoogle = window.adsbygoogle || []).push({}); ADS / reklamní prostor v článku Plánujete dovolenou v Bulharsku a nejste si jisti, jaké celní a devizové předpisy vás čekají? Pojďme se společně podívat na základní pravidla, která vám usnadní cestu a pomohou předejít nepříjemnostem. Bezcelní dovoz a vývoz osobních věcí Jako občané Evropské unie máte při cestování do Bulharska možnost dovézt si osobní věci bez cla, pokud jejich množství a hodnota nenaznačují obchodní účely. To znamená, že běžné předměty pro osobní potřebu nejsou problém. U alkoholických a tabákových výrobků platí liberálnější režim, avšak vždy je dobré mít na paměti přiměřenost množství. Deklarace cenných předmětů Pokud s sebou vezete dražší elektroniku, šperky nebo jiné cennosti, doporučuje se je při vstupu do země deklarovat. To vám může ušetřit komplikace při případné kontrole. Zvláštní pozornost věnujte starožitnostem; jejich dovoz a vývoz podléhá specifickým předpisům a může vyžadovat zvláštní povolení. Finanční prostředky Převážíte-li hotovost nebo šeky v hodnotě přesahující 10 000 eur, je nutné tyto prostředky deklarovat při vstupu či výstupu ze země. Toto opatření je v souladu s nařízením EU o kontrole peněžních prostředků a jeho cílem je předcházet praní špinavých peněz a financování terorismu. Dovoz vozidel Pokud plánujete cestovat do Bulharska vlastním vozem registrovaným v EU a váš pobyt nepřesáhne šest měsíců, není třeba vozidlo v Bulharsku registrovat. Po uplynutí této doby byste však měli zvážit registraci vozidla podle místních předpisů. Postihy za porušení předpisů Bulharsko bere porušení celních a devizových předpisů velmi vážně. Kromě vysokých pokut může dojít k zabavení nedeklarovaného zboží či finančních prostředků a v některých případech i k zahájení trestního řízení. Při zvláště závažných porušeních může být zabaven i dopravní prostředek, kterým bylo zboží přepravováno. Praktické tipy na závěr Přiměřenost množství: Při dovozu zboží pro osobní potřebu se řiďte zásadou přiměřenosti. Například u alkoholu a tabáku platí určité limity, které je dobré dodržovat. Deklarace cenností: Máte-li s sebou cenné předměty, deklarujte je při vstupu do země, abyste předešli možným problémům. Hotovost: Převážíte-li více než 10 000 eur, nezapomeňte tuto částku deklarovat. Informace před cestou: Před odjezdem si ověřte aktuální informace u příslušných úřadů nebo na oficiálních webových stránkách, například na stránkách Ministerstva zahraničních věcí ČR. Dodržováním těchto pravidel si zajistíte bezproblémový průběh vaší dovolené v Bulharsku. Aktuální informace si můžete zjistit ZDE na stránkách ministerstva zahraničních věcí. Šťastnou cestu!","1","820","6","0","","0","/C:/Program Files/Git/uploads/hermes/bulharsko-bez-starosti-co-potrebujete-vedet-o-celnich-a-devizovych-predpisech.png","","long_title;long_meta_description;missing_twitter_card;article_missing_article_schema","19547"
"/bulharsko-celi-nedostatku-vody/","Bulharsko čelí nedostatku vody - Visit Bulharsko","48","**Bulharsko čelí nedostatku vody: Co to znamená pro turisty i místní?**","71","https://visitbulharsko.cz/C:/Program Files/Git/bulharsko-celi-nedostatku-vody/","1","Bulharsko čelí nedostatku vody Luke Palm · 12. března 2025 · 1 min čtení Bulharsko čelí nedostatku vody: Co to znamená pro turisty i místní? (window.adsbygoogle = window.adsbygoogle || []).push({}); ADS / reklamní prostor v článku Bulharsko je oblíbenou destinací pro letní dovolenou, ale co když vám řekneme, že některé oblasti země mohou letos čelit problémům s vodou? Podle nejnovějších údajů jsou zásoby v přehradách, které zásobují obyvatelstvo pitnou vodou, nižší než loni. Nejhorší situace je v okolí měst Pernik, Montana a Varna. Jaké jsou příčiny tohoto poklesu a co to znamená pro turisty i místní obyvatele? Podle údajů bulharského Ministerstva životního prostředí a vod jsou zásoby vody v hlavních přehradách o 13 % nižší než ve stejném období loňského roku. Některé z nich jsou dokonce dvakrát až třikrát prázdnější než před deseti lety. I když jarní tání ještě zcela neskončilo, odborníci upozorňují, že situace je znepokojivá. Mezi nejvíce postižené oblasti patří okolí měst Pernik, Montana a Varna, kde jsou zásoby vody na kritické úrovni. Hlavním důvodem tohoto poklesu jsou především nižší srážky a dlouhodobé sucho, které Bulharsko sužuje poslední roky. K tomu se přidává i zvýšená spotřeba vody, zejména v letních měsících, kdy roste počet turistů. Varna, oblíbená přímořská destinace, je jedním z měst, kde může být situace nejvíce problematická. Pokud se zásoby vody v přehradách neobnoví, mohou být zavedeny restrikce, které by mohly ovlivnit jak místní obyvatele, tak i návštěvníky. Přestože bulharské úřady ujišťují, že zatím není důvod k panice, doporučují turistům i místním, aby vodou neplýtvali. Hotely a rekreační zařízení se již připravují na možná omezení a nabádají hosty k šetrnému zacházení s vodou. Pokud plánujete cestu do Bulharska, zejména do oblastí u Černého moře, může být dobré informovat se o aktuální situaci a případných opatřeních. Navzdory těmto problémům zůstává Bulharsko atraktivní destinací s krásnými plážemi, historickými památkami a přívětivými cenami. Pokud se situace s vodou nezhorší, letní sezóna by měla probíhat bez větších komplikací. Přesto je dobré mít na paměti, že voda je cenný zdroj a její šetření pomůže nejen místním, ale i vám, pokud se rozhodnete strávit dovolenou právě zde.","1","605","6","0","","0","/C:/Program Files/Git/uploads/2023/07/header-image-2-1.jpg","","short_meta_description;missing_twitter_card;article_missing_article_schema","16364"
"/bulharsko-meni-dalnicni-priority/","**Bulharsko mění dálniční priority** - Visit Bulharsko","54","**Bulharsko mění plány: Klíčová dálnice k srbské hranici dostává přednost**","75","https://visitbulharsko.cz/C:/Program Files/Git/bulharsko-meni-dalnicni-priority/","1","Bulharsko mění dálniční priority Luke Palm · 12. března 2025 · 2 min čtení Bulharsko mění plány: Klíčová dálnice k srbské hranici dostává přednost (window.adsbygoogle = window.adsbygoogle || []).push({}); ADS / reklamní prostor v článku Bulharská dálniční síť prochází významnými změnami, které mohou ovlivnit nejen domácí dopravu, ale i cestování turistů. Vláda se rozhodla přesměrovat 87 milionů eur původně určených na výstavbu dálnice mezi Ruse a Veliko Tarnovo na dokončení klíčového spojení mezi Sofií a srbskou hranicí. Toto rozhodnutí vyvolalo rozporuplné reakce – zatímco jedni jej považují za logický krok k záchraně evropských fondů, jiní kritizují zpomalení prací na důležité trase spojující sever Bulharska se zbytkem země. Jaké dopady to bude mít na cestování a proč se vláda rozhodla upřednostnit právě tuto dálnici? Dálniční projekt „Evropa“, který propojí Sofii s hraničním přechodem Kalotina, má strategický význam nejen pro Bulharsko, ale i pro celou jihovýchodní Evropu. Tato trasa je součástí širšího evropského dopravního koridoru, který usnadní spojení mezi balkánskými státy a západní Evropou. Poslední úsek mezi Sofií a Slivnicí by měl být dokončen na podzim roku 2025, čímž se výrazně zlepší plynulost dopravy mezi Bulharskem a Srbskem. Pro turisty to znamená rychlejší a pohodlnější cestu při cestování autem směrem na Balkán. Přesměrování financí však přináší komplikace pro jiný důležitý projekt – dálnici mezi Ruse a Veliko Tarnovo. Tato trasa měla zlepšit spojení mezi severním Bulharskem a centrální částí země, což by usnadnilo dopravu nejen místním obyvatelům, ale i turistům přijíždějícím přes Dunaj z Rumunska. Ruse je významným dopravním uzlem a jeho spojení s Veliko Tarnovo by mohlo přinést ekonomický rozvoj celému regionu. Odsunutí financování tohoto úseku tak může zpomalit rozvoj turistického ruchu v severní části země. Bulharská vláda zdůvodňuje své rozhodnutí nutností využít evropské fondy včas, jinak by hrozilo jejich propadnutí. Dokončení dálnice „Evropa“ je proto prioritou, protože se jedná o projekt, který je již v pokročilé fázi výstavby a jeho dokončení je reálné v nejbližších letech. Vláda argumentuje tím, že pokud by finance zůstaly na původně plánovaném projektu Ruse – Veliko Tarnovo, hrozilo by, že nebudou plně využity v předepsaném termínu. Pro cestovatele, kteří plánují cestu do Bulharska autem, bude dokončení dálnice „Evropa“ znamenat výrazné zlepšení dopravní dostupnosti. Sofie bude mít přímé a moderní spojení se Srbskem, což zkrátí čas strávený na cestě a zvýší bezpečnost dopravy. Na druhou stranu, pro ty, kteří by chtěli objevovat severní část Bulharska, může být zpoždění výstavby úseku Ruse – Veliko Tarnovo nepříjemnou zprávou, jelikož současné silnice v této oblasti nejsou v ideálním stavu. Přestože rozhodnutí vlády má své opodstatnění, vyvolává otázky ohledně priorit v rozvoji dálniční sítě. Bulharsko se nachází v procesu modernizace své infrastruktury a je zřejmé, že ne všechny projekty mohou být realizovány současně. Pro turisty směřující do Bulharska autem je však pozitivní, že se blíží dokončení klíčové trasy, která zlepší propojení se západní Evropou. Jak se situace vyvine s dálnicí Ruse – Veliko Tarnovo, ukáže až čas.","1","733","6","0","","0","/C:/Program Files/Git/uploads/2023/07/header-image-2-1.jpg","","short_meta_description;missing_twitter_card;article_missing_article_schema","17500"
"/bulharsko-ocima-parizana-kouzlo-kultury-a-komunikace/","""Bulharsko očima Pařížana: Kouzlo kultury a komunikace"" - Visit Bulharsko","73","„Bulharsko očima Paříže: Spojení autenticity a elegance, které vás překvapí“","76","https://visitbulharsko.cz/C:/Program Files/Git/bulharsko-ocima-parizana-kouzlo-kultury-a-komunikace/","1","„Bulharsko očima Pařížana: Kouzlo kultury a komunikace“ Luke Palm · 3. ledna 2025 · 2 min čtení „Bulharsko očima Paříže: Spojení autenticity a elegance, které vás překvapí“ (window.adsbygoogle = window.adsbygoogle || []).push({}); ADS / reklamní prostor v článku Představte si, že byste mohli nahlédnout na bulharskou kulturu a komunikaci očima z Paříže – města světel, elegance a neustálého pohybu. Co se stane, když porovnáme dva zdánlivě vzdálené světy? Bulharsko, země s bohatou historií a tradicemi, a Francie, synonymum pro šarm a inovace. Přestože je od sebe dělí přes dvě tisícovky kilometrů, jejich komunikační prostředí mají mnohem více společného, než by se na první pohled mohlo zdát. Připravte se na nečekané souvislosti, kontrasty a inspirativní pohledy, které vám možná otevřou nový úhel pohledu na Bulharsko a jeho místo ve světě. Bulharský komunikační trh se poslední roky dynamicky rozvíjí, přičemž čelí podobným výzvám jako ten francouzský. Omezené rozpočty, inflace, rostoucí náklady na velké události a nedostatek mladých talentů – to vše jsou problémy, které rezonují napříč Evropou, ať už jde o Sofii nebo Paříž. Přesto je zde rozdíl v přístupu. Zatímco ve Francii je marketing často synonymem pro kreativitu a sofistikovanost, v Bulharsku se stále více prosazuje pragmatismus a orientace na efektivitu. Tato kontrastní dynamika však nabízí zajímavé příležitosti pro obě strany. Jedním z důležitých aspektů bulharské komunikace je její schopnost čerpat z bohaté národní kultury a historie. V této malé balkánské zemi, která je domovem starověkých thráckých pokladů, klášterů ukrytých v horách a oslnivého Černého moře, je kultura hluboce zakořeněná v každodenním životě. To se odráží i v marketingových kampaních, které často zdůrazňují autenticitu a spojení s tradicemi. Například místní značky se často obracejí k folklóru a tradičním řemeslům, aby oslovily publikum nejen doma, ale i v zahraničí. Tento přístup se stává stále populárnějším i mezi turisty, kteří touží objevit „pravé Bulharsko“ – mimo turistické rezorty a pláže. Francouzský pohled na bulharskou komunikaci však odhaluje i jisté rezervy. Zatímco v Paříži je kladen velký důraz na vizuální dokonalost a storytelling, v Bulharsku se někdy zdá, že chybí odvaha experimentovat. Místní firmy se často drží osvědčených postupů, což může být na jednu stranu bezpečné, na druhou stranu to ale omezuje jejich schopnost prorazit na mezinárodní scéně. Francouzský trh by tak mohl pro bulharské značky představovat inspiraci, jak propojit tradiční hodnoty s moderními trendy a oslovit širší publikum. Na druhé straně má Bulharsko co nabídnout i samotné Francii. Díky své cenové dostupnosti a rostoucí popularitě mezi evropskými turisty se stává atraktivním nejen jako turistická destinace, ale i jako trh pro zahraniční investory. Sofie, Plovdiv nebo Varna – tato města nejenže lákají návštěvníky svými historickými památkami a kulturními akcemi, ale také se stávají centry pro mezinárodní spolupráci. A právě zde může bulharská komunikace najít svůj nový směr – propojením místní autenticity s globálními trendy. Bulharsko a Francie jsou tedy dvě země, které se navzájem mohou mnohému naučit. Zatímco Bulharsko by mohlo převzít část francouzské elegance a inovace, Francie by mohla ocenit bulharskou autenticitu a schopnost čerpat z hlubokých kulturních kořenů. A pro cestovatele, kteří hledají inspiraci, je toto spojení skvělou příležitostí, jak objevit Bulharsko z nové perspektivy. Takže až příště budete plánovat dovolenou, zkuste se podívat na tuto balkánskou zemi očima Pařížana – možná vás překvapí, jak blízko má k francouzskému šarmu.","1","796","6","0","","0","/C:/Program Files/Git/uploads/2023/07/header-image-2-1.jpg","","long_title;short_meta_description;missing_twitter_card;article_missing_article_schema","18029"
"/bulharsko-poklad-pro-milovniky-vina/","""Bulharsko: Poklad pro milovníky vína"" - Visit Bulharsko","56","&#8222;Bulharské vinice: Skrytý poklad pro milovníky vína, kultury a dobrodružství&#8220;","89","https://visitbulharsko.cz/C:/Program Files/Git/bulharsko-poklad-pro-milovniky-vina/","1","„Bulharsko: Poklad pro milovníky vína“ Luke Palm · 5. ledna 2025 · 2 min čtení „Bulharské vinice: Skrytý poklad pro milovníky vína, kultury a dobrodružství“ (window.adsbygoogle = window.adsbygoogle || []).push({}); ADS / reklamní prostor v článku Pokud byste hledali destinaci, která spojuje dobrodružství, kulturu a jedinečné gastronomické zážitky, možná by vás překvapilo, že odpovědí je Bulharsko. Tato země, známá především svými slunečnými plážemi a historickými památkami, má však co nabídnout i milovníkům vína. Podle odborníka na víno Ivajla Katerského se vinařská turistika v Bulharsku pomalu, ale jistě stává lákavou volbou pro ty, kteří hledají autentické zážitky mimo vyšlapané cesty. Jaké jsou však výzvy a možnosti vinařské turistiky v zemi, kterou si mnoho turistů spojuje spíše s mořem než s vinicemi? Ivajlo Katerski je jedním z předních odborníků na bulharská vína a vášnivým propagátorem vinařské turistiky. Jeho láska k vínu začala už v mládí a postupně přerostla v profesní dráhu, která ho zavedla k organizaci vinařských akcí a propagaci bulharských vinic mezi zahraničními turisty. Podle Katerského má Bulharsko co nabídnout nejen díky kvalitním vínům, ale také díky své rozmanité krajině a bohaté historii spojené s vinařstvím. „Vinařský turista, který přijíždí do Bulharska, je obvykle dobrodruh. Hledá něco jiného, autentického, a to Bulharsko rozhodně nabízí,“ říká Katerski. Jedním z největších problémů, kterým čelí rozvoj vinařské turistiky v Bulharsku, je však infrastruktura. Mnoho vinic se nachází v odlehlých oblastech, kam je obtížné se dostat bez vlastního automobilu. Organizované zájezdy jsou zatím spíše výjimkou, což může odradit zahraniční návštěvníky, kteří spoléhají na snadnou dostupnost. Dalším problémem je nedostatek ubytovacích kapacit v blízkosti vinařství. „Turisté často nemají možnost zůstat přes noc poblíž vinic, což omezuje jejich zážitek,“ vysvětluje Katerski. Na druhou stranu, právě tyto výzvy mohou přitahovat určitou skupinu turistů, kteří hledají dobrodružství a autenticitu. Bulharská vinařství nabízejí nejen ochutnávky vín, ale často také prohlídky vinic, přednášky o výrobě vína a možnost ochutnat místní speciality. Regiony jako Melnik, Thrácká nížina nebo údolí Struma jsou známé svými jedinečnými odrůdami, které nelze najít nikde jinde na světě. Například červené víno Melnik 55, vyráběné z místní odrůdy hroznů, je považováno za jedno z nejlepších v zemi. Důležitou součástí vinařské turistiky je také kultura a historie. Bulharsko má tisíciletou tradici vinařství, sahající až do dob Thráků. Návštěva vinic tak často zahrnuje i objevování archeologických lokalit, starobylých klášterů nebo tradičních vesnic. Tato kombinace vína, historie a přírody dělá z Bulharska ideální destinaci pro ty, kteří chtějí uniknout turistickým davům a zažít něco opravdu výjimečného. Podle Katerského je klíčem k rozvoji vinařské turistiky lepší propagace a investice do infrastruktury. „Cizinci často ani netuší, že Bulharsko má tak skvělá vína. Je třeba více pracovat na tom, aby se informace dostaly k potenciálním návštěvníkům,“ říká. Zároveň však dodává, že právě současná neokázalost a autenticita bulharských vinic jsou to, co mnohé turisty přitahuje. Pokud tedy plánujete svou příští dovolenou a hledáte něco, co spojuje přírodu, kulturu a gastronomii, možná byste měli zvážit návštěvu bulharských vinic. Nejenže objevíte skvělá vína, ale také zažijete zemi zcela jiným způsobem, než jak ji znáte z pohlednic a katalogů cestovních kanceláří. Možná vás překvapí, jak blízko máte ke skutečnému vinařskému dobrodružství.","1","774","6","0","","0","/C:/Program Files/Git/uploads/2023/07/header-image-2-1.jpg","","short_meta_description;missing_twitter_card;article_missing_article_schema","17987"
"/bulharsko-pomaha-obetem-pozaru/","**Bulharsko pomáhá obětem požáru** - Visit Bulharsko","52","Bulharsko podává pomocnou ruku: Zranění z tragického požáru v Kičevu přepraveni do předních nemocnic","100","https://visitbulharsko.cz/C:/Program Files/Git/bulharsko-pomaha-obetem-pozaru/","1","Bulharsko pomáhá obětem požáru Luke Palm · 17. března 2025 · 1 min čtení Bulharsko podává pomocnou ruku: Zranění z tragického požáru v Kičevu přepraveni do předních nemocnic (window.adsbygoogle = window.adsbygoogle || []).push({}); ADS / reklamní prostor v článku Bulharsko ukázalo svou solidaritu se Severní Makedonií, když nabídlo lékařskou pomoc obětem tragického požáru v Kičevu. Tento nešťastný incident, který si vyžádal desítky obětí a mnoho zraněných, otřásl celým regionem. Bulharská vláda okamžitě vyslala vojenský letoun „Spartan“, aby přepravil čtrnáct těžce zraněných do nemocnic v Sofii a Varně. Co vedlo k této tragédii a jak přesně Bulharsko pomáhá svému sousedovi? Požár vypukl v nočním klubu ve městě Kičevo, kde se v tu dobu nacházelo velké množství lidí. Svědci popisují rychlé šíření plamenů a paniku mezi návštěvníky. Přestože hasiči dorazili na místo co nejrychleji, plameny už si vyžádaly desítky životů a mnoho dalších osob utrpělo vážné popáleniny. Vzhledem k omezeným kapacitám severomakedonských nemocnic se okamžitě začalo hledat řešení, jak pomoci těm, kteří potřebovali specializovanou lékařskou péči. Bulharský premiér Rosén Železňakov okamžitě reagoval a oznámil, že Bulharsko je připraveno přijmout zraněné do svých nemocnic. Vojenský letoun „Spartan“ byl vyslán, aby transportoval čtrnáct pacientů, kteří utrpěli nejvážnější zranění. Ti byli převezeni do sofijských a varnských nemocnic, kde se jim dostane nejlepší možné péče. Bulharské zdravotnické úřady zajistily veškerou potřebnou logistiku, aby byl přesun pacientů co nejrychlejší a nejbezpečnější. Tento krok Bulharska ukazuje nejen solidaritu mezi sousedními státy, ale také vysokou úroveň zdravotnických služeb, které země poskytuje. Sofijské i varnské nemocnice jsou vybavené moderními technologiemi a zkušenými specialisty na léčbu popálenin, což dává naději na záchranu co největšího počtu pacientů. Tento čin posiluje vztahy mezi Bulharskem a Severní Makedonií a ukazuje, že v těžkých chvílích mohou státy spolupracovat bez ohledu na historické spory. Bulharsko se tak opět ukazuje jako země, která nejen láká turisty svými krásnými plážemi a historickými památkami, ale také jako stát, který je připraven pomoci v krizových situacích. Tento příběh je připomínkou toho, že kromě dovolené a odpočinku existují i momenty, kdy se ukazuje skutečná lidská solidarita.","1","596","6","0","","0","/C:/Program Files/Git/uploads/2023/07/header-image-2-1.jpg","","missing_twitter_card;article_missing_article_schema","16571"
"/bulharsko-posiluje-energetickou-nezavislost/","**Bulharsko posiluje energetickou nezávislost** - Visit Bulharsko","65","Bulharsko na cestě k energetické nezávislosti: Plánuje průzkum plynu v Černém moři","82","https://visitbulharsko.cz/C:/Program Files/Git/bulharsko-posiluje-energetickou-nezavislost/","1","Bulharsko posiluje energetickou nezávislost Luke Palm · 17. března 2025 · 2 min čtení Bulharsko na cestě k energetické nezávislosti: Plánuje průzkum plynu v Černém moři (window.adsbygoogle = window.adsbygoogle || []).push({}); ADS / reklamní prostor v článku Bulharsko se chystá posílit svou energetickou nezávislost a zapojit se do průzkumu plynových zásob v Černém moři. Bulharský energetický holding (BEH) plánuje získat desetiprocentní podíl v projektu na průzkum a těžbu zemního plynu v oblasti Han Asparuh. Tato lokalita se nachází nedaleko rumunského naleziště Neptun Deep, kde má těžba začít již v roce 2027. Pokud se záměr uskuteční, Bulharsko by mohlo získat nový zdroj plynu a snížit svou závislost na dovozu. Co tento krok znamená pro budoucnost bulharské energetiky a jaké jsou jeho širší dopady? Ministerstvo energetiky Bulharska zahájilo jednání s hlavními akcionáři projektu Han Asparuh, mezi které patří francouzská společnost TotalEnergies a rakousko-rumunská OMV Petrom. Cílem je umožnit vstup státního energetického holdingu BEH s podílem kolem deseti procent. Tento krok vychází z rozhodnutí bulharského parlamentu z roku 2023, který pověřil ministerstvo, aby jednalo o získání až dvacetiprocentního podílu v této strategické oblasti. Oblast Han Asparuh se nachází v hlubokých vodách Černého moře a je považována za perspektivní naleziště zemního plynu. Nedaleké rumunské pole Neptun Deep, kde se plánuje zahájení těžby v roce 2027, naznačuje, že i bulharská část moře by mohla skrývat významné zásoby plynu. Pokud by se průzkum ukázal jako úspěšný, Bulharsko by mohlo získat vlastní zdroj této strategické suroviny a snížit svou závislost na dovozu, především z Ruska. Vstup BEH do projektu by mohl přinést Bulharsku nejen ekonomické výhody, ale i větší energetickou bezpečnost. Země se v posledních letech snaží diverzifikovat své energetické zdroje a snížit závislost na ruském plynu, což se ukázalo jako klíčové zejména po událostech posledních let v Evropě. Pokud by těžba v Han Asparuh byla úspěšná, mohlo by to znamenat stabilnější ceny energií pro domácnosti i podniky a snížení potřeby dovozu. Bulharsko se v posledních letech snaží aktivně rozvíjet svou energetickou infrastrukturu a hledá nové možnosti, jak zajistit stabilní dodávky plynu. Kromě průzkumu v Černém moři se země zapojuje i do projektů na rozšíření plynovodní sítě a posiluje spolupráci se sousedními státy. Vstup BEH do tohoto projektu tak zapadá do širší strategie bulharské vlády na posílení energetické nezávislosti. Pro běžné obyvatele Bulharska by úspěšná těžba mohla znamenat nejen stabilnější ceny energií, ale i nové investice do infrastruktury a rozvoj regionů souvisejících s energetickým sektorem. Navíc by se Bulharsko mohlo stát důležitým hráčem na energetickém trhu v jihovýchodní Evropě. Ačkoliv je projekt zatím ve fázi jednání, jeho realizace by mohla mít významný dopad na budoucnost bulharské energetiky. Pokud se potvrdí, že v oblasti Han Asparuh jsou skutečně významné zásoby plynu, mohlo by to znamenat zásadní změnu v energetické strategii celé země. Jak se situace vyvine, ukážou následující měsíce.","1","723","6","0","","0","/C:/Program Files/Git/uploads/2023/07/header-image-2-1.jpg","","short_meta_description;missing_twitter_card;article_missing_article_schema","17366"
"/bulharsko-primorsko/","Bulharsko Primorsko – Pláže, Zábava a Dovolená u Černého Moře","61","Primorsko – letovisko s nádhernými plážemi, živou atmosférou a skvělými možnostmi pro rodinnou dovolenou. Co vidět a proč navštívit? Čtěte!","139","https://visitbulharsko.cz/C:/Program Files/Git/bulharsko-primorsko/","1","Primorsko: Slunečný ráj pro každého cestovatele Luke Palm · 19. března 2025 · 2 min čtení Hledáte dokonalou letní destinaci? Primorsko v Bulharsku je skvělou volbou! Sluncem zalité pláže, křišťálově čisté moře, bohatá historie a živá atmosféra dělají z tohoto letoviska jedno z nejlepších míst pro dovolenou u Černého moře. Ať už jste milovníci relaxace, dobrodružství nebo objevování, v Primorsku najdete vše, co potřebujete. Jak se dostat do Primorska? Primorsko je […] (window.adsbygoogle = window.adsbygoogle || []).push({}); ADS / reklamní prostor v článku Hledáte dokonalou letní destinaci? Primorsko v Bulharsku je skvělou volbou! Sluncem zalité pláže, křišťálově čisté moře, bohatá historie a živá atmosféra dělají z tohoto letoviska jedno z nejlepších míst pro dovolenou u Černého moře. Ať už jste milovníci relaxace, dobrodružství nebo objevování, v Primorsku najdete vše, co potřebujete.","1","850","6","0","","0","/C:/Program Files/Git/uploads/2025/03/bulharsko-primorsko-scaled.webp","","missing_twitter_card;article_missing_article_schema","19695"
"/bulharsko-protestuje-za-zvirata/","**„Bulharsko protestuje za zvířata“** - Visit Bulharsko","55","Protest proti týrání zvířat: Bulhaři žádají spravedlnost a přísnější tresty","75","https://visitbulharsko.cz/C:/Program Files/Git/bulharsko-protestuje-za-zvirata/","1","„Bulharsko protestuje za zvířata“ Luke Palm · 23. března 2025 · 1 min čtení Protest proti týrání zvířat: Bulhaři žádají spravedlnost a přísnější tresty (window.adsbygoogle = window.adsbygoogle || []).push({}); ADS / reklamní prostor v článku Na první pohled je Bulharsko zemí slunce, moře a historických památek. Ale i zde se odehrávají události, které rezonují společností a ukazují její hodnoty. Dnes se v centru Sofie koná protest proti násilí na zvířatech, který upozorňuje na závažný případ týrání a zároveň klade otázku: Jak se společnost staví k ochraně těch nejzranitelnějších? Tento protest není jen o zvířatech – je o lidskosti a odpovědnosti. Dnešní shromáždění před budovou soudu v Sofii začíná v 11 hodin a nese silné poselství: „Podpoř – neignoruj! Dnes je to zvíře, zítra člověk!“ Organizátoři chtějí nejen vyjádřit nesouhlas s krutým zacházením se zvířaty, ale také upozornit na širší souvislosti násilí ve společnosti. Důvodem protestu je nedávno odhalený případ, kdy byla skupina mladých lidí přistižena při týrání zvířat. Díky zásahu policie a zapojení státního zastupitelství se podařilo případ zveřejnit, což vyvolalo vlnu pobouření. Bulharská společnost se v posledních letech stále více angažuje v otázkách ochrany zvířat. Přestože v zemi existují zákony proti týrání, jejich vymáhání je často nedostatečné. Protestující požadují přísnější tresty a důslednější vyšetřování podobných případů. Podle nich je násilí na zvířatech jen prvním krokem k agresi vůči lidem, a proto je důležité nepřehlížet ani zdánlivě „menší“ případy týrání. Téma ochrany zvířat je v Bulharsku stále aktuálnější. Mnoho místních i zahraničních turistů si všímá množství toulavých psů a koček v ulicích měst a letovisek. Zatímco některé organizace se snaží situaci zlepšit kastracemi a adopcemi, jiní upozorňují na případy krutosti a zanedbávání. Protest v Sofii je dalším krokem k tomu, aby se o těchto problémech více mluvilo a aby se společnost snažila hledat řešení. Pokud se chystáte do Bulharska, možná si všimnete, že vztah lidí ke zvířatům se mění. Přibývá útulků, kampaní za zodpovědné chování ke zvířatům a také tlak na úřady, aby přijaly účinnější opatření. Tento protest je důkazem, že si stále více lidí uvědomuje důležitost ochrany nejen kulturního dědictví a přírodních krás Bulharska, ale i živých bytostí, které tuto zemi obývají.","1","612","6","0","","0","/C:/Program Files/Git/uploads/2023/07/header-image-2-1.jpg","","short_meta_description;missing_twitter_card;article_missing_article_schema","16585"
"/bulharsko-revoluce-ve-zdravotni-peci/","""Bulharsko: Revoluce ve zdravotní péči"" - Visit Bulharsko","57","&#8222;Bulharsko na vzestupu: Revoluce ve zdravotnictví, která změní tvář země i cestování&#8220;","97","https://visitbulharsko.cz/C:/Program Files/Git/bulharsko-revoluce-ve-zdravotni-peci/","1","„Bulharsko: Revoluce ve zdravotní péči“ Luke Palm · 3. ledna 2025 · 2 min čtení „Bulharsko na vzestupu: Revoluce ve zdravotnictví, která změní tvář země i cestování“ (window.adsbygoogle = window.adsbygoogle || []).push({}); ADS / reklamní prostor v článku Věděli jste, že Bulharsko se může stát průkopníkem ve zdravotnictví díky ambiciózním projektům soukromých nemocnic? Plány na výstavbu dvou moderních zařízení, která by mohla změnit situaci v oblasti zdravotní péče, vyvolávají velkou debatu. Co ale takové projekty znamenají pro místní obyvatele, cestovatele a budoucnost bulharského zdravotnictví? Připravte se na fascinující pohled do zákulisí tohoto ambiciózního záměru. Bulharsko, země známá především svými krásnými plážemi, horskými oblastmi a bohatou historií, se nyní dostává do centra pozornosti díky plánům na výstavbu dvou velkých soukromých nemocnic. Tyto projekty, které připravuje společnost „Търговска лига“ (Obchodní liga), zahrnují dětskou nemocnici „Мама и аз“ (Mama a já) v hlavním městě Sofii a další zdravotnické zařízení s více než 500 lůžky v obci Kazichene, která se nachází nedaleko Sofie. Podle informací z bulharských médií se obě nemocnice zaměřují na poskytování špičkové zdravotní péče. Dětská nemocnice v Sofii má být specializovaná na léčbu nejmenších pacientů a nabídnout moderní diagnostické a léčebné metody. Pro rodiny s dětmi, které se rozhodnou navštívit Bulharsko, by tato nemocnice mohla představovat jistotu kvalitní péče v případě zdravotních komplikací během dovolené. Nemocnice v Kazichene naopak slibuje širokou škálu služeb pro dospělé pacienty, včetně moderních operačních sálů a specializovaných oddělení. Agentura „Медицински надзор“ (Lékařský dohled) nyní připravuje analýzu, která má vyhodnotit potřebu těchto nemocnic a jejich přínos pro bulharský zdravotní systém. Kritici se ptají, zda je v zemi s omezenými veřejnými zdroji a již existujícími problémy ve státním zdravotnictví prostor pro další soukromé iniciativy. Na druhé straně zastánci projektu argumentují, že soukromé nemocnice mohou zlepšit dostupnost moderní péče a přinést Bulharsku nové investice a pracovní místa. Pro cestovatele, kteří míří do Bulharska, by tyto nemocnice mohly znamenat další důvod k návštěvě této destinace. Kromě krásných pláží, hor a historických památek by Bulharsko mohlo nabídnout i jistotu kvalitní zdravotní péče, což je důležitý faktor zejména pro rodiny s dětmi či seniory. Sofie a její okolí, kam by druhá nemocnice měla být situována, navíc patří k oblastem, které stojí za objevování – od nádherných pravoslavných chrámů po přírodní rezervace a tradiční bulharskou kuchyni. Navzdory tomu, že jsou tyto projekty stále ve fázi plánování, již nyní vyvolávají diskuze o budoucnosti bulharského zdravotnictví. Pokud budou realizovány, mohou nejen zlepšit kvalitu života místních obyvatel, ale také zvýšit atraktivitu Bulharska jako turistické destinace. Pro cestovatele z České republiky, kteří hledají kombinaci přírodních krás, kulturního bohatství a dostupné péče, by to mohlo být dalším důvodem, proč zařadit Bulharsko na seznam svých příštích cest. Ať už se rozhodnete navštívit Bulharsko kvůli jeho sluncem zalitým plážím, majestátním horám nebo pulsujícímu městskému životu, jistota kvalitní zdravotní péče může být tím, co vám dodá klid při objevování této fascinující země. Vývoj kolem plánovaných nemocnic proto stojí za sledování – nejen pro místní obyvatele, ale i pro všechny zahraniční návštěvníky, kteří se chystají Bulharsko poznávat.","1","755","6","0","","0","/C:/Program Files/Git/uploads/2023/07/header-image-2-1.jpg","","short_meta_description;missing_twitter_card;article_missing_article_schema","17949"
"/bulharsko-se-neleti-z-dvojky/","Cestopis Bulharsko | Visitbulharsko.cz","38","První dojem po vystoupení: „Ty jo, mám hlad, co bych dal teď za ty řízky!“ Rozhlédl jsem se kolem a .. Dále čtěte na webu cestopis Bulharsko!","141","https://visitbulharsko.cz/C:/Program Files/Git/bulharsko-se-neleti-z-dvojky/","1","Bulharsko se jako neletí z dvojky? Luke Palm · 22. června 2023 · 6 min čtení Jako správný zkušený frajírek, kterému mimochodem ten rok uletěla dvě letadla, jsem se vydal tak nějak přesně na čas na letiště, abych neměl žádné prodlevy. Koho taky baví tam sedět a koukat kolem, že jo? Jako dopravní prostředek na letiště jsem zvolil autobus a vše přesně do posledního detailu naplánoval. No dobře kecám, kouknul jsem […] (window.adsbygoogle = window.adsbygoogle || []).push({}); ADS / reklamní prostor v článku Jako správný zkušený frajírek, kterému mimochodem ten rok uletěla dvě letadla, jsem se vydal tak nějak přesně na čas na letiště, abych neměl žádné prodlevy. Koho taky baví tam sedět a koukat kolem, že jo? Jako dopravní prostředek na letiště jsem zvolil autobus a vše přesně do posledního detailu naplánoval. No dobře kecám, kouknul jsem maximálně na čas zavření Gatu. Jaké pak pro mě tedy bylo překvapení, když jsem před letištěm otevřel appku a viděl: Bulharsko Varna Terminál 1. #noschengen Vystoupil jsem z autobusu a měl asi půlhodinku najít správné nástupní místo. Tak jsem si tak kráčel a najednou jsem zjistil, že vlastně vůbec nevím, kam jdu a to číslo, co mám na letence, asi taky nesouhlasí. „Oukej a kde jako byla nějaká odbočka?“ řekl jsem si. No co Vám budu povídat, na Gate jsem doběhl jen tak tak a do letadla směr Varna v poklidu nastoupil. (co vozím sebou si můžete přečíst zde)","1","1652","10","5","","0","/C:/Program Files/Git/uploads/hermes/bulharsko-se-neleti-z-dvojky.png","","missing_twitter_card;missing_alt_5;article_missing_article_schema","23442"
"/bulharsko-tradice-vs-inovace/","""Bulharsko: Tradice vs. inovace"" - Visit Bulharsko","50","**Bulharsko vs. Francie: Jak spojit tradice a moderní komunikaci pro globální úspěch?**","87","https://visitbulharsko.cz/C:/Program Files/Git/bulharsko-tradice-vs-inovace/","1","„Bulharsko: Tradice vs. inovace“ Luke Palm · 3. ledna 2025 · 2 min čtení Bulharsko vs. Francie: Jak spojit tradice a moderní komunikaci pro globální úspěch? (window.adsbygoogle = window.adsbygoogle || []).push({}); ADS / reklamní prostor v článku Představte si, že stojíte na rušné ulici v centru Paříže, obklopeni elegancí francouzské architektury, a přitom přemýšlíte o tom, jak může být bulharská kultura a komunikace vnímána z pohledu této kosmopolitní metropole. Na první pohled by se mohlo zdát, že vzdálenost mezi těmito dvěma světy je obrovská, ale když se ponoříte hlouběji, zjistíte, že sdílejí mnoho podobností. Jak se však Bulharsko a jeho kultura přizpůsobují moderním trendům v komunikaci, a co by se od Francie mohlo naučit? Odpovědi vás možná překvapí. Bulharsko a Francie, dvě země na první pohled odlišné, mají společné výzvy ve světě komunikace, ale přistupují k nim odlišným způsobem. Zatímco francouzský trh se potýká s problémy, jako je inflace a nedostatek mladých talentů v oboru, bulharská komunikace čelí vlastním specifikům, často ovlivněným historickým dědictvím a současnými ekonomickými podmínkami. Přestože je Bulharsko známé svou pohostinností a bohatou kulturou, jeho schopnost efektivně komunikovat a propagovat své hodnoty na mezinárodní úrovni zůstává výzvou. Jedním z klíčových rysů bulharské komunikace je její silná vazba na tradice. To je patrné například v turistickém sektoru, kde se Bulharsko snaží prezentovat jako země s bohatou historií a autentickými zážitky. Nicméně, jak ukazují zkušenosti z Francie, samotná tradice nestačí. Francouzské kampaně často kombinují historické prvky s moderními technologiemi a kreativními přístupy, což jim umožňuje oslovit širší publikum. Bulharsko by se mohlo inspirovat tímto přístupem a více investovat do inovací v oblasti digitální komunikace. Například využití sociálních médií a interaktivních aplikací by mohlo přilákat mladší generaci turistů, která hledá zážitky přizpůsobené jejich potřebám. Dalším zajímavým aspektem je způsob, jakým obě země přistupují k místním i zahraničním návštěvníkům. Zatímco Francie je známá svým důrazem na kvalitu a jedinečnost, Bulharsko často sází na cenovou dostupnost. To je samozřejmě velkou výhodou, ale zároveň to může vést k podcenění potenciálu, který země nabízí. Bulharské pláže, historické památky jako Rilský monastýr nebo starobylé město Plovdiv, i přírodní krásy, jako jsou Rodopy a pohoří Pirin, mají co nabídnout. Klíčem k úspěchu je naučit se tyto poklady efektivně prezentovat a vytvořit příběh, který by zaujal nejen rodiny hledající levnou dovolenou, ale i náročnější cestovatele. Zajímavou paralelou mezi oběma zeměmi je také otázka lokálních produktů. Francie je mistrem v propagaci svých regionálních specialit, jako jsou sýry, vína nebo parfumerie. Bulharsko se může pochlubit stejně unikátními produkty, například růžovým olejem, tradičními sýry nebo vínem, které však často zůstávají v ústraní. Francouzský přístup by mohl být inspirací, jak tyto produkty nejen propagovat, ale také je spojit s konkrétními příběhy a emocemi, které vytvoří hlubší pouto s návštěvníky. Závěrem lze říci, že Bulharsko má obrovský potenciál, který může být ještě více rozvinut, pokud se inspiruje úspěchy jiných zemí, jako je Francie. S kombinací tradičních hodnot a moderních přístupů by mohlo vytvořit silnou a atraktivní značku nejen v oblasti cestovního ruchu, ale i v širší komunikaci na mezinárodní úrovni. Ať už jste milovníkem historie, gastronomie nebo přírody, Bulharsko má co nabídnout – stačí to jen správně ukázat světu.","1","777","6","0","","0","/C:/Program Files/Git/uploads/2023/07/header-image-2-1.jpg","","short_meta_description;missing_twitter_card;article_missing_article_schema","17869"
"/bulharsko-trapi-nedostatek-vody/","**Bulharsko trápí nedostatek vody** - Visit Bulharsko","53","**Bulharsko čelí nedostatku vody: Co to znamená pro turisty?**","62","https://visitbulharsko.cz/C:/Program Files/Git/bulharsko-trapi-nedostatek-vody/","1","Bulharsko trápí nedostatek vody Luke Palm · 12. března 2025 · 2 min čtení Bulharsko čelí nedostatku vody: Co to znamená pro turisty? (window.adsbygoogle = window.adsbygoogle || []).push({}); ADS / reklamní prostor v článku Bulharsko je oblíbenou destinací pro letní dovolenou, ale aktuální situace s vodními zdroji může ovlivnit nejen místní obyvatele, ale i turisty. Podle nejnovějších údajů jsou zásoby vody ve vodních nádržích výrazně nižší než v předchozích letech, což vyvolává obavy o dostatek pitné vody v některých regionech. Nejproblematičtější situace panuje v okolí měst Pernik, Montana a Varna, která jsou důležitými centry nejen pro Bulhary, ale i pro cestovatele. Jaké jsou hlavní příčiny tohoto poklesu a jak by mohly ovlivnit nadcházející turistickou sezónu? Podle údajů bulharského ministerstva životního prostředí a vodních zdrojů jsou zásoby vody v nádržích určených pro zásobování obyvatelstva o 13 % nižší než ve stejném období loňského roku. Některé přehrady jsou dokonce až třikrát prázdnější než před deseti lety. Ačkoli jarní tání ještě zcela neskončilo, současný stav naznačuje, že situace je vážná. Zvláště znepokojivá je situace v okolí města Pernik, kde již v minulosti došlo k vážné vodní krizi. Místní přehrada Studena, která je hlavním zdrojem pitné vody pro region, má nyní výrazně nižší hladinu než obvykle. Problémy hlásí také region Montana na severozápadě země, kde dlouhodobé sucho a nedostatek srážek vedly k poklesu zásob vody v klíčových nádržích. Varna, oblíbené přímořské letovisko, se rovněž potýká s klesající hladinou vody v místních rezervoárech, což může ovlivnit zásobování města v letních měsících, kdy počet obyvatel prudce roste kvůli přílivu turistů. Hlavní příčinou tohoto poklesu je kombinace několika faktorů. Dlouhodobé sucho a změny v množství srážek hrají klíčovou roli, ale nemalý podíl na situaci mají také problémy s infrastrukturou a hospodařením s vodou. Mnoho přehrad není správně udržováno a dochází k velkým ztrátám vody kvůli zastaralým potrubím a nedostatečné regulaci odběru. Jak se tato situace může dotknout turistů? Pokud se problém s vodou nevyřeší, mohou některá města zavést omezení v dodávkách, což by mohlo znamenat například snížený přísun vody v hotelích a restauracích. V extrémních případech by mohlo dojít k přerušení dodávek na určité hodiny dne, což by mohlo ovlivnit komfort návštěvníků. Zatím však neexistují žádné oficiální zprávy o tom, že by byla plánována přísná opatření pro turistické oblasti. Bulharské úřady nyní hledají způsoby, jak situaci řešit. Mezi možná opatření patří lepší řízení vodních zdrojů, modernizace infrastruktury a zvýšení efektivity využívání vody. Turisté, kteří se do Bulharska chystají, by měli sledovat aktuální informace a případně se připravit na možné menší nepříjemnosti spojené s dodávkami vody. Navzdory těmto výzvám zůstává Bulharsko atraktivní destinací pro letní dovolenou. Černomořské pobřeží láká krásnými plážemi, příznivými cenami a bohatou kulturou. Pokud plánujete cestu, doporučujeme sledovat vývoj situace, ale zároveň si užít vše, co tato země nabízí.","1","714","6","0","","0","/C:/Program Files/Git/uploads/2023/07/header-image-2-1.jpg","","short_meta_description;missing_twitter_card;article_missing_article_schema","17331"
"/bulharsko-vlna-veder-konec-cervence-2026/","Vlna veder v Bulharsku na konci července","40","Bulharsko může na konci července zasáhnout vlna veder kolem 40 °C. Co to znamená pro pobyt u moře, ve městech i při cestách autem.","130","https://visitbulharsko.cz/C:/Program Files/Git/bulharsko-vlna-veder-konec-cervence-2026/","1","Bulharsko čeká na konci července první vlna čtyřicítek Luke Palm · 21. července 2026 · min čtení Předpovědi pro Bulharsko počítají po 25. červenci s nástupem velmi horkého počasí. U moře i ve vnitrozemí bude důležité plánovat aktivity mimo polední žár. (window.adsbygoogle = window.adsbygoogle || []).push({}); ADS / reklamní prostor v článku Bulharsko se podle aktuálních výhledů chystá na nejteplejší období dosavadního roku. Po 25. až 26. červenci mohou teploty vystoupat k hranici 40 °C a místy i výše. Pro návštěvníky letovisek to znamená klasický letní režim s koupáním, ale také vyšší nároky na pitný režim, ochranu před sluncem a plánování přesunů.","3","504","5","0","","0","/C:/Program Files/Git/uploads/2023/07/cropped-Visit-Bulharsko-1.png","","missing_twitter_card;article_missing_article_schema","15721"
"/bulharsko-vs-francie-kouzlo-komunikace/","""Bulharsko vs. Francie: kouzlo komunikace"" - Visit Bulharsko","60","**Od Sofie po Paříž: Jak komunikace odráží kulturu a spojuje rozdílné světy**","77","https://visitbulharsko.cz/C:/Program Files/Git/bulharsko-vs-francie-kouzlo-komunikace/","1","„Bulharsko vs. Francie: kouzlo komunikace“ Luke Palm · 3. ledna 2025 · 2 min čtení Od Sofie po Paříž: Jak komunikace odráží kulturu a spojuje rozdílné světy (window.adsbygoogle = window.adsbygoogle || []).push({}); ADS / reklamní prostor v článku Představte si, že se díváte na známý obraz, ale tentokrát z jiného úhlu – z dálky, která odhalí detaily, jež zblízka zůstávají skryté. Právě takový pohled nám nabízí srovnání bulharského a francouzského světa komunikace. Jaké výzvy a příležitosti spojují dvě na první pohled odlišné země? A co si můžeme z tohoto kontrastu odnést pro pochopení bulharské kultury i jejího místa ve světě? Připravte se na cestu mezi Sofií a Paříží, která vás zavede hlouběji do dynamiky moderní komunikace. Bulharsko a Francie. Dvě země, které na první pohled nemají mnoho společného – rozdílná historie, jazyk, kultura i geografická poloha. Přesto, když se podíváme na jejich komunikační trhy, odhalíme překvapivě podobné výzvy. V obou zemích se firmy potýkají s omezenými rozpočty, obtížným získáváním mladých talentů a tlakem na inovace v prostředí rostoucí konkurence. Přestože jsou tyto problémy univerzální, způsob, jakým na ně jednotlivé země reagují, odráží jejich kulturní specifika. Zatímco Francie, srdce evropské elegance a kreativity, staví na své dlouhé tradici v oblasti reklamy a komunikace, Bulharsko se teprve učí, jak efektivně využívat své jedinečné vlastnosti. Francouzské společnosti těží z kulturního dědictví, které jejich značkám přidává na prestiži. Například pařížské kampaně často čerpají inspiraci z umění, módy a gastronomie, což jim umožňuje oslovit široké publikum nejen doma, ale i v zahraničí. Na druhé straně Bulharsko, ačkoliv menší a méně známé, má své vlastní trumfy. Jedním z nich je autentický příběh, který dokáže oslovit moderního cestovatele hledajícího něco neobvyklého. Bulharské komunikační kampaně tak stále častěji zdůrazňují krásu přírody, bohatou historii a pohostinnost místních obyvatel. Například propagace horských oblastí, jako je pohoří Rila, nebo tradičních vesnic, jako je Koprivštica, přitahuje zahraniční turisty, kteří hledají autentické zážitky. Zajímavým momentem je také přístup k mladým talentům. Ve Francii se mladí profesionálové často cítí přetížení a odcházejí z oboru kvůli vysokým nárokům a stresu. V Bulharsku je problém spíše opačný – mladí lidé odcházejí do zahraničí za lepšími příležitostmi, což oslabuje místní trh. Řešení? V obou zemích se stále více prosazuje flexibilita práce, podpora kreativity a důraz na rovnováhu mezi pracovním a osobním životem. A co si z tohoto pohledu můžeme odnést my, cestovatelé? Především uvědomění, že komunikace není jen o reklamách nebo marketingu. Je to okno do kultury a hodnot dané země. Když příště navštívíte Bulharsko, zkuste si všímat, jak se mísí tradiční prvky s moderním přístupem. Možná právě v tom najdete inspiraci nejen pro své cesty, ale i pro pochopení, jak se Bulharsko snaží vyprávět svůj příběh světu.","1","700","6","0","","0","/C:/Program Files/Git/uploads/2023/07/header-image-2-1.jpg","","short_meta_description;missing_twitter_card;article_missing_article_schema","17266"
"/bulharsko-zasahlo-chladne-pocasi/","Bulharsko zasáhlo chladné počasí! - Visit Bulharsko","51","**Bulharsko zasáhlo chladné počasí: Déšť, vítr a sníh v horách**","64","https://visitbulharsko.cz/C:/Program Files/Git/bulharsko-zasahlo-chladne-pocasi/","1","Bulharsko zasáhlo chladné počasí! Luke Palm · 17. března 2025 · 2 min čtení Bulharsko zasáhlo chladné počasí: Déšť, vítr a sníh v horách (window.adsbygoogle = window.adsbygoogle || []).push({}); ADS / reklamní prostor v článku Bulharsko se opět ocitá v zajetí chladného počasí, které přináší déšť a dokonce i sníh na horách. Pokud plánujete cestu k Černému moři nebo do bulharských hor, měli byste se připravit na proměnlivé podmínky. Meteorologové varují před silným větrem a srážkami, které mohou ovlivnit vaše plány. Jaké oblasti budou nejvíce zasaženy a co očekávat v následujících dnech? Pojďme se podívat na aktuální situaci a jak se na ni co nejlépe připravit. Bulharsko v těchto dnech zažívá výrazné ochlazení, které přichází s nárazovým severozápadním větrem. Ten přináší nejen citelné snížení teplot, ale také vydatné srážky. V nížinách půjde především o déšť, ale v horských oblastech se očekává sněžení. Pokud se tedy chystáte na výlet do pohoří jako Rila nebo Pirin, měli byste počítat s chladnějším a vlhčím počasím. Národní institut pro meteorologii a hydrologii vydal varování pro několik oblastí. V Burgaské oblasti byl vyhlášen žlutý kód pro silný déšť, zatímco na severozápadě země – konkrétně v regionech Vidin, Vraca a Montana – meteorologové varují před silným větrem. Tento vítr může dosahovat vysokých rychlostí, což může ovlivnit dopravu i venkovní aktivity. Teploty se podle předpovědi budou pohybovat mezi 6 až 11 stupni Celsia, což je poměrně chladné počasí na toto roční období. Na horách se teploty mohou pohybovat ještě níže, což znamená, že turisté a milovníci přírody by měli být dobře vybaveni teplým oblečením a vhodnou obuví. Pokud plánujete cestu do Bulharska v těchto dnech, je dobré sledovat aktuální předpověď a přizpůsobit svůj program. Pobřežní oblasti, jako je Burgas nebo Varna, mohou zaznamenat silnější deště, což může ovlivnit vaše plány na procházky podél moře. Na druhou stranu, pokud máte rádi dramatickou atmosféru bouřlivého moře, může být návštěva těchto míst zajímavým zážitkem. Cestovatelé by měli mít na paměti, že počasí v Bulharsku se může rychle měnit, a proto je vždy dobré být připraven na různé podmínky. Pokud se chystáte do hor, zkontrolujte aktuální situaci na horských stezkách a případná varování před nebezpečnými podmínkami. Ať už se vydáte kamkoli, nezapomeňte na vhodné oblečení, abyste si svůj pobyt mohli užít i přes nepříznivé počasí.","1","633","6","0","","0","/C:/Program Files/Git/uploads/2023/07/header-image-2-1.jpg","","short_meta_description;missing_twitter_card;article_missing_article_schema","16582"
"/bulharsko-zprisni-tresty-za-tyrani-zvirat/","**Bulharsko zpřísní tresty za týrání zvířat** - Visit Bulharsko","63","Bulharsko zpřísní tresty za týrání zvířat po šokujícím případu","62","https://visitbulharsko.cz/C:/Program Files/Git/bulharsko-zprisni-tresty-za-tyrani-zvirat/","1","Bulharsko zpřísní tresty za týrání zvířat Luke Palm · 17. března 2025 · 2 min čtení Bulharsko zpřísní tresty za týrání zvířat po šokujícím případu (window.adsbygoogle = window.adsbygoogle || []).push({}); ADS / reklamní prostor v článku V Bulharsku se v posledních dnech rozhořela debata o ochraně zvířat a trestech za jejich týrání. Případ šokujícího násilí na zvířatech, který vyvolal vlnu nevole mezi veřejností, přiměl ministra spravedlnosti k návrhu přísnějších trestů. Dvojice lidí byla zatčena za natáčení brutálních videí, která následně prodávala na internetu. Protesty v několika městech ukázaly, že společnost požaduje tvrdší postihy pro pachatele. Jaké změny zákona se chystají a co to znamená pro ochranu zvířat v Bulharsku? Minulý týden bulharská policie zatkla dva lidi – 26letou ženu z Perniku a 35letého muže ze Sofie – kteří byli obviněni z produkce a prodeje videí zobrazujících mučení zvířat. Cena za jedno takové video se pohybovala od 50 do 700 eur. Po jejich zatčení následovaly protesty v různých městech včetně Sofie, Plovdivu a Varny, kde lidé požadovali maximální možné tresty. Tento případ znovu otevřel otázku, zda jsou současné zákony dostatečně přísné a zda odpovídají závažnosti těchto činů. Bulharský ministr spravedlnosti v reakci na pobouření veřejnosti oznámil, že navrhne zpřísnění trestů za týrání zvířat. V současnosti hrozí pachatelům maximálně pět let vězení, ale odborníci i aktivisté upozorňují, že v praxi jsou tresty často mírné nebo podmíněné. Mnozí doufají, že nové legislativní změny přinesou nejen vyšší tresty, ale i efektivnější vyšetřování a důraznější přístup soudů k těmto případům. Organizace na ochranu zvířat dlouhodobě poukazují na to, že Bulharsko má s týráním zvířat velký problém. Podle nich je běžné, že pachatelé unikají spravedlnosti nebo dostávají pouze mírné tresty. Situaci navíc komplikuje fakt, že ne všechny případy jsou řádně vyšetřovány a některé incidenty se ani nedostanou k soudu. Aktivisté proto požadují nejen změnu zákonů, ale i lepší vymáhání spravedlnosti. Tento případ ukazuje, že bulharská společnost se stále více zajímá o ochranu zvířat a požaduje přísnější postihy pro ty, kteří je týrají. Zároveň je to důležitý signál pro turisty a návštěvníky země. Bulharsko je oblíbenou destinací nejen kvůli moři a horám, ale i pro svou přírodu a divokou faunu. Posílení ochrany zvířat by mohlo přispět k lepšímu obrazu země v očích zahraničních návštěvníků, kteří jsou stále citlivější na otázky etiky a ekologie. Není pochyb o tom, že zpřísnění trestů by mohlo mít pozitivní vliv na prevenci podobných činů v budoucnu. Zbývá však otázka, zda budou změny skutečně prosazeny a zda povedou k reálnému zlepšení situace. Bulharsko, podobně jako mnoho jiných evropských zemí, čelí výzvě, jak efektivně chránit zvířata a zajistit, aby pachatelé byli spravedlivě potrestáni. Tento případ ukazuje, že tlak veřejnosti může vést ke změnám, ale skutečný dopad bude záviset na tom, jak budou nové zákony aplikovány v praxi.","1","714","6","0","","0","/C:/Program Files/Git/uploads/2023/07/header-image-2-1.jpg","","short_meta_description;missing_twitter_card;article_missing_article_schema","17290"
"/bulharsky-jazyk/","Bulharský jazyk: Historie, zvláštnosti a tipy pro cestovatele","61","Bulharský jazyk – má kořeny ve staroslověnštině, prošel vlivy osmanské říše i ruštiny. Objevte jeho příběh a zvláštnosti.","121","https://visitbulharsko.cz/C:/Program Files/Git/bulharsky-jazyk/","1","Bulharština: Příběh jazyka, který spojuje minulost s přítomností Luke Palm · 21. března 2025 · 4 min čtení Když se poprvé procházíte po bulharské promenádě na Slunečném pobřeží nebo si objednáváte šopský salát v Primorsku, možná víte, že „da“ znamená ano a že „rakija“ má sílu. Ale bulharský jazyk je mnohem víc než jen dovolenkový slovník. Skrývá v sobě dějiny, které sahají až k cyrilici a ke Konstantinovi a Metodějovi. V tomto článku […] (window.adsbygoogle = window.adsbygoogle || []).push({}); ADS / reklamní prostor v článku Home » Bulharština: Příběh jazyka, který spojuje minulost s přítomností Když se poprvé procházíte po bulharské promenádě na Slunečném pobřeží nebo si objednáváte šopský salát v Primorsku, možná víte, že „da“ znamená ano a že „rakija“ má sílu. Ale bulharský jazyk je mnohem víc než jen dovolenkový slovník. Skrývá v sobě dějiny, které sahají až k cyrilici a ke Konstantinovi a Metodějovi. V tomto článku se podíváme na příběh bulharštiny od jejích kořenů až po moderní jazyk, který se měnil spolu s dějinami státu. Zjistíte, odkud pochází, jak se vyvíjela a proč má smysl naučit se aspoň pár frází. A možná zjistíte i to, proč se bulharština udržela více než tisíc let navzdory okupacím a vlivům velkých mocností.","1","1095","5","0","","0","/C:/Program Files/Git/uploads/2025/03/bulharsky-muz-v-klastere.webp","","missing_twitter_card;article_missing_article_schema","20442"
"/burgas-2025-novy-plaza-mall-laka/","""Burgas 2025: Nový Plaza Mall láká!"" - Visit Bulharsko","54","**Burgas na vzestupu: Modernizace a rozšíření Burgas Plaza Mall lákají turisty i investory**","92","https://visitbulharsko.cz/C:/Program Files/Git/burgas-2025-novy-plaza-mall-laka/","1","„Burgas 2025: Nový Plaza Mall láká!“ Luke Palm · 8. ledna 2025 · 2 min čtení Burgas na vzestupu: Modernizace a rozšíření Burgas Plaza Mall lákají turisty i investory (window.adsbygoogle = window.adsbygoogle || []).push({}); ADS / reklamní prostor v článku Bulharský Burgas se v roce 2025 dočká významné proměny, která přinese nejen modernizaci, ale i rozšíření jednoho z nejvýznamnějších obchodních center v regionu – Burgas Plaza Mall. Tato novinka přichází s příslibem nových příležitostí pro nakupování, zábavu i bydlení. Co přesně tato transformace zahrnuje a jak ovlivní tvář města? Čtěte dále a zjistěte, proč byste měli mít Burgas na svém cestovatelském radaru. Burgas Plaza Mall, první velké nákupní centrum v tomto přímořském městě, se chystá na zásadní změnu, která přinese nejen modernější vzhled, ale také zcela nové funkce. Projekt, který bude probíhat ve dvou fázích, slibuje nejen oživení současné budovy, ale i rozšíření do přilehlých oblastí. První fáze, plánovaná na duben až květen 2025, se zaměří na rekonstrukci stávajícího prostoru. Druhá fáze, která bude následovat, přinese další rozšíření, včetně začlenění sousedních pozemků. Tato transformace není jen o estetických změnách. Nový Burgas Plaza Mall nabídne široké spektrum možností, které osloví jak místní obyvatele, tak turisty. Vedle klasických obchodů a restaurací se návštěvníci mohou těšit na nové zábavní atrakce, které slibují zážitky pro všechny věkové kategorie. Zároveň se plánuje i rozšíření o rezidenční část, což činí z projektu unikátní spojení obchodního a obytného prostoru. Proč by vás tato zpráva měla zajímat, pokud plánujete cestu do Bulharska? Burgas je nejen vstupní branou k Černému moři, ale také městem s bohatou kulturou, historií a přírodními krásami. Modernizovaný Burgas Plaza Mall slibuje být dalším důvodem, proč toto město navštívit. Po dni stráveném na plážích nebo procházkách po historickém centru můžete zamířit do tohoto centra, kde si odpočinete, nakoupíte nebo si užijete zábavu. Tato proměna také přináší nové příležitosti pro podnikatele a investory. Díky strategické poloze a zvýšenému zájmu o region může Burgas Plaza Mall přilákat nové značky a služby, které ještě více obohatí místní nabídku. To vše přispívá k tomu, že Burgas se stává atraktivnější destinací nejen pro turisty, ale i pro ty, kteří hledají nové obchodní příležitosti. Ať už jste pravidelnými návštěvníky Bulharska, nebo teprve plánujete svou první cestu, Burgas Plaza Mall by mohl být jedním z míst, které si zapíšete na svůj itinerář. Spojení moderního nákupního centra s přímořskou atmosférou a možností poznávání bulharské kultury a gastronomie z něj činí ideální zastávku na vaší cestě. Rok 2025 se tak pro Burgas rýsuje jako období velkých změn. Pokud hledáte destinaci, která kombinuje relaxaci u moře, kulturní zážitky a moderní zázemí, Burgas by mohl být tou správnou volbou. Těšte se na nové možnosti, které toto město brzy nabídne, a nezapomeňte si naplánovat návštěvu tohoto unikátního centra, které slibuje být jedním z nejzajímavějších míst v regionu.","1","722","6","0","","0","/C:/Program Files/Git/uploads/2023/07/header-image-2-1.jpg","","short_meta_description;missing_twitter_card;article_missing_article_schema","17386"
"/burgas-klic-k-energeticke-budoucnosti/","""Burgas: Klíč k energetické budoucnosti"" - Visit Bulharsko","58","&#8222;Bulharské Černomoří na rozcestí: Převzetí rafinérie v Burgasu může přepsat energetickou mapu Evropy&#8220;","113","https://visitbulharsko.cz/C:/Program Files/Git/burgas-klic-k-energeticke-budoucnosti/","1","„Burgas: Klíč k energetické budoucnosti“ Luke Palm · 8. ledna 2025 · 2 min čtení „Bulharské Černomoří na rozcestí: Převzetí rafinérie v Burgasu může přepsat energetickou mapu Evropy“ (window.adsbygoogle = window.adsbygoogle || []).push({}); ADS / reklamní prostor v článku Představte si bulharské pobřeží, které se může stát klíčovým bodem v mezinárodních energetických dohodách. Rafinérie v Burgasu, jedna z nejvýznamnějších v celé jihovýchodní Evropě, by mohla změnit svého vlastníka. Kazachstánská společnost „KazMunayGas“ byla pozvána k jednání o jejím převzetí. Tento krok by mohl znamenat zásadní změny nejen pro místní ekonomiku, ale i pro roli Bulharska na energetické mapě Evropy. Co přesně tato změna přinese, a jaké dopady může mít na budoucnost regionu? Rafinérie „Neftochim“ v Burgasu, která je v současné době vlastněna ruskou společností Lukoil, je jedním z největších zaměstnavatelů v regionu a zároveň strategickým bodem pro dodávky ropy a výrobu paliv na Balkáně. Přestože rafinérie historicky hrála významnou roli v bulharském průmyslu, poslední roky ji provázejí komplikace spojené s geopolitickým napětím a sankcemi vůči Rusku. Tyto faktory přiměly vlastníky hledat nové možnosti, jak zajistit stabilní provoz a budoucnost zařízení. Podle zpráv agentury Interfax byla k jednáním o převzetí rafinérie oslovena kazachstánská státní společnost KazMunayGas. Tento krok není náhodný. Kazachstán je jedním z největších producentů ropy na světě a jeho strategická poloha mezi Evropou a Asií mu umožňuje hrát klíčovou roli v dodávkách energií. Pokud by k této dohodě došlo, znamenalo by to nejen posílení ekonomických vazeb mezi Kazachstánem a Bulharskem, ale také diverzifikaci energetických zdrojů v regionu, čímž by se Bulharsko mohlo částečně vymanit z ruského vlivu. Pro Bulharsko by převzetí rafinérie KazMunayGasem mohlo znamenat několik výhod. Z dlouhodobého hlediska by se zvýšila stabilita dodávek ropy, což by mohlo vést k nižším cenám paliv a větší nezávislosti na geopolitických otřesech. Pro místní ekonomiku by to také mohlo znamenat nové investice, modernizaci zařízení a vytvoření dalších pracovních míst. Na druhé straně však existují obavy, zda by změna vlastníka neovlivnila stávající zaměstnance a jejich podmínky. Mnozí místní obyvatelé totiž na rafinérii závisí nejen ekonomicky, ale i společensky. Z pohledu turistického průmyslu by tato změna mohla přinést spíše nepřímé efekty. Burgas, jako jedno z nejvýznamnějších bulharských přímořských měst, je oblíbenou destinací pro turisty, kteří sem míří za krásnými plážemi, historickými památkami a jedinečnou atmosférou. Stabilnější ekonomická situace by mohla přispět k rozvoji infrastruktury nejen v samotném městě, ale i v jeho okolí. Naopak případné problémy spojené s provozem rafinérie by mohly ovlivnit životní prostředí a tím i atraktivitu regionu pro návštěvníky. Celý proces jednání je však teprve na začátku a výsledky jsou zatím nejisté. Přesto je jasné, že otázka vlastnictví rafinérie „Neftochim“ bude mít dalekosáhlé důsledky nejen pro Bulharsko, ale i pro širší region. Pro turisty, kteří plánují navštívit Burgas, však zůstává město atraktivní destinací, která nabízí kombinaci historie, kultury a přírodních krás. Ať už se budoucnost rafinérie vyvine jakkoliv, Burgas si svou pozici na mapě oblíbených turistických destinací rozhodně udrží.","1","740","6","0","","0","/C:/Program Files/Git/uploads/2023/07/header-image-2-1.jpg","","missing_twitter_card;article_missing_article_schema","17754"
"/burgas-vs-gabrovo-kdo-bude-kulturni-metropoli-2032/","**Burgas vs. Gabrovo: Kdo bude kulturní metropolí 2032?** - Visit Bulharsko","75","Burgas nebo Gabrovo? Bulharsko opět usiluje o titul Evropské hlavní město kultury","81","https://visitbulharsko.cz/C:/Program Files/Git/burgas-vs-gabrovo-kdo-bude-kulturni-metropoli-2032/","1","Burgas vs. Gabrovo: Kdo bude kulturní metropolí 2032? Luke Palm · 17. března 2025 · 2 min čtení Burgas nebo Gabrovo? Bulharsko opět usiluje o titul Evropské hlavní město kultury (window.adsbygoogle = window.adsbygoogle || []).push({}); ADS / reklamní prostor v článku Bulharsko se opět připravuje na významnou kulturní událost, která by mohla změnit tvář jednoho z jeho měst stejně jako tomu bylo v případě Plovdivu. Dva kandidáti, Burgas a Gabrovo, se ucházejí o titul Evropské hlavní město kultury pro rok 2032. Tato prestižní soutěž přináší nejen mezinárodní uznání, ale také nové investice a příležitosti pro rozvoj kulturního turismu. Které z těchto měst má větší šanci a co může tato příležitost znamenat pro bulharskou kulturu i cestovní ruch? Burgas, perla Černého moře, je známý svou nádhernou pobřežní promenádou, kulturními festivaly a bohatou historií. Jako jedno z nejvýznamnějších bulharských přímořských měst už dnes přitahuje tisíce turistů, kteří si sem přijíždějí užít nejen slunce a moře, ale také místní gastronomii a kulturní akce. Město investuje do modernizace a rozvoje svého kulturního zázemí, včetně nových galerií, muzeí a festivalů, které by mohly sehrát klíčovou roli v jeho kandidatuře. Na druhé straně stojí Gabrovo, město s hlubokými kořeny v bulharské historii a kultuře. Známé jako centrum humoru a satiry, ale také tradičních řemesel, má co nabídnout milovníkům autentického bulharského dědictví. Jeho historická čtvrť a skanzen Etar, kde lze vidět tradiční bulharská řemesla v praxi, jsou jedinečnými atrakcemi, které mohou přitáhnout pozornost evropské kulturní scény. Gabrovo se snaží využít své jedinečné identity a propojit ji s moderními uměleckými směry, aby vytvořilo atraktivní kulturní program schopný oslovit mezinárodní publikum. Obě města mají své silné stránky a jejich kandidatura přináší zajímavou otázku: co znamená být Evropským hlavním městem kultury? Je to spíše o tradici a historii, nebo o moderním kulturním rozvoji a inovacích? Plovdiv v roce 2019 ukázal, že titul může přinést nejen větší zájem turistů, ale také nové investice a celkovou proměnu města. Vítězství v soutěži znamená nejen čest, ale také významnou finanční podporu na rozvoj kulturní infrastruktury a programů. Ať už titul získá Burgas nebo Gabrovo, jedno je jisté – Bulharsko se stále více profiluje jako země s bohatou kulturou a historií, která má co nabídnout nejen turistům, ale i mezinárodní kulturní scéně. Pro cestovatele to znamená další důvod k návštěvě této krásné balkánské země, kde mohou objevovat nejen malebné pláže, ale i pestrou historii a živou kulturu.","1","656","6","0","","0","/C:/Program Files/Git/uploads/2023/07/header-image-2-1.jpg","","long_title;short_meta_description;missing_twitter_card;article_missing_article_schema","16847"
"/chytre-zemedelstvi-v-bulharsku-tradice-a-inovace/","""Chytré zemědělství v Bulharsku: Tradice a inovace!"" - Visit Bulharsko","70","&#8222;Inovace na bulharském venkově: Jak chytré zemědělství mění tvář tradiční krajiny&#8220;","94","https://visitbulharsko.cz/C:/Program Files/Git/chytre-zemedelstvi-v-bulharsku-tradice-a-inovace/","1","„Chytré zemědělství v Bulharsku: Tradice a inovace!“ Luke Palm · 5. ledna 2025 · 2 min čtení „Inovace na bulharském venkově: Jak chytré zemědělství mění tvář tradiční krajiny“ (window.adsbygoogle = window.adsbygoogle || []).push({}); ADS / reklamní prostor v článku Když se řekne „chytré zemědělství“, možná si představíte futuristické scény plné robotů, dronů a autonomních strojů pečujících o úrodu. Ačkoliv tato vize ještě není běžnou realitou, moderní technologie již nyní mění způsob, jakým se zemědělství provozuje. Jak by však mohl tento technologický pokrok ovlivnit tradiční zemědělství v Bulharsku, zemi s bohatou agrární historií? Připravte se objevovat, jak se inovace setkávají s tradicí a jak by to mohlo ovlivnit nejen lokální zemědělce, ale i cestovatele, kteří hledají autentičnost a udržitelnost. Bulharsko, země známá svou rozmanitou krajinou, úrodnými poli a dlouhou zemědělskou tradicí, čelí výzvám moderní doby. Klimatické změny, rostoucí nároky na efektivitu a potřeba udržitelného přístupu nutí místní zemědělce hledat nové způsoby, jak zachovat svou produkci konkurenceschopnou. A právě zde přichází na scénu chytré zemědělství, které kombinuje moderní technologie a precizní přístup k pěstování plodin. Jedním z klíčových prvků tohoto přístupu je využití dat. Drony a senzory umístěné na polích sbírají informace o vlhkosti půdy, úrovni živin nebo zdravotním stavu rostlin. Tato data pak farmáři využívají k přesnému plánování zavlažování, hnojení či ochrany proti škůdcům. Výsledkem je nejen snížení nákladů, ale i minimalizace dopadu na životní prostředí. Pro Bulharsko, kde se tradičně pěstují například růže pro výrobu růžového oleje, vinná réva či slunečnice, mohou tyto metody znamenat revoluci. Místní farmy by tak mohly lépe čelit suchům, která v posledních letech stále více ohrožují úrodu. Další zajímavou oblastí, ve které chytré zemědělství může hrát klíčovou roli, je udržení biodiverzity. Bulharsko je známé svou přírodní bohatostí, od hor po nížiny, a právě moderní technologie mohou pomoci monitorovat a chránit vzácné druhy rostlin a živočichů. Například chytré senzory mohou varovat před nadměrným využíváním vody v oblastech, kde je její nedostatek, nebo pomoci identifikovat oblasti, které potřebují regeneraci. Pro cestovatele, kteří hledají autentické zážitky, může mít tento pokrok také přínos. Udržitelné zemědělství totiž přispívá k zachování tradiční krajiny a podporuje lokální komunity. Představte si, že navštívíte malou biofarmu v údolí růží, kde majitelé díky moderním technologiím dokážou produkovat kvalitní a ekologické produkty. Nebo vinařství, které kombinuje staleté tradice s chytrými řešeními, aby vytvořilo víno, které chutná nejen výjimečně, ale je i šetrné k přírodě. Chytré zemědělství tak není jen o technologiích, ale také o lidech, kteří je využívají. V Bulharsku, kde se stále více mladých lidí vrací k zemědělství jako k moderní a perspektivní profesi, může být tento přístup cestou k oživení venkova. Místní farmy se tak mohou stát nejen zdrojem kvalitních potravin, ale i atraktivními místy pro turisty, kteří chtějí ochutnat pravý bulharský venkov. Pokud plánujete navštívit Bulharsko, zkuste se podívat dál než jen na jeho pobřeží. Vydejte se do vnitrozemí, kde se tradice a inovace prolínají, a objevte, jak moderní technologie pomáhají zachovat to nejlepší z bulharského zemědělství pro budoucí generace. Třeba právě tam najdete inspiraci nejen pro svou dovolenou, ale i pro vlastní pohled na udržitelnost a propojení člověka s přírodou.","1","772","6","0","","0","/C:/Program Files/Git/uploads/2023/07/header-image-2-1.jpg","","long_title;short_meta_description;missing_twitter_card;article_missing_article_schema","17995"
"/diety-ktere-skodi-misto-pomahaji/","„Diety, které škodí místo pomáhají“ - Visit Bulharsko","53","&#8222;Je vaše dieta opravdu zdravá? Tipy bulharských lékařů a inspirace z balkánské kuchyně&#8220;","99","https://visitbulharsko.cz/C:/Program Files/Git/diety-ktere-skodi-misto-pomahaji/","1","„Diety, které škodí místo pomáhají“ Luke Palm · 8. ledna 2025 · 2 min čtení „Je vaše dieta opravdu zdravá? Tipy bulharských lékařů a inspirace z balkánské kuchyně“ (window.adsbygoogle = window.adsbygoogle || []).push({}); ADS / reklamní prostor v článku Začali jste někdy dietu s nadějí na lepší zdraví či štíhlejší postavu, ale místo toho jste se cítili unavení, podráždění nebo dokonce nemocní? Přestože jsou diety často prezentovány jako univerzální řešení, realita je mnohem složitější. V tomto článku se podíváme na to, kdy může být dieta spíše škodlivá než prospěšná, a jak se vyhnout nejčastějším chybám. Zároveň přiblížíme názory dvou předních bulharských lékařů, jejichž zkušenosti ukazují, proč je individuální přístup klíčem ke zdravému životnímu stylu. Diety jsou v moderní společnosti oblíbeným tématem, ať už jde o snahu zhubnout, zlepšit zdravotní stav nebo prostě vyzkoušet nový trend. Nicméně, jak upozorňuje docent Radin Conev, vedoucí oddělení gastroenterologie v nemocnici Acibadem City Clinic Tokuda v Sofii, diety mohou mít i své stinné stránky. Podle jeho zkušeností lidé často přistupují k dietám bez dostatečných znalostí o svém těle a jeho potřebách. „Jednotlivé diety mohou být pro někoho prospěšné, ale pro jiného zcela nevhodné. Například přísné omezení sacharidů může vést k únavě či hormonální nerovnováze,“ varuje Conev. Podobně se k tématu staví i doktorka Maria Kalinkova, specialistka na endokrinologii a metabolické poruchy ve stejné nemocnici. Upozorňuje, že mnoho populárních diet ignoruje individuální rozdíly, jako jsou genetika, věk, zdravotní stav nebo životní styl. „Lidé často podléhají módním trendům, aniž by si uvědomili, že to, co funguje u jednoho člověka, může u druhého vést k vážným zdravotním problémům,“ vysvětluje Kalinkova. Podle ní je klíčem k úspěchu nikoli slepé následování dietních plánů, ale spolupráce s odborníkem, který pomůže sestavit jídelníček na míru. Jedním z častých problémů je také nedostatek vyváženosti. Mnoho populárních diet se zaměřuje na vyloučení určitých skupin potravin, což může vést k nedostatku důležitých živin. Například diety s nízkým obsahem tuků mohou omezit příjem esenciálních mastných kyselin, zatímco diety s minimem sacharidů mohou negativně ovlivnit energii a koncentraci. „Když tělo nedostává to, co potřebuje, začne si to vybírat na zdraví. Může dojít k oslabení imunity, problémům s trávením nebo dokonce k rozvoji chronických onemocnění,“ upozorňuje Conev. Pro české návštěvníky Bulharska může být zajímavé vědět, že právě tato země nabízí bohatou paletu místních potravin, které mohou být skvělým základem pro vyvážený jídelníček. Tradiční balkánská kuchyně, bohatá na čerstvé ovoce, zeleninu, ryby a mléčné výrobky, je nejen chutná, ale také zdravá. Například jogurt, který je neodmyslitelnou součástí bulharské gastronomie, obsahuje probiotika podporující zdraví střev. A co třeba šopský salát, symbol bulharské kuchyně? Kombinace rajčat, okurek, papriky a sýru sirene nabízí nejen osvěžující chuť, ale i důležité živiny. Pokud plánujete cestu do Bulharska, můžete se inspirovat místními stravovacími návyky a obohatit svůj jídelníček o zdravé a chutné pokrmy. Namísto přísné diety můžete zkusit přirozený přístup, který kombinuje kvalitní suroviny a rozmanitost. A kdo ví? Možná právě objevování bulharské kuchyně vám pomůže najít rovnováhu, kterou hledáte. Ať už se rozhodnete pro jakýkoli přístup, nezapomínejte, že zdraví je vždy na prvním místě. Poslouchejte své tělo, konzultujte své záměry s odborníky a nevěřte všemu, co slibují trendy diety. Jak říká doktorka Kalinkova: „Každý člověk je jedinečný a jeho tělo si zaslouží individuální péči.“ Tak proč nezačít právě na dovolené v Bulharsku, kde můžete spojit odpočinek s objevováním zdravého životního stylu?","1","809","6","0","","0","/C:/Program Files/Git/uploads/2023/07/header-image-2-1.jpg","","short_meta_description;missing_twitter_card;article_missing_article_schema","18233"
"/do-bulharska-s-pasem-nebo-obcankou/","Do Bulharska s pasem nebo občankou? | Visitbulharsko.cz","55","Do Bulharska s pasem nebo občankou? Cestování s pasem může být rychlejší z důvodu využití automatických bran na letištních kontrolách.","134","https://visitbulharsko.cz/C:/Program Files/Git/do-bulharska-s-pasem-nebo-obcankou/","1","Do Bulharska s pasem nebo občankou? Luke Palm · 18. srpna 2022 · 2 min čtení Plánujete dovolenou nebo cestu do Bulharska a tápete, zda cestovat s pasem nebo s občankou? Rozhodnutí závisí na několika faktorech, ale obecně platí, že pokud jste občanem země EU, můžete si zvolit. Zde vám přinášíme pár užitečných informací, které vám pomohou udělat správnou volbu. Cestování do Bulharska s pasem může být rychlejší a pohodlnější z […] (window.adsbygoogle = window.adsbygoogle || []).push({}); ADS / reklamní prostor v článku Plánujete dovolenou nebo cestu do Bulharska a tápete, zda cestovat s pasem nebo s občankou? Rozhodnutí závisí na několika faktorech, ale obecně platí, že pokud jste občanem země EU, můžete si zvolit. Zde vám přinášíme pár užitečných informací, které vám pomohou udělat správnou volbu. Cestování do Bulharska s pasem může být rychlejší a pohodlnější z důvodu využití automatických bran na hraničních kontrolách. Při použití pasu můžete projít rychleji přes bezpečnostní kontrolu na letišti nebo na hranicích, což vám ušetří čas a usnadní přechod. Na druhou stranu, při použití občanského průkazu může být nutné projít klasickou hraniční kontrolou, což může zabrat více času, zejména pokud je velký počet cestujících. Takže pro cestování do Bulharska s cílem urychlit hraniční procedury a ušetřit si čas, je vhodné volit pas. Díky pasu můžete využít automatické brány a snadněji projít hraniční kontrolou. Pokud se rozhodnete cestovat s pasem, doufám, že vám to usnadní a zpříjemní váš pobyt v této krásné zemi. Ať už zvolíte pas nebo občanku, přejeme vám skvělý zážitek a bezproblémovou cestu do Bulharska!","2","808","11","5","","0","/C:/Program Files/Git/uploads/hermes/do-bulharska-s-pasem-nebo-obcankou.png","","missing_twitter_card;missing_alt_5;article_missing_article_schema","18871"
"/dovolena-bulharsko-2025/","Dovolená v Bulharsku 2025 – Nejlepší tipy, ceny a rady na cestu","63","Dovolená v Bulharsku 2025? Objevte nejlepší pláže, ceny ubytování, levné letenky a tipy na jídlo i dopravu. Vše, co potřebujete vědět!","134","https://visitbulharsko.cz/C:/Program Files/Git/dovolena-bulharsko-2025/","1","Dovolená v Bulharsku 2025: Nejlepší tipy, ceny a praktické rady Luke Palm · 17. března 2025 · 3 min čtení Bulharsko si drží pověst skvělé destinace pro letní dovolenou: nízké ceny, skvělé pláže a výborná kuchyně. Pokud už teď plánujete svou dovolenou v Bulharsku na rok 2025, zde jsou ty nejlepší tipy, které vám ušetří čas i peníze (a možná i nervy). Proč zrovna Bulharsko? Nejlepší letoviska pro rok 2025 1. Slunečné pobřeží – ideální […] (window.adsbygoogle = window.adsbygoogle || []).push({}); ADS / reklamní prostor v článku Bulharsko si drží pověst skvělé destinace pro letní dovolenou: nízké ceny, skvělé pláže a výborná kuchyně. Pokud už teď plánujete svou dovolenou v Bulharsku na rok 2025, zde jsou ty nejlepší tipy, které vám ušetří čas i peníze (a možná i nervy).","6","918","6","0","","0","/C:/Program Files/Git/uploads/2025/03/dovolena-bulharsko.webp","","missing_twitter_card;article_missing_article_schema","19936"
"/drama-v-sofii-napadeni-strazneho/","""Drama v Sofii: Napadení strážného"" - Visit Bulharsko","53","**Brutální útok v srdci Sofie: Příběh, který otevírá oči o bezpečnosti ve velkoměstě**","86","https://visitbulharsko.cz/C:/Program Files/Git/drama-v-sofii-napadeni-strazneho/","1","„Drama v Sofii: Napadení strážného“ Luke Palm · 3. ledna 2025 · 2 min čtení Brutální útok v srdci Sofie: Příběh, který otevírá oči o bezpečnosti ve velkoměstě (window.adsbygoogle = window.adsbygoogle || []).push({}); ADS / reklamní prostor v článku V srdci bulharské metropole došlo k šokujícímu incidentu, který znovu otevřel otázky o bezpečnosti v rušném městském prostředí. Noční směna na Centru pro urgentní medicínskou pomoc v Sofii se změnila v dramatickou scénu, když byl 59letý bezpečnostní pracovník napaden a brutálně zbit. Co vedlo k tomuto násilnému aktu a jak na něj reagovaly místní úřady? Připravte se na poutavý příběh, který odhalí více než jen detaily zločinu – nabídne i pohled na širší kontext života ve velkoměstě. Sofie, dynamická metropole Bulharska, je známá svou bohatou historií, kulturním dědictvím a pestrým městským životem. Tato pulsující destinace však není imunní vůči problémům, které přináší velká koncentrace obyvatel. Ve středu večer, konkrétně kolem 22:30, se stalo něco, co vyvolalo rozruch nejen mezi místními obyvateli, ale také v médiích. Na Centru pro urgentní medicínskou pomoc byl napaden 59letý bezpečnostní pracovník, jehož úkolem bylo chránit personál a pacienty tohoto důležitého zařízení. Podle dostupných informací byl útok rychlý a brutální. Útočníci, jejichž identita byla záhy odhalena, se na něj vrhli přímo u budovy centra. Přestože motivy jejich činu nejsou v tuto chvíli zcela jasné, spekuluje se o osobní či emocionální příčině. Policie však reagovala rychle a oba pachatele zadržela krátce po incidentu. Vyšetřování stále probíhá, ale už nyní je zřejmé, že tento případ znovu rozproudil debatu o bezpečnosti pracovníků ve zdravotnictví a o tom, jak jsou chráněni ti, kteří nás chrání. Sofijské zdravotnické zařízení, kde k incidentu došlo, je klíčovým bodem pro poskytování urgentní péče v metropoli. Jeho zaměstnanci jsou zvyklí na stresové situace, avšak násilí vůči personálu zůstává nepřijatelným jevem, který by neměl být tolerován. Místní média upozorňují, že podobné případy nejsou v Bulharsku zcela ojedinělé, a volají po zvýšení bezpečnostních opatření. Diskuze se rozšířila i na sociálních sítích, kde mnoho lidí vyjadřuje solidaritu s napadeným mužem a apeluje na větší respekt vůči těm, kteří denně čelí náročným podmínkám při práci. Tento incident zároveň upozorňuje na méně známou stránku života v Sofii, která může být pro turisty překvapivá. Ačkoliv město nabízí nespočet atrakcí, od historických památek, jako je katedrála Alexandra Něvského, po moderní kavárny a restaurace, je důležité si uvědomit, že Sofie je také místem, kde se prolínají různé sociální problémy. Právě proto je dobré být při návštěvě města obezřetný a dbát na základní pravidla bezpečnosti, zejména v nočních hodinách. Pro cestovatele, kteří se chystají navštívit tuto fascinující destinaci, zůstává Sofie stále atraktivním a bezpečným místem, pokud dodržují běžná preventivní opatření. Bulharsko jako celek je známé svou pohostinností a přátelskou atmosférou. Tento ojedinělý incident by neměl odradit turisty od objevování krás této země, ale spíše je vést k uvědomění, že i během dovolené je důležité zůstat všímavý a respektovat místní kulturu a pravidla. Sofie nabízí mnohem více než jen rušné ulice a občasné konflikty. Je to město, které dokáže okouzlit svou kombinací starobylé historie a moderního života. Ať už se vydáte na prohlídku antických ruin, ochutnáte tradiční bulharskou kuchyni, nebo si jen vychutnáte atmosféru místních parků, Sofie má co nabídnout. Tento incident je připomínkou, že za každým velkým městem se skrývají příběhy, které stojí za to pochopit.","1","803","6","0","","0","/C:/Program Files/Git/uploads/2023/07/header-image-2-1.jpg","","short_meta_description;missing_twitter_card;article_missing_article_schema","18035"
"/ekologicky-raj-v-sofii-levna-doprava-a-cistsi-vzduch/","„Ekologický ráj v Sofii: Levná doprava a čistší vzduch“ - Visit Bulharsko","73","„Bulharská metropole překvapuje: Levné cestování a ekologická revoluce v srdci Balkánu“","87","https://visitbulharsko.cz/C:/Program Files/Git/ekologicky-raj-v-sofii-levna-doprava-a-cistsi-vzduch/","1","„Ekologický ráj v Sofii: Levná doprava a čistší vzduch“ Luke Palm · 8. ledna 2025 · 2 min čtení „Bulharská metropole překvapuje: Levné cestování a ekologická revoluce v srdci Balkánu“ (window.adsbygoogle = window.adsbygoogle || []).push({}); ADS / reklamní prostor v článku Sofia, hlavní město Bulharska, se ve čtvrtek a pátek promění v město s jedinečnou nabídkou pro své obyvatele i návštěvníky. Speciální opatření, která jsou spojena s ekologickými cíli a snahou o zlepšení kvality ovzduší, přinesou nejen levnější cestování městskou hromadnou dopravou, ale i pohodlnější parkování. Co přesně je na těchto dnech tak výjimečného? A proč by vás to mělo zajímat, pokud plánujete návštěvu tohoto fascinujícího města? V reakci na zvýšenou úroveň znečištění ovzduší se vedení města rozhodlo zavést takzvaný „zelený lístek“. Tento speciální typ jízdenky umožňuje neomezené cestování po celém městě za symbolickou cenu jednoho leva (přibližně 12 Kč). Platí pro všechny druhy veřejné dopravy, včetně metra, autobusů, tramvají i trolejbusů. Cílem je motivovat obyvatele i návštěvníky, aby nechali svá auta doma a místo toho využili ekologičtější formy dopravy. Tato iniciativa je navíc doplněna o možnost bezplatného parkování na tzv. záchytných parkovištích u stanic metra, což usnadňuje přístup do centra města. Sofia, která se pyšní bohatou historií a fascinující směsicí architektonických stylů, se v posledních letech snaží zlepšit svůj přístup k ekologii. Podobná opatření nejsou pro město zcela novinkou, avšak jejich zavedení právě v období zvýšeného smogu má za cíl nejen zlepšit kvalitu ovzduší, ale také upozornit na důležitost udržitelného životního stylu. Pokud se chystáte Sofii navštívit, může být tento krok skvělou příležitostí, jak město poznat pohodlně a za minimální náklady. Pro turisty, kteří Sofii navštěvují, představuje zavedení „zeleného lístku“ jedinečnou šanci objevovat město bez stresu z dopravy. Můžete se snadno dostat k těm nejzajímavějším místům, jako je ikonická katedrála sv. Alexandra Něvského, starověká rotunda sv. Jiří nebo rušná Vitoška, hlavní třída plná kaváren a obchodů. Díky výhodné ceně jízdenky se navíc nemusíte omezovat – ať už plánujete navštívit vzdálenější čtvrti, nebo jen prozkoumat centrum, veřejná doprava vám poskytne pohodlí a flexibilitu. Bezplatná záchytná parkoviště u stanic metra jsou dalším bonusem, který ocení především ti, kdo do města přijíždějí autem. Tato parkoviště umožňují ponechat vozidlo na bezpečném místě a pokračovat do centra města bez obav z dopravních zácp. Pro cestovatele, kteří si chtějí užít Sofii bez starostí, je to ideální řešení. Ekologická opatření, jako je zavedení „zeleného lístku“, ukazují, že Sofia se snaží držet krok s moderními trendy v udržitelnosti. Pro návštěvníky města to znamená nejen možnost ušetřit, ale také příležitost podpořit iniciativu, která má pozitivní dopad na životní prostředí. Pokud plánujete výlet do Bulharska, stojí za zvážení, zda právě Sofia nebude tím pravým místem, kde začít. A kdo ví, třeba právě tento krok vás inspiruje k tomu, abyste se do města jednou vrátili – tentokrát nejen za jeho krásami, ale i za jeho ekologickými inovacemi.","1","731","6","0","","0","/C:/Program Files/Git/uploads/2023/07/header-image-2-1.jpg","","long_title;short_meta_description;missing_twitter_card;article_missing_article_schema","17568"
"/evropsky-parlament-zprisnuje-bezpecnost-v-sofii/","**Evropský parlament zpřísňuje bezpečnost v Sofii** - Visit Bulharsko","69","Evropský parlament zpřísňuje bezpečnostní opatření pro svůj personál v Bulharsku","80","https://visitbulharsko.cz/C:/Program Files/Git/evropsky-parlament-zprisnuje-bezpecnost-v-sofii/","1","Evropský parlament zpřísňuje bezpečnost v Sofii Luke Palm · 17. března 2025 · 2 min čtení Evropský parlament zpřísňuje bezpečnostní opatření pro svůj personál v Bulharsku (window.adsbygoogle = window.adsbygoogle || []).push({}); ADS / reklamní prostor v článku Evropský parlament zpřísňuje bezpečnostní opatření pro své zaměstnance v Sofii. Nedávný incident vyvolal obavy o bezpečnost pracovníků evropských institucí v Bulharsku a předsedkyně Evropského parlamentu Roberta Metsola požádala o podporu místních úřadů. Jaké kroky se chystají a co to znamená pro Bulharsko? Evropský parlament se rozhodl posílit bezpečnostní opatření pro své zaměstnance v Sofii poté, co došlo k incidentu, který vyvolal otázky ohledně jejich ochrany. Přestože detaily nejsou zcela jasné, je zřejmé, že se jedná o závažnou situaci, která přiměla vedení Evropského parlamentu jednat. Předsedkyně Roberta Metsola ve svém prohlášení zdůraznila, že nejde o první podobný případ, a vyzvala bulharské úřady k užší spolupráci při zajištění bezpečnosti evropských pracovníků v zemi. Bulharsko je dlouhodobě považováno za bezpečnou destinaci pro turisty i zahraniční pracovníky. Přesto se v posledních letech objevily obavy spojené s organizovaným zločinem a politickými tlaky, což může ovlivnit i pracovní podmínky evropských institucí v zemi. Sofie hostí několik poboček evropských organizací a bezpečnost jejich zaměstnanců je klíčová pro hladké fungování těchto institucí. Podle dostupných informací se plánovaná opatření zaměří na posílení fyzické ostrahy, lepší monitoring bezpečnostních hrozeb a bližší spolupráci mezi Evropským parlamentem a bulharskými bezpečnostními složkami. Metsola rovněž zdůraznila, že bezpečnost zaměstnanců Evropské unie musí být prioritou a že očekává aktivní přístup ze strany bulharských úřadů. Tato situace přichází v době, kdy Bulharsko usiluje o posílení svého postavení v rámci Evropské unie a snaží se zlepšit svou mezinárodní reputaci. Zajištění bezpečnosti evropských pracovníků v Sofii je nejen otázkou ochrany jednotlivců, ale také důležitým signálem o stabilitě a spolehlivosti Bulharska jako členské země EU. Navzdory těmto výzvám zůstává Bulharsko atraktivní destinací pro cestovatele. Země nabízí nádherné pláže, historická města i rozmanitou přírodu, která láká turisty z celého světa. Pro běžné návštěvníky se bezpečnostní situace nijak dramaticky nemění a Sofie i další turistické oblasti zůstávají bezpečné pro zahraniční návštěvníky. Přesto je vždy dobré sledovat aktuální doporučení a být obezřetný, zejména v hlavním městě. Posílení bezpečnostních opatření pro zaměstnance Evropského parlamentu v Sofii ukazuje na širší úsilí o zajištění bezpečnosti v regionu. Ačkoliv se jedná o interní opatření evropských institucí, jejich dopad může být širší a přispět k celkové bezpečnosti v Bulharsku. Pro turisty i místní obyvatele tak zůstává důležité sledovat vývoj situace, ale zároveň si užívat vše, co tato krásná země nabízí.","1","673","6","0","","0","/C:/Program Files/Git/uploads/2023/07/header-image-2-1.jpg","","long_title;short_meta_description;missing_twitter_card;article_missing_article_schema","17287"
"/frankfurt-zima-komplikuje-lety/","„Frankfurt: Zima komplikuje lety“ - Visit Bulharsko","51","&#8222;Ledový chaos ve Frankfurtu: Jak zvládnout zpoždění letů a užít si cestu do Bulharska&#8220;","98","https://visitbulharsko.cz/C:/Program Files/Git/frankfurt-zima-komplikuje-lety/","1","„Frankfurt: Zima komplikuje lety“ Luke Palm · 4. ledna 2025 · 2 min čtení „Ledový chaos ve Frankfurtu: Jak zvládnout zpoždění letů a užít si cestu do Bulharska“ (window.adsbygoogle = window.adsbygoogle || []).push({}); ADS / reklamní prostor v článku Zasněžené dráhy, zpožděné odlety a nejistota v plánování. Pokud máte v plánu letět přes Frankfurt, připravte se na komplikace. Německé letiště, které patří mezi nejrušnější v Evropě, čelí výzvám spojeným s nepříznivým počasím – sněhem a ledovým deštěm. Co to znamená pro cestující a jak se na situaci připravit? A jak může taková situace ovlivnit vaše plány na cestu do Bulharska? Čtěte dále. Letiště ve Frankfurtu, jedno z nejdůležitějších dopravních uzlů v Evropě, se připravuje na zítřejší nepříznivé počasí, které může způsobit výrazné problémy v letecké dopravě. Společnost Fraport, která letiště provozuje, již varovala cestující, aby počítali nejen se zpožděními, ale i s možností rušení letů. Hlavním důvodem jsou očekávané sněhové přeháňky a ledový déšť, které mohou výrazně ztížit provoz na ranvejích i samotné odbavování letadel. Zatímco Frankfurt se připravuje na zimní bouři, cestující jsou vyzýváni, aby pečlivě sledovali aktuální informace o svých letech. Zvláště ti, kteří plánují navštívit Bulharsko, by měli být na pozoru. Přímé lety z Německa do Sofie a dalších bulharských destinací mohou být ovlivněny, což by mohlo zkomplikovat nejen začátek dovolené, ale i návrat domů. Doporučuje se pravidelně kontrolovat stav letu na webových stránkách leteckých společností a být připraven na případné změny. Pokud se ocitnete v situaci, kdy váš let bude zrušen nebo výrazně zpožděn, je dobré vědět, jak postupovat. Evropské předpisy na ochranu práv cestujících vám dávají možnost žádat o kompenzaci v případě, že zpoždění přesáhne určitou dobu. Navíc by vám letecká společnost měla poskytnout občerstvení, ubytování a případně i náhradní let. Ujistěte se, že máte všechny potřebné doklady a účtenky, které by mohly podpořit váš nárok na náhradu. Pro ty, kteří plánují cestu do Bulharska, může být zpoždění letu příležitostí k lepšímu naplánování programu. Pokud například letíte do Sofie, můžete si připravit záložní plán pro první den pobytu a vyhnout se tak stresu z narušení itineráře. Bulharsko nabízí širokou škálu aktivit – od poznávání historických památek, jako je Rilský klášter, až po odpočinek v přírodě v pohoří Rila nebo Pirin. Zimní počasí ve Frankfurtu je také připomínkou, že Bulharsko není jen letní destinací. Pokud byste se rozhodli odložit svou cestu na pozdější termín, můžete objevit kouzlo bulharské zimy. Lyžařská střediska, jako je Bansko, Borovec nebo Pamporovo, nabízejí skvělé podmínky pro milovníky zimních sportů. Navíc je zde možnost ochutnat místní speciality, jako je banica nebo rakija, v útulných horských chatách. Ať už se rozhodnete vydat do Bulharska nyní, či později, nezapomeňte sledovat aktuální zprávy a být připraveni na nepředvídatelné situace. Letiště ve Frankfurtu a jeho provoz jsou jen jedním z mnoha faktorů, které mohou ovlivnit vaše cestovní plány. Důležité je zachovat klid, být flexibilní a využít každou situaci ve svůj prospěch. Koneckonců, i čekání na letišti může být příležitostí k tomu, abyste si lépe naplánovali svůj pobyt a těšili se na vše, co Bulharsko nabízí.","1","758","6","0","","0","/C:/Program Files/Git/uploads/2023/07/header-image-2-1.jpg","","short_meta_description;missing_twitter_card;article_missing_article_schema","17655"
"/gastronomicka-revoluce-v-sofii/","**Gastronomická revoluce v Sofii!** - Visit Bulharsko","53","Bulharsko jako nová gastronomická destinace: Tři šéfkuchaři změní váš pohled na haute cuisine","93","https://visitbulharsko.cz/C:/Program Files/Git/gastronomicka-revoluce-v-sofii/","1","Gastronomická revoluce v Sofii! Luke Palm · 18. března 2025 · 2 min čtení Bulharsko jako nová gastronomická destinace: Tři šéfkuchaři změní váš pohled na haute cuisine (window.adsbygoogle = window.adsbygoogle || []).push({}); ADS / reklamní prostor v článku Pokud jste si dosud mysleli, že vrcholná gastronomie je jen výsadou Paříže, Londýna či Tokia, možná vás překvapí, že i v Bulharsku můžete zažít skutečný kulinářský zážitek na nejvyšší úrovni. Do Sofie totiž míří tři hvězdní šéfkuchaři, kteří se chystají změnit vaše představy o tom, co znamená opravdu dobré jídlo. Jejich přístup je založen na vášni, respektu k surovinám a neustálém hledání nových chutí. Pokud plánujete cestu do Bulharska, možná byste měli zvážit zastávku v hlavním městě – čeká vás gastronomická podívaná, kterou si rozhodně nechcete nechat ujít. Sofie se stává stále zajímavějším místem nejen pro milovníky historie a kultury, ale i pro ty, kteří rádi objevují nové chutě. Tentokrát se bulharská metropole stane dějištěm mimořádné události – návštěvy tří šéfkuchařů, kteří patří mezi elitu evropské gastronomie. Přicházejí pod hlavičkou prestižní organizace JRE – Jeunes Restaurateurs, která sdružuje talentované kuchaře z různých koutů Evropy. Jejich cílem je nejen ukázat vrcholnou kuchyni v tom nejlepším světle, ale také inspirovat místní kulinářskou scénu a návštěvníky k novému pohledu na jídlo. Každý z těchto šéfkuchařů přináší něco jedinečného. První z nich je známý svou precizností a důrazem na dokonalou harmonii chutí. Druhý se specializuje na inovativní přístupy, které kombinují tradiční recepty s moderními technikami. Třetí je mistrem v práci s místními surovinami a dokáže z nich vykouzlit pokrmy, které překvapí i ty nejnáročnější gurmány. Společně vytvoří menu, které bude nejen lahodné, ale také vizuálně působivé a plné nečekaných kombinací. Návštěvníci této události se mohou těšit na pokrmy, které posouvají hranice běžné gastronomie. Každý chod bude pečlivě promyšlený a připravený s maximální pozorností k detailu. Kromě samotného jídla bude důležitou součástí i prezentace jednotlivých pokrmů a příběh, který za nimi stojí. Šéfkuchaři se totiž snaží nejen vařit, ale také předávat své znalosti a filozofii, která je vede k neustálému zlepšování. Pro Bulharsko je tato událost dalším důkazem, že se jeho gastronomická scéna dynamicky rozvíjí. Země, která byla dlouho vnímána spíše jako destinace pro cenově dostupné dovolené u moře, se nyní stále více prosazuje i v oblasti kvalitního jídla. Sofie a další velká města lákají nejen turisty, ale i investory, kteří vidí v místní kuchyni velký potenciál. Tento trend potvrzuje i rostoucí počet restaurací, které se zaměřují na moderní gastronomii a pracují s prvotřídními surovinami. Pokud se chystáte do Bulharska, možná byste měli zvážit návštěvu Sofie právě v době, kdy tito tři šéfkuchaři představí své umění. Bude to skvělá příležitost nejen ochutnat něco výjimečného, ale také poznat, jak se bulharská gastronomie mění a vyvíjí. A kdo ví, možná si z této zkušenosti odnesete nejen skvělé chuťové zážitky, ale i inspiraci pro vlastní kulinářské experimenty.","1","725","6","0","","0","/C:/Program Files/Git/uploads/2023/07/header-image-2-1.jpg","","short_meta_description;missing_twitter_card;article_missing_article_schema","17432"
"/husta-mlha-hali-sofii-zmena-uz-brzy/","Hustá mlha halí Sofii, změna už brzy! - Visit Bulharsko","55","„Tajemná mlha nad Sofií: Kdy se vrátí jasná obloha a proč stojí za to město navštívit právě teď?“","97","https://visitbulharsko.cz/C:/Program Files/Git/husta-mlha-hali-sofii-zmena-uz-brzy/","1","Hustá mlha halí Sofii, změna už brzy! Luke Palm · 3. ledna 2025 · 2 min čtení „Tajemná mlha nad Sofií: Kdy se vrátí jasná obloha a proč stojí za to město navštívit právě teď?“ (window.adsbygoogle = window.adsbygoogle || []).push({}); ADS / reklamní prostor v článku Hustá mlha zahalila Sofii a její okolí už několik dní a místní obyvatelé i turisté netrpělivě čekají, kdy se počasí zlepší. Zatímco rána a večery jsou zahaleny do neproniknutelného závoje, přes den se město jen stěží probouzí do šedavé reality. Co však stojí za tímto neobvyklým jevem a kdy se mohou návštěvníci krás bulharské metropole těšit na jasnější oblohu? Odpovědi přinášíme v následujících řádcích. Podle předpovědi bulharských meteorologů, konkrétně Anastasije Kirilové z Národního institutu meteorologie a hydrologie (NIMH), se mlha, která v posledních dnech zahalila Sofii, začne rozplývat během soboty. Příčinou tohoto meteorologického jevu je vliv vysokého tlakového hřebene a anticyklonálního pole, které udržuje stabilní, ale vlhký vzduch v nížinách. Tento jev je častý v podzimních a zimních měsících, kdy rozdíly v teplotách mezi dnem a nocí vytvářejí ideální podmínky pro vznik husté mlhy. Během posledních čtyř dní byla mlha v Sofii nejen estetickým, ale i praktickým problémem. Snížená viditelnost komplikovala dopravu, zejména na rušných silnicích a v okolí letiště, kde bylo nutné zavést zvýšená bezpečnostní opatření. Pro turisty, kteří se vydali objevovat krásy hlavního města Bulharska, znamenala mlha omezený výhled na ikonické památky, jako je Katedrála Alexandra Něvského nebo Vitošská ulice. Přesto se však někteří návštěvníci nenechali odradit a využili mlhavé atmosféry k romantickým procházkám či fotografování. Pro cestovatele, kteří plánují návštěvu Sofie v následujících dnech, je však dobrá zpráva: situace se brzy změní. Podle předpovědi se očekává, že již během soboty mlha ustoupí a město opět nabídne jasnější pohledy na své architektonické skvosty a okolní přírodu. Pokud tedy máte v plánu vyrazit do Sofie, víkend je ideální příležitostí k prozkoumání tohoto fascinujícího města. Sofie, ležící na úpatí majestátního pohoří Vitoša, je nejen administrativním a kulturním centrem Bulharska, ale také ideálním výchozím bodem pro objevování okolní přírody. Po zlepšení počasí se doporučuje navštívit například Národní park Vitoša, který nabízí krásné turistické trasy a panoramatické výhledy. Pro milovníky historie a kultury je zde řada muzeí, galerií a historických památek, které stojí za to prozkoumat. Ať už se rozhodnete prozkoumat Sofii pod jasnou oblohou, nebo si vychutnat její tajemnou mlhavou atmosféru, jedno je jisté: toto město má co nabídnout v každém ročním období. Nechte se inspirovat jeho jedinečnou kombinací historie, moderního života a přírodních krás, ať už je počasí jakékoliv.","1","679","6","0","","0","/C:/Program Files/Git/uploads/2023/07/header-image-2-1.jpg","","short_meta_description;missing_twitter_card;article_missing_article_schema","17093"
"/husta-mlha-na-letisti-v-sofii-jak-pocasi-zamichalo-leteckymi-plany-a-prineslo-dobrodruzstvi-cestujicim/","Hustá mlha na letišti v Sofii - Visit Bulharsko","47","&#8222;Hustá mlha zkomplikovala lety&#8220;","43","https://visitbulharsko.cz/C:/Program Files/Git/husta-mlha-na-letisti-v-sofii-jak-pocasi-zamichalo-leteckymi-plany-a-prineslo-dobrodruzstvi-cestujicim/","1","Hustá mlha na letišti v Sofii Luke Palm · 31. prosince 2024 · 2 min čtení „Hustá mlha zkomplikovala lety“ (window.adsbygoogle = window.adsbygoogle || []).push({}); ADS / reklamní prostor v článku 2024-12-31 Představte si, že plánujete svou cestu do Bulharska, těšíte se na pohodový let, a najednou vás překvapí hustá mlha, která změní celé vaše plány. Přesně to se stalo cestujícím na letišti v Sofii, kde muselo být pět letů nečekaně přesměrováno. Co vedlo k této situaci, jak na ni zareagovali cestující i posádky letadel, a jaká opatření byla přijata na letišti? Čtěte dál a zjistěte, jak nepředvídatelné počasí ovlivnilo leteckou dopravu v srdci Bulharska. Letiště v Sofii, hlavní letecká brána do Bulharska, se v noci na dnešek ocitlo pod hustou mlhou, která výrazně zkomplikovala přistávání letadel. Podle informací od koncesionáře letiště muselo být pět letů přesměrováno na jiná letiště, a to na základě rozhodnutí posádek jednotlivých letadel. První z přesměrovaných letů byl spoj společnosti Wizz Air z německého Stuttgartu, který byl po půlnoci odkloněn na letiště v Plovdivu, ležící přibližně 150 kilometrů jihovýchodně od Sofie. Další lety, včetně spojů z Londýna a Mnichova, byly nasměrovány na letiště v Burgasu, které se nachází na pobřeží Černého moře. Hustá mlha, která je v zimním období v Sofii poměrně častým jevem, způsobila nepřehledné podmínky pro přistávání, což přimělo piloty k preventivnímu rozhodnutí. Bezpečnost cestujících byla hlavním kritériem, a tak byla přijata tato nepopulární, avšak nezbytná opatření. Cestující, kteří se ocitli na jiných letištích, byli následně přepraveni do Sofie pozemní dopravou. Přestože situace způsobila určité nepohodlí, letiště v Sofii spolu s leteckými společnostmi zajistilo hladký průběh všech operací. Tento incident je připomínkou toho, jak nevyzpytatelné může být počasí v horských oblastech, kde Sofie leží. Ačkoliv je hlavní město Bulharska moderně vybaveno na zvládání podobných situací, příroda má někdy poslední slovo. Pokud plánujete cestu do Bulharska během zimního období, doporučujeme sledovat aktuální informace o počasí a být připraveni na případné změny v letovém řádu. Sofie a její okolí však stojí za návštěvu i v zimě – ať už kvůli historickým památkám, jako je katedrála Alexandra Něvského, nebo lyžařským střediskům v nedalekých horách Vitoša. Ať už se chystáte na dovolenou v létě nebo v zimě, Bulharsko vás překvapí svou pohostinností, krásami přírody i bohatou historií. Nepředvídatelné počasí jen dodává cestování špetku dobrodružství, na které budete ještě dlouho vzpomínat.","1","647","6","0","","0","/C:/Program Files/Git/uploads/2023/07/header-image-2-1.jpg","","short_meta_description;missing_twitter_card;article_missing_article_schema","16768"
"/ilyrove-a-thrakove-predchudci-bulharskeho-naroda/","Ilyrové a Thrákové: Předchůdci bulharského národa - Visit Bulharsko","67","Bulharsko je zemí, jejíž historie sahá hluboko do minulosti, a přestože dnes ho známe jako domov Slovanů, jeho kořeny sahají do doby, kdy na Balkáně vládli dva významné národy – Ilyrové a Thrákové. Tito dávní obyvatelé formovali nejen krajinu, ale i kulturní tradice, které ovlivnily další vývoj regionu a položily základy pro moderní bulharskou identitu. [&hellip;]","366","https://visitbulharsko.cz/C:/Program Files/Git/ilyrove-a-thrakove-predchudci-bulharskeho-naroda/","1","Ilyrové a Thrákové: Předchůdci bulharského národa Luke Palm · 3. ledna 2025 · 2 min čtení Bulharsko je zemí, jejíž historie sahá hluboko do minulosti, a přestože dnes ho známe jako domov Slovanů, jeho kořeny sahají do doby, kdy na Balkáně vládli dva významné národy – Ilyrové a Thrákové. Tito dávní obyvatelé formovali nejen krajinu, ale i kulturní tradice, které ovlivnily další vývoj regionu a položily základy pro moderní bulharskou identitu. […] (window.adsbygoogle = window.adsbygoogle || []).push({}); ADS / reklamní prostor v článku Bulharsko je zemí, jejíž historie sahá hluboko do minulosti, a přestože dnes ho známe jako domov Slovanů, jeho kořeny sahají do doby, kdy na Balkáně vládli dva významné národy – Ilyrové a Thrákové. Tito dávní obyvatelé formovali nejen krajinu, ale i kulturní tradice, které ovlivnily další vývoj regionu a položily základy pro moderní bulharskou identitu.","1","893","6","0","","0","/C:/Program Files/Git/uploads/hermes/ilyrove-a-thrakove-predchudci-bulharskeho-naroda.png","","long_title;long_meta_description;missing_twitter_card;article_missing_article_schema","20050"
"/jak-do-nessebaru/","Jak do Nessebaru ze Sunny Beach? | Visitbulharsko.cz","52","Městečko na bulharském pobřeží je zapsáno na seznamu světového kulturního dědictví. Jak do Nessebaru ze Sunny Beach? Přečtěte si tento tip.","139","https://visitbulharsko.cz/C:/Program Files/Git/jak-do-nessebaru/","1","Jak do Nessebaru ze Sunny Beach? Luke Palm · 26. července 2023 · 2 min čtení Objevte kouzlo malebného Nessebaru Pokud se nacházíte na Slunečném pobřeží a máte chuť na dobrodružství, není nic snazšího než se vydat do nedalekého Nessebaru. Existuje několik způsobů, jak se tam dostat a všechny jsou dostupné i pro cestovatele s různými rozpočty. Výlet lodí Nejpohodlnější variantou je loď, která vás odveze z pláže v centru Slunečného […] (window.adsbygoogle = window.adsbygoogle || []).push({}); ADS / reklamní prostor v článku","3","830","11","5","","0","/C:/Program Files/Git/uploads/2023/07/Snimek-obrazovky-2024-11-02-230205.png","","missing_twitter_card;missing_alt_5;article_missing_article_schema","18996"
"/jak-si-uzit-bulharsko-i-v-chladu/","**Jak si užít Bulharsko i v chladu?** - Visit Bulharsko","55","Co dělat v Bulharsku, když počasí nepřeje: Tipy na zajímavé aktivity","68","https://visitbulharsko.cz/C:/Program Files/Git/jak-si-uzit-bulharsko-i-v-chladu/","1","Jak si užít Bulharsko i v chladu? Luke Palm · 17. března 2025 · 2 min čtení Co dělat v Bulharsku, když počasí nepřeje: Tipy na zajímavé aktivity (window.adsbygoogle = window.adsbygoogle || []).push({}); ADS / reklamní prostor v článku Bulharsko je oblíbenou destinací pro letní dovolenou, ale co když vás tam zastihne chladnější počasí? Přestože je tato země známá slunečnými plážemi a teplým mořem, někdy přijde ochlazení, které může ovlivnit vaše plány. Pokud se chystáte na cestu, je dobré být připraveni na změny počasí a vědět, jak si i v chladnějších dnech užít pobyt naplno. Do Bulharska proudí studený vzduch ze severozápadu a s ním přicházejí i srážky. Teploty se pohybují mezi 11 a 16 stupni, což je výrazný pokles oproti typickým letním dnům. Nejvýraznější ochlazení je patrné v Sofii, kde lze očekávat maximálně 11 stupňů. Spolu s tím se objevuje silnější vítr, který může ovlivnit pocitovou teplotu. Pro turisty, kteří si plánovali pobyt u moře, to znamená nutnost přizpůsobit program. Pokud jste doufali v dlouhé dny na pláži, možná budete muset najít alternativní aktivity. Bulharsko ale nabízí mnoho možností, jak využít i chladnější počasí. Pokud se nacházíte v Burgasu nebo Varně, můžete se vydat na prohlídku místních muzeí a historických památek. Například v Burgasu stojí za návštěvu Archeologické muzeum, kde se dozvíte více o thrácké historii regionu. Ve Varně zase můžete navštívit římské lázně nebo slavné Muzeum mořských pokladů. Milovníci přírody mohou vyrazit do pohoří Stara Planina, kde sice bude chladněji, ale podzimní krajina zde má své kouzlo. Turistické stezky vedoucí k vodopádům nebo starobylým klášterům nabízejí jedinečné zážitky. Pokud se vydáte do vnitrozemí, můžete navštívit Plovdiv, jedno z nejstarších měst v Evropě, které nabízí fascinující směs antické a osmanské architektury. V Sofii je možností ještě více. Národní historické muzeum je skvělým místem pro pochopení bulharské minulosti. Pokud máte rádi teplé nápoje a příjemnou atmosféru, místní kavárny nabízejí skvělé podmínky pro odpočinek. Navštivte například čtvrť Oborishte, kde najdete útulné podniky s výbornou kávou a tradičními dezerty. Chladnější počasí může být také ideální příležitostí k ochutnání bulharské kuchyně. Tradiční pokrmy jako bob chorba (fazolová polévka) nebo kavarma (masové ragú) vás zahřejí a dodají energii na další objevování. Restaurace po celé zemi nabízejí širokou škálu místních specialit, které stojí za vyzkoušení. Ať už se počasí v Bulharsku změní jakkoliv, vždy se najde způsob, jak si pobyt užít. Stačí být připraven na různé možnosti a nebát se objevovat méně známé, ale o to zajímavější stránky této krásné země.","1","670","6","0","","0","/C:/Program Files/Git/uploads/2023/07/header-image-2-1.jpg","","short_meta_description;missing_twitter_card;article_missing_article_schema","16884"
"/jak-technologie-meni-bulharske-farmy/","„Jak technologie mění bulharské farmy“ - Visit Bulharsko","56","„Bulharské zemědělství na křižovatce tradic a moderních technologií: Jak chytré farmy mění venkov“","98","https://visitbulharsko.cz/C:/Program Files/Git/jak-technologie-meni-bulharske-farmy/","1","„Jak technologie mění bulharské farmy“ Luke Palm · 4. ledna 2025 · 2 min čtení „Bulharské zemědělství na křižovatce tradic a moderních technologií: Jak chytré farmy mění venkov“ (window.adsbygoogle = window.adsbygoogle || []).push({}); ADS / reklamní prostor v článku Když se řekne „chytré zemědělství“, možná si představíte sci-fi krajinu plnou robotů, dronů a autonomních strojů, které bez lidského zásahu pečují o rozlehlé lány úrodné půdy. Realita sice není tak futuristická, ale technologie už dnes mění způsob, jakým se v zemědělství pracuje. Bulharsko, země známá nejen svými plážemi a historickými památkami, ale i bohatou zemědělskou tradicí, se postupně otevírá těmto moderním metodám. Jaké přínosy to má pro místní farmáře a co to znamená pro zemi, která je jedním z největších producentů růžového oleje na světě? Čtěte dál a zjistěte, jak je „chytré“ zemědělství schopné proměnit tvář bulharského venkova. Bulharsko je země s bohatou agrární historií, kde zemědělství tvoří důležitou součást ekonomiky i každodenního života. Díky svému mírnému klimatu a úrodné půdě je vhodné pro pěstování široké škály plodin, od obilí přes zeleninu až po vinnou révu. Ale stejně jako v jiných zemích i zde čelí farmáři výzvám, jako je změna klimatu, nedostatek pracovních sil nebo potřeba zvyšovat efektivitu produkce. A právě zde přichází na scénu „chytré“ zemědělství, které využívá moderní technologie k řešení těchto problémů. Jedním z klíčových nástrojů je precizní zemědělství, které pracuje s daty získanými z různých zdrojů, jako jsou satelity, senzory nebo drony. Tyto informace umožňují farmářům lépe porozumět svým polím a efektivněji rozdělovat zdroje, jako je voda, hnojiva nebo pesticidy. Například díky senzorům v půdě lze přesně určit, kdy a kde je potřeba zavlažovat, což nejen šetří vodu, ale zároveň zvyšuje výnosy. V Bulharsku, kde jsou některé oblasti náchylné k suchu, může mít taková technologie zásadní význam. Dalším příkladem jsou drony, které se stávají stále populárnějším nástrojem pro monitorování polí. Jsou schopné rychle a přesně zmapovat velké plochy, identifikovat problémová místa, jako jsou škůdci nebo choroby, a pomoci farmářům zasáhnout dříve, než dojde k větším škodám. To nejen minimalizuje ztráty, ale také snižuje potřebu chemikálií, což je přínosné jak pro životní prostředí, tak pro kvalitu produkce. Největší výzvou pro zavádění těchto technologií v Bulharsku je však jejich finanční dostupnost. Menší farmáři, kterých je v zemi většina, často nemají prostředky na investice do těchto inovací. Naštěstí se situace zlepšuje díky různým dotačním programům a iniciativám, které podporují modernizaci zemědělství. Evropská unie, jejímž je Bulharsko členem, poskytuje finanční prostředky na rozvoj venkova a podporu udržitelných zemědělských praktik, což umožňuje i menším farmářům přístup k novým technologiím. Pro cestovatele, kteří se chtějí o tomto tématu dozvědět více, nabízí Bulharsko mnoho příležitostí. Navštivte například některou z moderních farem, které se specializují na ekologické produkty a ukazují, jak lze skloubit tradice s technologiemi. Nebo si udělejte výlet do růžových polí v okolí Kazanlaku, kde se snoubí krásná příroda s inovacemi při pěstování růží. Tato kombinace starého a nového je fascinující ukázkou toho, jak se zemědělství může přizpůsobit výzvám moderní doby. „Chytré“ zemědělství není jen o technologiích, ale také o změně přístupu k hospodaření. Bulharsko má díky svým přírodním podmínkám a kulturním tradicím jedinečnou příležitost stát se příkladem, jak lze modernizovat zemědělství, aniž by se ztratila jeho duše. A kdo ví, možná příští dovolená v této zemi nebude jen o plážích a horách, ale také o objevování toho, jak technologie mění svět, který nás obklopuje.","1","815","6","0","","0","/C:/Program Files/Git/uploads/2023/07/header-image-2-1.jpg","","short_meta_description;missing_twitter_card;article_missing_article_schema","18220"
"/kamenny-les-v-ohrozeni-proc/","""Kamenný les v ohrožení: proč?"" - Visit Bulharsko","49","&#8222;Kamenný les v ohrožení: Jak motokros a bagry ničí unikátní přírodní klenot u Varny&#8220;","96","https://visitbulharsko.cz/C:/Program Files/Git/kamenny-les-v-ohrozeni-proc/","1","„Kamenný les v ohrožení: proč?“ Luke Palm · 8. ledna 2025 · 2 min čtení „Kamenný les v ohrožení: Jak motokros a bagry ničí unikátní přírodní klenot u Varny“ (window.adsbygoogle = window.adsbygoogle || []).push({}); ADS / reklamní prostor v článku Na severním pobřeží Bulharska, nedaleko města Varna, se nachází jedno z nejzajímavějších přírodních míst této balkánské země – chráněná oblast Pobitite kamani, známá také jako Kamenný les. Tato lokalita, proslulá svými unikátními skalními útvary připomínajícími starověké sloupy, bývá cílem turistů i milovníků přírody. Poslední dobou se však do popředí zájmu dostává z jiného důvodu, a to kvůli aktivitám, které přírodnímu prostředí rozhodně neprospívají. Co se v této oblasti přesně děje a jak to ovlivňuje její budoucnost? Čtěte dále a zjistěte více. Pobitite kamani je jedinečné místo, které vzniklo přírodními procesy před miliony let. Kamenné útvary, vysoké až sedm metrů, zde vytvářejí dojem mystického pralesa z kamene. Oblast je chráněná nejen kvůli své geologické hodnotě, ale také pro svůj ekosystém, který zahrnuje vzácné rostliny i živočichy. Bohužel, tato přírodní oáza se v poslední době potýká s nečekaným problémem – motokrosovými závody. Podle místních obyvatel se o víkendech často stává dějištěm hlučných a destruktivních aktivit, které ohrožují nejen přírodní krásy, ale i klid a bezpečnost návštěvníků. Zprávy o motorkářích, kteří tuto oblast využívají jako své neoficiální závodiště, se objevují již delší dobu. Nedávno však situace eskalovala, když byl na místě spatřen dokonce pásový bagr. Tento těžký stroj podle svědků narušil povrch terénu, což mohlo mít negativní dopad na stabilitu některých skalních útvarů. Místní úřady již zahájily vyšetřování a zvažují zpřísnění ochranných opatření. Nicméně, otázkou zůstává, proč k těmto aktivitám vůbec dochází v oblasti, která by měla být přísně střežená. Problém může spočívat v nedostatečném dohledu a kontrole. Ačkoli je Pobitite kamani oficiálně chráněnou lokalitou, její rozlehlost a odlehlost od městského ruchu z ní činí snadný cíl pro ty, kteří nehledí na pravidla. Navíc, popularita motokrosu a podobných aktivit neustále roste, což zvyšuje tlak na přístupné přírodní lokality. Místní obyvatelé a ekologové volají po větší osvětě i konkrétních krocích, které by zabránily dalšímu poškozování tohoto unikátního místa. Pro návštěvníky, kteří chtějí Pobitite kamani obdivovat v celé jeho kráse, je důležité dbát na pravidla ochrany přírody. Pokud se rozhodnete tuto lokalitu navštívit, doporučuje se zvolit organizované prohlídky s průvodcem, který vám nejen ukáže nejzajímavější místa, ale také zajistí, že váš pobyt nebude mít negativní dopad na okolní prostředí. Také je dobré upozornit na jakékoli podezřelé aktivity, které by mohly ohrožovat tento přírodní klenot. Pobitite kamani je jedním z mnoha důvodů, proč navštívit Bulharsko. Kromě nádherných pláží a historických památek nabízí tato země i fascinující přírodní úkazy, které stojí za to chránit. Doufejme, že se situace kolem motokrosových závodů brzy vyřeší a že tato lokalita zůstane zachována i pro budoucí generace. Pokud plánujete cestu na toto místo, nezapomeňte si s sebou přinést nejen fotoaparát, ale i respekt k přírodě, která je zde opravdovým pokladem.","1","739","6","0","","0","/C:/Program Files/Git/uploads/2023/07/header-image-2-1.jpg","","short_meta_description;missing_twitter_card;article_missing_article_schema","17654"
"/katedrala-svateho-cyrila-a-metodeje-v-burgasu/","Katedrála svatého Cyrila a Metoděje v Burgasu | Visitbulharsko.cz","65","Tato nádherný Katedrála svatého Cyrila a Metoděje v Burgasu je jednou z památek města a odkazem svatých, kteří vytvořili slovanskou abecedu.","140","https://visitbulharsko.cz/C:/Program Files/Git/katedrala-svateho-cyrila-a-metodeje-v-burgasu/","1","Katedrála svatého Cyrila a Metoděje v Burgasu Luke Palm · 24. září 2022 · 2 min čtení Katedrála svatého Cyrila a Metoděje v Burgasu je přesně to místo, kde můžete obdivovat krásu a historii bulharské kultury, určitě byste ji při svých toulkách neměli vynechat. Tento nádherný kostel je jednou z památek města a svědectvím o odkazu svatých, kteří vytvořili slovanskou abecedu a šířili křesťanství mezi slovanskými národy. Mimo jiné působili i v […] (window.adsbygoogle = window.adsbygoogle || []).push({}); ADS / reklamní prostor v článku Katedrála svatého Cyrila a Metoděje v Burgasu je přesně to místo, kde můžete obdivovat krásu a historii bulharské kultury, určitě byste ji při svých toulkách neměli vynechat. Tento nádherný kostel je jednou z památek města a svědectvím o odkazu svatých, kteří vytvořili slovanskou abecedu a šířili křesťanství mezi slovanskými národy. Mimo jiné působili i v Českých zemích. Ferdinand I. Bulharský Sv. Cyril a Metoděj Uvnitř katedrály Ricardo Toscani Tato budova byla postavena na konci 19. a začátku 20. století za vlády Ferdinanda I. Bulharského podle návrhu italského architekta Ricarda Toscaniho. Jedná se o trojlodní baziliku. Hlavní lodí a s dvěma bočními loděmi, zdobená mramorovými sloupy, vitrážemi, freskami a ikonami. Hlavní kopule stojí nad vysokým dvanáctistěnným okenním bubenem, který vytváří prostorný a světlý interiér. Vitráž nad hlavním vchodem zobrazuje svaté bratry Cyrila a Metoděje, kterým je také vzdána pocta bronzovou sochou před kostelem. Katedrála sv. Cyrila a Metoděje v Burgasu byla postavena z darů panovníka a mimo to i z darů jiných bulharských měst a také některých zahraničních mecenášů. Mezi dárci počítáme například krále Karel I. Rumunského, cara Mikuláše II. Ruského, papeže Lva XIII., císaře Františeka Josefa I. Rakousko-Uherského a sultána Abdulhamida II. Osmanského. Jedná se o významnou kulturní památkou národního významu. Hostí různé akce, jako jsou koncerty, výstavy, přednášky a festivaly. Je také oblíbeným cílem turistů, kteří se mohou dozvědět více o historii a významu kostela od průvodců a brožur dostupných na místě. Svatý Cyril a Metoděj. Zdroj: Česká televize","2","820","11","5","","0","/C:/Program Files/Git/uploads/2022/09/burgas-aktivity-katedrala.png","","missing_twitter_card;missing_alt_5;article_missing_article_schema","19771"
"/kaufland-expanduje-v-bulharsku/","**Kaufland expanduje v Bulharsku!** - Visit Bulharsko","53","**Kaufland expanduje v Bulharsku: Nové moderní hypermarkety přinášejí lepší nakupování**","88","https://visitbulharsko.cz/C:/Program Files/Git/kaufland-expanduje-v-bulharsku/","1","Kaufland expanduje v Bulharsku! Luke Palm · 12. března 2025 · 2 min čtení Kaufland expanduje v Bulharsku: Nové moderní hypermarkety přinášejí lepší nakupování (window.adsbygoogle = window.adsbygoogle || []).push({}); ADS / reklamní prostor v článku Bulharsko se stává stále atraktivnější destinací nejen pro turisty, ale i pro velké mezinárodní společnosti. Jeden z největších maloobchodních řetězců, Kaufland, právě otevřel svůj nový hypermarket v Sofii a plánuje další expanzi. Nová pobočka na Botevgradské třídě je součástí širší strategie společnosti, která se po několika letech pozvolného růstu rozhodla pro agresivnější rozšíření na bulharském trhu. Co to znamená pro místní obyvatele i návštěvníky? A kde se brzy otevřou další obchody? Kaufland investoval více než 25 milionů leva do nového hypermarketu, který se nachází v retail parku XOPark Sofia. Tento moderní obchodní komplex přilákal řadu velkých značek a stal se významným nákupním centrem pro obyvatele hlavního města. Nový hypermarket nabídne široký sortiment potravin, domácích potřeb i spotřebního zboží, přičemž klade důraz na čerstvé produkty a kvalitní služby. Tento krok je součástí širší strategie expanze společnosti v Bulharsku. Podle generálního ředitele Ivana Černeva plánuje Kaufland do konce roku otevřít další dvě pobočky v Sofii – jednu v čtvrti Nadežda a druhou v oblasti Stočné stanice. To znamená, že obyvatelé těchto částí města získají snadnější přístup k široké nabídce produktů za výhodné ceny. Zajímavé je, že Kaufland se v posledních letech v Bulharsku rozšiřoval spíše pozvolna. Poslední výraznější expanze proběhla před několika měsíci, kdy společnost otevřela nový obchod v historické budově sofijských hal. Tento trend naznačuje, že maloobchodní řetězec vidí v bulharském trhu velký potenciál a je připraven investovat do dalšího růstu. Pro turisty, kteří navštěvují Bulharsko, může být tato expanze také zajímavá. Kaufland je známý svou širokou nabídkou místních i mezinárodních produktů, což může být užitečné zejména pro ty, kteří si chtějí během pobytu nakoupit kvalitní potraviny za dostupné ceny. Mnoho návštěvníků Bulharska si oblíbilo místní produkty, jako jsou čerstvé ovoce, zelenina, sýry a vína, které jsou v hypermarketech této značky běžně k dostání. Bulharsko se tak stává nejen oblíbenou destinací pro dovolenou, ale i atraktivním trhem pro mezinárodní společnosti. Expanzní plány Kauflandu ukazují, že ekonomika země roste a zájem o moderní nákupní centra sílí. Pro místní obyvatele i turisty to znamená širší nabídku produktů a lepší dostupnost kvalitních potravin. Pokud se tedy chystáte na cestu do Sofie nebo jiných bulharských měst, můžete se těšit na ještě pohodlnější nakupování.","1","653","6","0","","0","/C:/Program Files/Git/uploads/2023/07/header-image-2-1.jpg","","short_meta_description;missing_twitter_card;article_missing_article_schema","16922"
"/klubovna-unikatni-chut-sofie/","**Klubovna: Unikátní chuť Sofie** - Visit Bulharsko","51","Klubovna Božany Kacarové: Nezapomenutelný gastronomický zážitek v srdci Bulharska","81","https://visitbulharsko.cz/C:/Program Files/Git/klubovna-unikatni-chut-sofie/","1","Klubovna: Unikátní chuť Sofie Luke Palm · 23. března 2025 · 2 min čtení Klubovna Božany Kacarové: Nezapomenutelný gastronomický zážitek v srdci Bulharska (window.adsbygoogle = window.adsbygoogle || []).push({}); ADS / reklamní prostor v článku Bulharská kuchyně je plná chutí a překvapení a jedním z nejzajímavějších jmen na současné gastronomické scéně je Božana Kacarova. Od chvíle, kdy v roce 2017 vyhrála bulharskou verzi MasterChef, se pustila do řady ambiciózních projektů. Její nejnovější podnik, nazvaný „Klubovna“, spojuje exkluzivní pop-up večeře, soukromé oslavy a jedinečnou atmosféru v srdci Sofie. Co dělá toto místo tak výjimečným a proč stojí za to jej navštívit? Božana Kacarova není jen talentovaná šéfkuchařka, ale také podnikatelka s citem pro inovace. Po svém vítězství v MasterChef se rozhodla neinvestovat výhru do klasické restaurace, ale raději se pustila do experimentování s různými koncepty. Od cateringu přes interaktivní kulinářské zážitky až po vlastní videoobsah na sociálních sítích – její přístup k vaření je moderní, dynamický a plný energie. Na Instagramu ji sleduje přes sto tisíc fanoušků, kteří s nadšením objevují její nové recepty a nápady. Její nejnovější projekt „Klubovna“ v Sofii není typická restaurace. Jde o prostor, který kombinuje prvky soukromého klubu, místa pro speciální události a kreativního kulinářského studia. Klubovna nabízí pop-up večeře, které jsou vždy tematicky zaměřené a často se zde objevují netradiční kombinace chutí. Hosté si mohou dopřát gastronomický zážitek, který je nejen o jídle, ale také o atmosféře a příbězích, jež Božana se svým týmem vypráví. Jedním z klíčových prvků tohoto konceptu je exkluzivita. Na rozdíl od běžných restaurací zde neexistuje stálý jídelní lístek. Každá událost je jedinečná a menu se mění podle sezóny, inspirace šéfkuchařky a dostupnosti čerstvých surovin. To znamená, že každý večer v Klubovně je originálním zážitkem, který se už nikdy nebude opakovat. Tento přístup přitahuje nejen místní gurmány, ale i turisty, kteří hledají něco speciálního mimo tradiční restaurace. Božana Kacarova se nebojí experimentovat. Její kuchyně je směsí bulharských tradic a moderní gastronomie, často s mezinárodními vlivy. V jejích pokrmech se prolínají chutě Balkánu, Středomoří i Asie. Používá čerstvé lokální suroviny a snaží se přinášet nové interpretace klasických jídel. Tento přístup oslovuje jak milovníky tradiční bulharské kuchyně, tak i ty, kteří hledají něco nového a neotřelého. Kromě samotného kulinářského zážitku je Klubovna také místem setkávání. Božana zde pořádá workshopy, soukromé večeře a speciální akce, kde propojuje jídlo s uměním, hudbou a kulturou. Tento koncept vytváří unikátní atmosféru, která přitahuje nejen milovníky dobrého jídla, ale i kreativní lidi, kteří chtějí zažít něco víc než jen běžnou večeři v restauraci. Pokud se chystáte do Sofie a chcete zažít něco opravdu výjimečného, návštěva Klubovny by mohla být jedním z vrcholů vaší cesty. Místo je ideální pro ty, kteří mají rádi netradiční gastronomické zážitky a chtějí ochutnat moderní bulharskou kuchyni v originálním podání. Rezervace jsou nutné předem, protože zájem o akce je velký a kapacita omezená. Bulharsko je známé svou bohatou kuchyní, která kombinuje vlivy různých kultur, a Božana Kacarova je jednou z těch, kteří jí dávají nový, moderní rozměr. Její Klubovna je důkazem toho, že gastronomie může být nejen o jídle, ale i o emocích, příbězích a sdílených zážitcích. Pokud plánujete cestu do Sofie, rozhodně byste si tento kulinářský skvost neměli nechat ujít.","1","788","6","0","","0","/C:/Program Files/Git/uploads/2023/07/header-image-2-1.jpg","","short_meta_description;missing_twitter_card;article_missing_article_schema","17870"
"/kontakt/","Kontakt - Visit Bulharsko","25","Kontaktní údaje Článek nekomerčního charakteru Condimentum nullam donec et interdum et bibendum et quam magna ut at netus neque id lectus neque iaculis sit penatibus amet viverra aliquet quisque purus praesent. Please drop us a note at tips@example.com Arcu commodo, blandit diam condimentum dolor cras penatibus viverra egestas. Sdílet článek Pro zájemce o spolupráci info@visitbulharsko.cz [&hellip;]","402","https://visitbulharsko.cz/C:/Program Files/Git/kontakt/","2","Kontakt Kontaktní údaje Článek nekomerčního charakteru Condimentum nullam donec et interdum et bibendum et quam magna ut at netus neque id lectus neque iaculis sit penatibus amet viverra aliquet quisque purus praesent. Please drop us a note at tips@example.com Arcu commodo, blandit diam condimentum dolor cras penatibus viverra egestas. Sdílet článek Pro zájemce o spolupráci info@visitbulharsko.cz […] (window.adsbygoogle = window.adsbygoogle || []).push({}); ADS / reklamní prostor v článku | Kontaktní údaje","2","388","3","0","","0","/C:/Program Files/Git/uploads/2023/07/header-image-2-1.jpg","","long_meta_description;h1_count_2;missing_twitter_card","30102"
"/kosovsky-fotbalista-celi-vyhruzkam/","Kosovský fotbalista čelí výhrůžkám! - Visit Bulharsko","53","**Výhrůžky a strach: Talentovaný kosovský fotbalista čelí nepředvídatelné hrozbě v dresu CSKA**","95","https://visitbulharsko.cz/C:/Program Files/Git/kosovsky-fotbalista-celi-vyhruzkam/","1","Kosovský fotbalista čelí výhrůžkám! Luke Palm · 8. ledna 2025 · 2 min čtení Výhrůžky a strach: Talentovaný kosovský fotbalista čelí nepředvídatelné hrozbě v dresu CSKA (window.adsbygoogle = window.adsbygoogle || []).push({}); ADS / reklamní prostor v článku Kosovský fotbalista Zjumer Bytyqi čelí nečekané překážce ve své kariéře. Přestože působí v týmu CSKA Sofia, letos nebude moci doprovázet svůj tým na přípravném soustředění v Turecku. Důvodem nejsou zranění ani osobní problémy, ale vážné výhrůžky, které obdržel od fanoušků svého bývalého klubu. Co přesně vedlo k této situaci a jaké to má důsledky pro hráče i jeho současný tým? Fotbalový svět může být někdy neúprosný a nepředvídatelný. Zjumer Bytyqi, talentovaný hráč s kosovskými kořeny, se stal terčem zastrašování kvůli svému předchozímu působení v tureckém klubu Antalyaspor. Bytyqi, který nyní obléká dres bulharského týmu CSKA Sofia, měl podle plánu odcestovat se svým týmem na zimní přípravný kemp do tureckého letoviska Belek. Přítomnost tohoto hráče se však stala nežádoucí kvůli výhrůžkám smrtí, jež mu byly adresovány některými fanoušky jeho bývalého klubu. Příběh začal během Bytyqiho angažmá v Antalyasporu, kde hráč zřejmě neuspokojil očekávání některých příznivců. I když už klub opustil, jeho přestup do CSKA Sofia a plánovaný návrat na tureckou půdu vyvolal nepřiměřenou reakci. Podle dostupných informací se jednalo o vážné hrozby, které nelze podceňovat. Bezpečnost hráče tak byla vyhodnocena jako prioritní, a proto bylo rozhodnuto, že se Bytyqi nezúčastní soustředění v Turecku. Tým CSKA Sofia se rozhodl tábor v tureckém Beleku neodkládat, protože se jedná o tradiční destinaci pro zimní přípravu mnoha evropských fotbalových klubů. Belek je známý svými špičkovými sportovními zařízeními a příjemným klimatem, které umožňuje efektivní trénink během zimních měsíců. Absence jednoho hráče samozřejmě naruší týmovou přípravu, ale vedení klubu zdůraznilo, že bezpečnost všech hráčů je na prvním místě. Situace kolem Zjumera Bytyqiho však vyvolává širší otázky o vlivu fanoušků na profesionální sport. Zatímco podpora a nadšení fanoušků jsou pro fotbal klíčové, agresivita a vyhrožování nemají v této oblasti místo. Tento případ je varováním, jak nepatřičné chování může ovlivnit život sportovců i chod celých týmů. Pro fotbalisty CSKA Sofia, kteří se v Beleku připravují na jarní část sezóny, je tato situace připomínkou, že i mimo hřiště mohou čelit nečekaným výzvám. Pro samotného Bytyqiho je to pravděpodobně bolestivá zkušenost, která mu však může dodat odhodlání ukázat, že i přes nepřízeň okolností může v kariéře uspět. Bulharský klub CSKA Sofia patří mezi největší a nejpopulárnější týmy v zemi. Jeho historie sahá až do roku 1948 a během své existence získal mnoho domácích i mezinárodních trofejí. Případ Zjumera Bytyqiho je však jedním z těch, které ukazují, že i v tak úspěšném klubu se hráči mohou setkat s problémy, které přesahují hranice sportu. Pro cestovatele, kteří plánují návštěvu Bulharska, může být CSKA Sofia zajímavým bodem zájmu. Klub hraje své zápasy na stadionu Bulgarska Armija v Sofii, který se nachází nedaleko centra města a je snadno dostupný pro turisty. Fotbalové zápasy v Bulharsku nabízejí jedinečnou příležitost poznat místní kulturu a zažít atmosféru, kterou vytvářejí vášniví fanoušci. Přestože příběh Zjumera Bytyqiho přináší spíše negativní emoce, je také připomínkou, jak silně může být sport propojen s emocemi a vášní. Ať už jste fanouškem fotbalu nebo pouze obdivovatelem bulharské kultury, návštěva stadionu CSKA Sofia může být nezapomenutelným zážitkem. A kdo ví, možná právě zde uvidíte hráče, kteří překonávají nejen soupeře, ale i překážky mimo hřiště.","1","807","6","0","","0","/C:/Program Files/Git/uploads/2023/07/header-image-2-1.jpg","","short_meta_description;missing_twitter_card;article_missing_article_schema","18125"
"/kouzlo-tradicni-bulharske-hudby/","Kouzlo tradiční bulharské hudby - Visit Bulharsko","49","Když zavřete oči a necháte se unášet melodiemi tradiční bulharské hudby, pravděpodobně uslyšíte kaval a gadulku.","112","https://visitbulharsko.cz/C:/Program Files/Git/kouzlo-tradicni-bulharske-hudby/","1","Kouzlo tradiční bulharské hudby Luke Palm · 4. ledna 2025 · 2 min čtení Když zavřete oči a necháte se unášet melodiemi tradiční bulharské hudby, pravděpodobně uslyšíte kaval a gadulku – dva ikonické nástroje, které definují duch této země. Bulharská hudba je jako samotný Balkán – plná kontrastů, dynamiky a emocí. Gadulka a kaval, každý se svým jedinečným zvukem a bohatou historií, jsou nedílnou součástí tohoto kulturního dědictví. Kaval: […] (window.adsbygoogle = window.adsbygoogle || []).push({}); ADS / reklamní prostor v článku Když zavřete oči a necháte se unášet melodiemi tradiční bulharské hudby, pravděpodobně uslyšíte kaval a gadulku – dva ikonické nástroje, které definují duch této země. Bulharská hudba je jako samotný Balkán – plná kontrastů, dynamiky a emocí. Gadulka a kaval, každý se svým jedinečným zvukem a bohatou historií, jsou nedílnou součástí tohoto kulturního dědictví.","1","768","5","0","","0","/C:/Program Files/Git/uploads/hermes/kouzlo-tradicni-bulharske-hudby.png","","missing_twitter_card;article_missing_article_schema","17183"
"/lepsi-lety-do-bulharska-otazka-poplatku/","**Lepší lety do Bulharska? Otázka poplatků** - Visit Bulharsko","62","**Budoucnost letů do Bulharska: Méně turistů kvůli vysokým poplatkům?**","71","https://visitbulharsko.cz/C:/Program Files/Git/lepsi-lety-do-bulharska-otazka-poplatku/","1","Lepší lety do Bulharska? Otázka poplatků Luke Palm · 17. března 2025 · 2 min čtení Budoucnost letů do Bulharska: Méně turistů kvůli vysokým poplatkům? (window.adsbygoogle = window.adsbygoogle || []).push({}); ADS / reklamní prostor v článku Bulharská černomořská letoviska Varna a Burgas patří k oblíbeným destinacím českých turistů, kteří hledají dostupnou dovolenou u moře. Přestože mají obě města velký potenciál, jejich rozvoj a dostupnost leteckých spojení mohou být ohroženy. Společnost Ryanair upozorňuje na problém, který by mohl mít vážné důsledky pro místní cestovní ruch i podnikatele. Jaké faktory brání většímu počtu letů do této oblasti a co by mohlo pomoci situaci změnit? **Letecká dostupnost Bulharska pod tlakem** Bulharsko je dlouhodobě populární destinací pro turisty z celé Evropy, a to především díky příznivým cenám, krásným plážím a příjemnému klimatu. Přesto se zdá, že letecká dostupnost jeho černomořských letovisek není tak dobrá, jak by mohla být. Jason McGuinness, obchodní ředitel společnosti Ryanair, v nedávném rozhovoru upozornil na problém, který podle něj brzdí rozvoj turismu v Burgasu a Varně. Podle McGuinnesse je hlavním problémem přístup společnosti Fraport, která spravuje letiště v těchto městech. Tvrdí, že vysoké poplatky a nepříznivé podmínky pro nízkonákladové aerolinky způsobují, že letecké společnosti nemají dostatečnou motivaci k rozšíření letů do této oblasti. To má přímý dopad nejen na počet turistů, ale i na místní ekonomiku, která je na cestovním ruchu silně závislá. **Jaké jsou důsledky omezeného počtu letů?** Pro menší podnikatele v Bulharsku znamená nižší počet letů ztrátu potenciálních zákazníků. Restaurace, hotely i další služby v turistických oblastech jsou závislé na přílivu návštěvníků, kteří se do země dostávají především letecky. Pokud se sníží počet spojů, může to vést k nižším tržbám a v některých případech i k uzavření menších podniků. Turisté, kteří plánují dovolenou v Bulharsku, mají také méně možností, jak se do země dostat za výhodnou cenu. Omezená konkurence mezi aerolinkami může vést k vyšším cenám letenek, což by mohlo některé cestovatele odradit a přimět je hledat alternativní destinace. **Co by mohlo situaci změnit?** McGuinness navrhuje, aby letiště ve Varně a Burgasu snížila poplatky a vytvořila lepší podmínky pro nízkonákladové aerolinky. Podle něj by to mohlo přilákat více dopravců a zvýšit počet letů, což by mělo pozitivní dopad nejen na turisty, ale i na místní ekonomiku. Zlepšení dostupnosti leteckých spojení by mohlo přispět k většímu počtu návštěvníků a celkovému rozvoji turistického sektoru. Bulharsko má mnoho co nabídnout – od krásných pláží přes historické památky až po vynikající gastronomii. Pokud by se podařilo zlepšit podmínky pro letecké společnosti, mohlo by to přilákat více turistů nejen během hlavní sezóny, ale i mimo ni. **Bulharsko jako cenově dostupná destinace s potenciálem** Pro české turisty představuje Bulharsko jednu z nejdostupnějších a nejvýhodnějších možností letní dovolené. Pokud by se podařilo zlepšit dostupnost letů, mohlo by to přispět k ještě větší popularitě této destinace. Zda se letiště ve Varně a Burgasu rozhodnou přizpůsobit své podmínky, ukáže čas. Jisté však je, že lepší dostupnost leteckých spojení by byla přínosem nejen pro turisty, ale i pro místní podnikatele a ekonomiku celé oblasti.","1","758","6","0","","0","/C:/Program Files/Git/uploads/2023/07/header-image-2-1.jpg","","short_meta_description;missing_twitter_card;article_missing_article_schema","17692"
"/letiste-v-damasku-opet-oziva/","""Letiště v Damašku opět ožívá!"" - Visit Bulharsko","49","„Damašek opět na mapě cestovatelů: Nové horizonty a historické spojení s Blízkým východem“","90","https://visitbulharsko.cz/C:/Program Files/Git/letiste-v-damasku-opet-oziva/","1","„Letiště v Damašku opět ožívá!“ Luke Palm · 4. ledna 2025 · 3 min čtení „Damašek opět na mapě cestovatelů: Nové horizonty a historické spojení s Blízkým východem“ (window.adsbygoogle = window.adsbygoogle || []).push({}); ADS / reklamní prostor v článku Letiště v Damašku, jedno z nejstarších a nejvýznamnějších letišť Blízkého východu, se znovu otevírá pro mezinárodní lety. Po měsících nejistoty a přerušení provozu kvůli ozbrojeným konfliktům v oblasti se zdá, že se situace začíná stabilizovat. Co to ale znamená pro cestovatele a jaké nové možnosti se tím otevírají? Přečtěte si, jaké změny tento krok přinese nejen regionu, ale i turistům, kteří plánují objevovat Blízký východ. Letiště v Damašku, které bylo v prosinci minulého roku dočasně uzavřeno kvůli bojům mezi vládními silami a opozicí, se od 7. ledna vrací k provozu mezinárodních letů. Tento krok oznámila syrská civilní letecká správa a potvrdila tak zlepšení bezpečnostní situace v oblasti. Uzavření letiště bylo důsledkem strategického útoku opozičních sil, které se zaměřily na klíčové dopravní uzly v zemi. Nyní, po úspěšné stabilizaci situace, se syrská vláda snaží obnovit nejen dopravu, ale také důvěru zahraničních partnerů a turistů. Letiště v Damašku má dlouhou historii, která sahá až do poloviny 20. století. Bylo jedním z nejrušnějších letišť v regionu a hrálo klíčovou roli při propojení Blízkého východu s Evropou a Asií. Konflikt v Sýrii však dramaticky ovlivnil jeho provoz. Od roku 2011, kdy v zemi vypukla občanská válka, se počet letů výrazně snížil a mnoho leteckých společností přestalo do Damašku létat. Přestože se situace v posledních letech zlepšila, stále existují obavy týkající se bezpečnosti a politické stability v regionu. Obnovení mezinárodních letů na letišti v Damašku je důležitým krokem nejen pro Sýrii, ale i pro celý region. Pro cestovatele to znamená nové možnosti, jak objevovat tuto fascinující zemi s bohatou historií a kulturou. Sýrie je domovem některých z nejstarších měst na světě, včetně samotného Damašku, který je považován za jedno z nejdéle nepřetržitě obydlených měst na planetě. Kromě toho se zde nachází mnoho historických památek, jako je starověké město Palmýra, které je zapsáno na seznamu světového dědictví UNESCO. Pro turisty, kteří plánují cestu do Sýrie nebo okolních zemí, však zůstává otázka bezpečnosti stále klíčová. Je důležité sledovat aktuální informace a doporučení ministerstev zahraničí jednotlivých zemí, protože situace v oblasti se může rychle změnit. Přestože syrská vláda dělá maximum pro zajištění bezpečnosti na letišti a v jeho okolí, cestovatelé by měli být obezřetní a dobře informovaní. Obnovení provozu letiště v Damašku by mohlo mít také širší dopad na cestování v regionu. Pokud se situace v Sýrii bude dále stabilizovat, mohla by se země opět stát atraktivní destinací pro turisty, kteří hledají autentické zážitky a chtějí objevovat méně známé kouty světa. Pro české cestovatele by to mohlo znamenat nové možnosti kombinace cestování po Blízkém východě s návštěvou dalších zemí, jako je Jordánsko, Libanon nebo Turecko. A jak to souvisí s Bulharskem, které je hlavním tématem našeho webu? Blízký východ a Balkán mají historicky mnoho společného – od kulturních vlivů až po obchodní a dopravní trasy. Obnovení letů do Damašku by mohlo inspirovat cestovatele, kteří se zajímají o historii a kulturu, k tomu, aby prozkoumali nejen Bulharsko, ale i jeho širší okolí. Přímé letecké spojení mezi těmito regiony by mohlo být v budoucnu zajímavou možností pro ty, kteří chtějí objevit více než jen jednu zemi během své dovolené. Závěrem lze říci, že znovuotevření letiště v Damašku je symbolickým krokem směrem k normalizaci situace v Sýrii. Pro cestovatele to znamená nové příležitosti, ale také výzvy. Pokud vás láká objevování méně tradičních destinací, může být Sýrie jednou z nich – ovšem pouze za předpokladu, že se situace v zemi bude dále zlepšovat. A kdo ví, možná jednoho dne budete moci kombinovat svou cestu po Bulharsku s návštěvou této fascinující země na Blízkém východě.","1","881","6","0","","0","/C:/Program Files/Git/uploads/2023/07/header-image-2-1.jpg","","short_meta_description;missing_twitter_card;article_missing_article_schema","18474"
"/letiste-v-damasku-opet-oziva-2/","""Letiště v Damašku opět ožívá!"" - Visit Bulharsko","49","**Letiště v Damašku opět v provozu: Historické město otevírá brány cestovatelům**","81","https://visitbulharsko.cz/C:/Program Files/Git/letiste-v-damasku-opet-oziva-2/","1","„Letiště v Damašku opět ožívá!“ Luke Palm · 4. ledna 2025 · 2 min čtení Letiště v Damašku opět v provozu: Historické město otevírá brány cestovatelům (window.adsbygoogle = window.adsbygoogle || []).push({}); ADS / reklamní prostor v článku Letiště v Damašku, jedno z klíčových dopravních uzlů Blízkého východu, opět ožívá. Od 7. ledna se po několikaměsíčním přerušení obnovují mezinárodní lety, což přináší nejen naději na oživení regionálního cestovního ruchu, ale také nové otázky ohledně bezpečnosti a stability oblasti. Co vedlo k uzavření letiště a jaké změny čekají cestující? Přečtěte si více o tom, co tento krok znamená pro cestovatele a leteckou dopravu. Po několikaměsíčním přerušení, způsobeném konfliktem v oblasti, se letiště v Damašku opět otevírá pro mezinárodní lety. Podle informací, které poskytla syrská Služba pro civilní letectví, byla provoz na letišti zastaven kvůli bojům mezi vládními silami a opozicí, které vyústily v dočasné ovládnutí letiště opozičními jednotkami. Tento vývoj měl zásadní dopad na leteckou dopravu v regionu i na cestovatele, kteří Damašek využívali jako tranzitní bod. Obnovení provozu přichází v době, kdy syrská vláda deklaruje postupné zlepšování bezpečnostní situace v okolí hlavního města. Letiště, které bylo v minulosti jedním z nejrušnějších v regionu, má nyní ambici znovu získat svou pozici na mapě mezinárodních letů. První linky míří do sousedních zemí, jako je Libanon a Jordánsko, a postupně se plánuje rozšíření destinací do Evropy a Asie. Obnovení letů má význam nejen pro místní obyvatelstvo, ale také pro zahraniční turisty. Damašek, považovaný za jedno z nejstarších nepřetržitě obydlených měst na světě, nabízí bohatou historickou a kulturní minulost. Mnoho cestovatelů se sem vrací, aby objevili ikonické památky, jako je Umajjovská mešita nebo starověký bazar Souq al-Hamidiyah. Pro turisty, kteří plánují cestu do Sýrie, však stále platí doporučení sledovat aktuální bezpečnostní situaci a konzultovat své plány s odborníky na cestovní ruch. Proč je tento krok relevantní i pro české cestovatele? V posledních letech stoupá zájem o poznávací dovolené zaměřené na historii a kulturu Blízkého východu. Damašek, se svou strategickou polohou a kulturním dědictvím, může být zajímavou zastávkou na cestě za poznáním regionu. Navíc obnovení leteckého spojení přináší možnost jednoduššího tranzitu do dalších destinací, což ocení zejména ti, kdo plánují navštívit méně známé, ale fascinující oblasti. Z pohledu cestovního ruchu není Damašek jediným městem, které se snaží přilákat zpět zahraniční návštěvníky. Podobné snahy lze pozorovat i v jiných zemích regionu, kde se obnovují památky a infrastruktura. Pro české cestovatele, kteří mají zájem o poznávání méně tradičních destinací, se tak otevírají nové možnosti. Přesto je důležité zůstat obezřetný a důkladně si před cestou zjistit aktuální informace. Ačkoliv se zdá, že situace v Damašku se stabilizuje, otázkou zůstává, zda obnovení letů přinese dlouhodobý úspěch. Region stále čelí mnoha výzvám, včetně politické nejistoty a ekonomických problémů. Pro cestovatele je však tento krok příslibem, že Blízký východ zůstává dostupnou a fascinující destinací, která stojí za objevování.","1","729","6","0","","0","/C:/Program Files/Git/uploads/2023/07/header-image-2-1.jpg","","short_meta_description;missing_twitter_card;article_missing_article_schema","17541"
"/levne-lety-do-bulharska-na-obzoru/","**Levné lety do Bulharska na obzoru!** - Visit Bulharsko","56","**Levné letenky do Bulharska? Ryanair chystá velkou expanzi!**","62","https://visitbulharsko.cz/C:/Program Files/Git/levne-lety-do-bulharska-na-obzoru/","1","Levné lety do Bulharska na obzoru! Luke Palm · 12. března 2025 · 2 min čtení Levné letenky do Bulharska? Ryanair chystá velkou expanzi! (window.adsbygoogle = window.adsbygoogle || []).push({}); ADS / reklamní prostor v článku Letenky do Bulharska za ještě lepší ceny? Možná už brzy! Nízkonákladová letecká společnost Ryanair oznámila ambiciózní plány na rozšíření své působnosti v Bulharsku. Pokud vše půjde podle jejich představ, počet letadel operujících v této zemi se během několika let více než zdvojnásobí, stejně jako počet přepravených cestujících. Klíčovou podmínkou je však snížení letištních poplatků, což by mohlo vést k ještě dostupnějším letům do oblíbených destinací, jako je Burgas či Sofie. Jaké změny Ryanair plánuje a co by to mohlo znamenat pro turisty z České republiky? Irská nízkonákladová aerolinka má v Bulharsku v současnosti čtyři letadla a operuje 43 linek. Jejím cílem je však do roku 2030 počet letadel na bulharských letištích zvýšit na deset a počet linek rozšířit na rovných sto. To by znamenalo zásadní nárůst dostupných spojů nejen do hlavního města Sofie, ale i do dalších regionů, včetně pobřežních letovisek. Podle Jasona McGinnese, obchodního ředitele Ryanairu, by takový krok mohl přinést až šest milionů přepravených cestujících ročně oproti současným třem milionům. Aby však Ryanair mohl své plány realizovat, žádá bulharskou vládu o snížení letištních poplatků. Argumentuje tím, že nižší náklady na provoz umožní nabídnout levnější letenky a přilákat více turistů. Podobný model již úspěšně funguje v jiných evropských zemích, kde se díky spolupráci mezi aerolinkami a státem podařilo zvýšit počet letů a tím i příjmy z cestovního ruchu. Bulharsko je mezi českými turisty dlouhodobě oblíbenou destinací, a to nejen kvůli krásným plážím u Černého moře, ale i díky příznivým cenám a pohostinnosti místních obyvatel. Pokud by se podařilo zvýšit počet letů a snížit jejich cenu, mohlo by to znamenat významný příliv nových návštěvníků. To by se pozitivně odrazilo nejen na turistickém ruchu, ale také na místní ekonomice. Zatím není jasné, zda bulharská vláda na požadavky Ryanairu přistoupí. Snížení letištních poplatků by mohlo přilákat více aerolinek a posílit leteckou dopravu v zemi, na druhou stranu však znamená nižší příjmy pro letiště. Pokud se však podaří dosáhnout kompromisu, mohli by z něj těžit především cestující, kteří by měli širší výběr letů za výhodnější ceny. Ať už se jednání vyvinou jakkoli, jedno je jisté – zájem o Bulharsko jako dovolenkovou destinaci roste. Pokud se vám tedy nechce spoléhat na nabídky cestovních kanceláří a raději si cestu plánujete sami, sledujte vývoj situace. Možná už brzy budete moci letět do Bulharska za rekordně nízké ceny!","1","678","6","0","","0","/C:/Program Files/Git/uploads/2023/07/header-image-2-1.jpg","","short_meta_description;missing_twitter_card;article_missing_article_schema","16896"
"/mozne-znovuotevreni-ruskeho-konzulatu-ve-varne/","Možné znovuotevření ruského konzulátu ve Varně - Visit Bulharsko","64","**Možné znovuotevření ruského konzulátu ve Varně: Diplomatické změny na obzoru?**","81","https://visitbulharsko.cz/C:/Program Files/Git/mozne-znovuotevreni-ruskeho-konzulatu-ve-varne/","1","Možné znovuotevření ruského konzulátu ve Varně Luke Palm · 12. března 2025 · 1 min čtení Možné znovuotevření ruského konzulátu ve Varně: Diplomatické změny na obzoru? (window.adsbygoogle = window.adsbygoogle || []).push({}); ADS / reklamní prostor v článku Ruské konzuláty v Bulharsku byly v posledních letech předmětem diplomatických sporů, ale situace se nyní může změnit. Bulharský ministr zahraničí Georg Georgiev naznačil, že pokud Moskva projeví zájem, může být znovu otevřeno ruské konzulární zastoupení ve Varně. Tato informace přichází v době, kdy vztahy mezi oběma zeměmi procházejí složitým obdobím, zejména v souvislosti s válkou na Ukrajině a napětím mezi Ruskem a Evropskou unií. V roce 2022 bylo ruské konzulární zastoupení ve Varně uzavřeno na základě rozhodnutí bulharské vlády, která tehdy vypověděla desítky ruských diplomatů z důvodu podezření ze špionáže. Tento krok vyvolal ostrou reakci Moskvy a vedl ke zhoršení bilaterálních vztahů. Nicméně nyní se objevují signály, že by konzulát mohl být opětovně otevřen, pokud o to ruská strana požádá. Ministr Georgiev uvedl, že Bulharsko nemá v současnosti žádné právní překážky, které by bránily obnovení činnosti ruského konzulátu ve Varně. Zdůraznil však, že rozhodnutí leží na Rusku, které musí oficiálně požádat o znovuotevření. Tento vývoj přichází v době, kdy se některé evropské země snaží přehodnotit svůj přístup k ruské diplomacii. Otevření konzulátu by mohlo mít praktické dopady i pro turisty. Bulharsko je oblíbenou destinací nejen pro české cestovatele, ale i pro ruské občany, kteří zde vlastní nemovitosti nebo sem přijíždějí na dovolenou. Konzulát by mohl usnadnit administrativní záležitosti, jako je vydávání víz nebo pomoc občanům v nouzi. Zároveň by mohl přispět k oživení turistického ruchu, který v posledních letech utrpěl kvůli geopolitickým napětím. Nicméně otázkou zůstává, zda Moskva projeví o obnovení konzulární přítomnosti skutečný zájem. Vztahy mezi Bulharskem a Ruskem jsou nadále napjaté a rozhodnutí o znovuotevření konzulátu by mohlo být vnímáno jako politické gesto. Pro Bulharsko je klíčové zachovat rovnováhu mezi svými závazky vůči Evropské unii a potřebou udržovat diplomatické vztahy s Ruskem. Pro české turisty, kteří plánují cestu do Bulharska, je dobré sledovat vývoj této situace. Ať už se konzulát ve Varně znovu otevře, nebo ne, Bulharsko zůstává atraktivní destinací s krásnými plážemi, bohatou historií a přívětivými cenami.","1","620","6","0","","0","/C:/Program Files/Git/uploads/2023/07/header-image-2-1.jpg","","short_meta_description;missing_twitter_card;article_missing_article_schema","16679"
"/navrat-kuzmova-zmeny-v-sofii/","**Návrat Kuzmova: Změny v Sofii!** - Visit Bulharsko","52","**Návrat starosty: Politické drama v srdci bulharské metropole**","64","https://visitbulharsko.cz/C:/Program Files/Git/navrat-kuzmova-zmeny-v-sofii/","1","Návrat Kuzmova: Změny v Sofii! Luke Palm · 17. března 2025 · 2 min čtení Návrat starosty: Politické drama v srdci bulharské metropole (window.adsbygoogle = window.adsbygoogle || []).push({}); ADS / reklamní prostor v článku V bulharské metropoli Sofii se odehrál politický příběh, který stojí za pozornost. Po několikaměsíčním napětí a nejistotě se Georgi Kuzmov vrací na post starosty městského obvodu Obořiště. Tento výsledek voleb z 16. března není jen otázkou místní politiky, ale také ukázkou složitosti bulharského volebního systému a dynamiky, která ovlivňuje správu hlavního města. Jak se Kuzmovovi podařilo vrátit do čela obvodu a co to znamená pro obyvatele Sofie? Georgi Kuzmov byl loni v prosinci odvolán z funkce rozhodnutím Obecní volební komise v Sofii. Důvodem byly administrativní nesrovnalosti týkající se jeho mandátu. Po měsících bezvládí se však voliči rozhodli mu dát novou šanci, a to poměrně přesvědčivým výsledkem. Kuzmov, který kandidoval jako nezávislý kandidát, získal podporu velké části místních obyvatel, což naznačuje, že jeho předchozí působení na radnici bylo vnímáno pozitivně. Obvod Obořiště patří mezi klíčové části Sofie – nachází se v centru města a zahrnuje významné kulturní a historické památky, včetně Národní galerie nebo chrámu sv. Alexandra Něvského. Správa této oblasti je proto strategicky důležitá nejen pro místní obyvatele, ale i pro turisty, kteří do Sofie přijíždějí za historií a kulturou. Kuzmov ve své kampani zdůrazňoval potřebu lepší infrastruktury, větší transparentnosti v řízení městských financí a podporu místního podnikání. Opětovné zvolení Kuzmova ukazuje na rostoucí zájem obyvatel o místní politiku a jejich ochotu aktivně se podílet na rozhodování o budoucnosti svého města. Bulharsko, a zejména jeho hlavní město, v posledních letech prochází dynamickými změnami – nové investice do infrastruktury, rozvoj turistického ruchu i snaha o modernizaci veřejné správy jsou témata, která rezonují jak mezi místními, tak mezi návštěvníky. Pro turisty, kteří se chystají do Sofie, může být situace v Obořišti zajímavá nejen z politického hlediska, ale i z praktického. Očekává se, že pod Kuzmovovým vedením dojde k dalšímu rozvoji této části města, což by mohlo znamenat například lepší údržbu historických památek, modernizaci veřejných prostranství a podporu kulturních akcí. Pokud se tedy chystáte do bulharské metropole, stojí za to sledovat, jak se bude situace v Obořišti vyvíjet – možná vás tam čekají příjemná překvapení v podobě nových atrakcí či vylepšených služeb pro návštěvníky. Bulharsko je země s bohatou historií a pestrou současností, a právě podobné příběhy ukazují, jak se zde politika a každodenní život prolínají. Ať už se do Sofie vydáte za historií, kulturou nebo jen na procházku malebnými uličkami, městská část Obořiště rozhodně stojí za návštěvu.","1","678","6","0","","0","/C:/Program Files/Git/uploads/2023/07/header-image-2-1.jpg","","short_meta_description;missing_twitter_card;article_missing_article_schema","16997"
"/nebezpecne-vapovani-v-sofii/","„Nebezpečné vapování v Sofii“ - Visit Bulharsko","47","**Nebezpečný trend: Případ nelegálních vapovacích náplní otřásl srdcem Bulharska**","82","https://visitbulharsko.cz/C:/Program Files/Git/nebezpecne-vapovani-v-sofii/","1","„Nebezpečné vapování v Sofii“ Luke Palm · 4. ledna 2025 · 2 min čtení Nebezpečný trend: Případ nelegálních vapovacích náplní otřásl srdcem Bulharska (window.adsbygoogle = window.adsbygoogle || []).push({}); ADS / reklamní prostor v článku Sofia se stala dějištěm případu, který znovu upozornil na nebezpečí spojená s neregulovaným prodejem vapovacích produktů. Místní policie zadržela muže, jenž na internetu nabízel náplně do elektronických cigaret obsahující zakázané psychotropní látky. Zatímco tento incident otřásl veřejností, vyvolal také otázky ohledně bezpečnosti podobných výrobků a jejich vlivu na zdraví. Jak se tento případ odehrál a co byste měli vědět, pokud se chystáte navštívit Bulharsko? To vše vám přiblížíme v našem článku. — Bulharská metropole Sofia, známá svými historickými památkami a pulzujícím městským životem, byla nedávno svědkem případu, který poukazuje na temnější stránku moderních technologií. Policie zde zadržela 48letého muže, který prostřednictvím internetového obchodu prodával náplně do vapovacích zařízení obsahující nelegální psychotropní látky. Tento muž, známý již dříve svými kriminálními aktivitami, využíval rostoucí obliby vapování, aby šířil nebezpečné produkty mezi veřejnost. Případ nabyl na vážnosti poté, co v městě Pleven, vzdáleném asi 150 kilometrů od Sofie, došlo k tragickému incidentu. Mladý muž po inhalaci jednoho z těchto produktů zkolaboval a byl hospitalizován v kritickém stavu. Tato událost spustila rozsáhlé vyšetřování, během něhož policie odhalila síť prodejců a odběratelů, na jejímž vrcholu stál právě zadržený muž. Při domovní prohlídce byly nalezeny stovky nelegálních náplní připravených k distribuci. Bulharské úřady okamžitě zahájily kampaň na zvýšení povědomí o rizicích spojených s užíváním neověřených vapovacích produktů. Vapování, které je často prezentováno jako bezpečnější alternativa ke kouření, se může stát nebezpečným, pokud uživatelé nakupují produkty z nedůvěryhodných zdrojů. Tento případ také upozornil na nutnost přísnější regulace trhu s elektronickými cigaretami a na důležitost vzdělávání veřejnosti v oblasti jejich užívání. Pokud plánujete cestu do Bulharska, mějte na paměti, že země kromě svých krásných pláží a historických památek čelí i problémům, které jsou typické pro moderní společnosti. Přestože Sofia a další města nabízejí mnoho kulturních a turistických zážitků, je důležité dbát na svou bezpečnost a být obezřetní při nákupu neznámých produktů. Vapovací zařízení a jejich náplně si raději pořizujte pouze z ověřených zdrojů, abyste se vyhnuli možným komplikacím. Zároveň je tento případ připomínkou, jak důležité je pečlivě vybírat, co vdechujeme do svého těla. Ať už jste příznivci vapování, nebo zcela abstinujete od podobných návyků, je vždy dobré být informovaný. V Bulharsku, stejně jako jinde, platí, že prevence a opatrnost jsou klíčem k bezpečnému a příjemnému pobytu. Bulharsko však zůstává jedním z nejzajímavějších míst, kam se můžete vydat na dovolenou. Kromě nádherných pláží u Černého moře nabízí i bohatou historii, malebné horské vesnice a tradiční kuchyni. Pokud se rozhodnete navštívit Sofii, určitě si nenechte ujít ikonickou katedrálu Alexandra Něvského, starověké římské ruiny nebo místní trhy plné autentických produktů. Ať už se rozhodnete pro jakýkoli typ dovolené, věřte, že Bulharsko má co nabídnout každému cestovateli.","1","729","6","0","","0","/C:/Program Files/Git/uploads/2023/07/header-image-2-1.jpg","","short_meta_description;missing_twitter_card;article_missing_article_schema","17702"
"/nejstarsi-osidleni-bulharska-cesta-k-civilizaci/","Nejstarší osídlení Bulharska: Cesta k civilizaci - Visit Bulharsko","66","Bulharsko, dnes oblíbená destinace milovníků moře a hor, bylo kdysi kolébkou lidského života v Evropě. Jeho dějiny sahají hluboko do minulosti, až k prvním lidským obyvatelům, kteří zde začali utvářet základy civilizace. Vraťme se do doby, kdy se člověk poprvé usadil na tomto území, a podívejme se na jeho neuvěřitelný vývoj. Stopy nejstaršího osídlení: Jeskyně [&hellip;]","373","https://visitbulharsko.cz/C:/Program Files/Git/nejstarsi-osidleni-bulharska-cesta-k-civilizaci/","1","Nejstarší osídlení Bulharska: Cesta k civilizaci Luke Palm · 3. ledna 2025 · 2 min čtení Bulharsko, dnes oblíbená destinace milovníků moře a hor, bylo kdysi kolébkou lidského života v Evropě. Jeho dějiny sahají hluboko do minulosti, až k prvním lidským obyvatelům, kteří zde začali utvářet základy civilizace. Vraťme se do doby, kdy se člověk poprvé usadil na tomto území, a podívejme se na jeho neuvěřitelný vývoj. Stopy nejstaršího osídlení: Jeskyně […] (window.adsbygoogle = window.adsbygoogle || []).push({}); ADS / reklamní prostor v článku Bulharsko, dnes oblíbená destinace milovníků moře a hor, bylo kdysi kolébkou lidského života v Evropě. Jeho dějiny sahají hluboko do minulosti, až k prvním lidským obyvatelům, kteří zde začali utvářet základy civilizace. Vraťme se do doby, kdy se člověk poprvé usadil na tomto území, a podívejme se na jeho neuvěřitelný vývoj. Stopy nejstaršího osídlení: Jeskyně Bačo Kiro a Tmavá díra První doklady o lidské přítomnosti v Bulharsku pocházejí z období středního paleolitu, přibližně před 100 000 lety. Archeologické nálezy z jeskyně Bačo Kiro u Drjanovského kláštera ukazují na rané osídlení neandertálci. Dalším důležitým nalezištěm je jeskyně „Tmavá díra“ (Tămnata dupka) v severním Bulharsku, která odhalila stopy po lovcích a sběračích z období 40 000 až 10 000 let př. n. l. Tito lidé ovládali lov, sběr a rybolov, čímž si zajišťovali přežití v proměnlivých podmínkách doby ledové. Neolitická revoluce: Zemědělství a první vesnice Neolit (6.–4. tisíciletí př. n. l.) přinesl zásadní změnu – přechod k usedlému způsobu života. Lidé začali pěstovat plodiny, chovat dobytek a zakládat první trvalé osady. Vesnice byly často situovány poblíž řek a jezer, což poskytovalo obyvatelům nejen vodu, ale i ochranu před záplavami. Mistři řemesel: Mohyla u Karanova a dílna v Madare Neolitická a eneolitická éra také ukázaly, jak zruční byli tehdejší lidé v oblasti řemesel. Lokalita Karanovo, kde byly nalezeny zlaté šperky, náramky a další předměty, svědčí o vyspělosti materiální kultury. Dalším unikátním nálezem je dílna na výrobu nástrojů z pazourku v Madare u Šumenu. Tyto předměty dokládají vysokou úroveň technické dovednosti a obchodní vazby, které sahaly i za hranice dnešního Bulharska. Bulharsko: Kolébka evropské civilizace Archeologické objevy z paleolitu a neolitu potvrzují, že Bulharsko patří k nejdéle osídleným územím v Evropě. Zdejší krajina hrála klíčovou roli ve vývoji člověka od lovců a sběračů po první zemědělce a řemeslníky. Až příště navštívíte Bulharsko, připomeňte si, že pod povrchem této krásné země leží tisíce let lidských dějin.","1","824","6","0","","0","/C:/Program Files/Git/uploads/hermes/nejstarsi-osidleni-bulharska-cesta-k-civilizaci.png","","long_title;long_meta_description;missing_twitter_card;article_missing_article_schema","19240"
"/nejstarsi-osidleni-bulharska-od-paleolitu-po-neolit/","Katedrála svatého Cyrila a Metoděje v Burgasu | Visitbulharsko.cz","65","Tato nádherný Katedrála svatého Cyrila a Metoděje v Burgasu je jednou z památek města a odkazem svatých, kteří vytvořili slovanskou abecedu.","140","https://visitbulharsko.cz/C:/Program Files/Git/nejstarsi-osidleni-bulharska-od-paleolitu-po-neolit/","1","Nejstarší osídlení Bulharska: Od paleolitu po neolit Luke Palm · 1. ledna 2025 · 2 min čtení Jeskynní nálezy v Bačo Kiro a Varnenská nekropole – svědectví dávných věků Když zavítáte na území dnešního Bulharska, málokdo tuší, že tato oblast ukrývá fascinující dědictví našich dávných předků. Již od středního paleolitu, před více než 100 000 lety, bylo toto území domovem prvních obyvatel Evropy. Archeologické objevy, jako jsou jeskynní nálezy v Bačo Kiro […] (window.adsbygoogle = window.adsbygoogle || []).push({}); ADS / reklamní prostor v článku","2","871","6","0","","0","/C:/Program Files/Git/uploads/2024/12/Glyptodon_old_drawing.jpg","","missing_twitter_card;article_missing_article_schema","18982"
"/nelegalni-naplne-sokuji-bulharsko/","""Nelegální náplně šokují Bulharsko"" - Visit Bulharsko","53","**Šokující případ: Nelegální náplně do e-cigaret s psychoaktivními látkami odhalen v bulharské metropoli**","106","https://visitbulharsko.cz/C:/Program Files/Git/nelegalni-naplne-sokuji-bulharsko/","1","„Nelegální náplně šokují Bulharsko“ Luke Palm · 4. ledna 2025 · 2 min čtení Šokující případ: Nelegální náplně do e-cigaret s psychoaktivními látkami odhalen v bulharské metropoli (window.adsbygoogle = window.adsbygoogle || []).push({}); ADS / reklamní prostor v článku Představte si, že si objednáte na internetu zařízení, které má sloužit jako moderní alternativa ke kouření, a místo toho se ocitnete ve středu vyšetřování spojeného s nelegálními drogami. Přesně takový scénář se nedávno odehrál v Bulharsku, konkrétně v hlavním městě Sofii, kde policie odhalila nelegální obchod s náplněmi do elektronických cigaret obsahujícími nebezpečné psychoaktivní látky. Tento případ znovu otevírá otázku bezpečnosti nelegálních produktů na internetu a upozorňuje na rizika, která mohou číhat i tam, kde byste je nečekali. Sofijská policie nedávno oznámila zadržení 48letého muže, který byl již v minulosti trestán za různé delikty. Tentokrát se ocitl v hledáčku vyšetřovatelů kvůli podezření z prodeje nelegálních náplní do elektronických cigaret. Tyto náplně, nabízené prostřednictvím internetového obchodu, obsahovaly psychoaktivní látky, které mohou vážně ohrozit zdraví uživatelů. Policie uvedla, že při domovní prohlídce u podezřelého nalezla nejen větší množství nelegálních náplní, ale také další důkazy svědčící o jeho zapojení do obchodu s nebezpečnými substancemi. Případ vzbudil v Bulharsku značnou pozornost poté, co se v médiích objevily zprávy o mladém muži z města Pleven, který byl hospitalizován v kritickém stavu po užití jedné z těchto náplní. Tento incident upozornil na stále rostoucí problém spojený s nelegálními psychoaktivními látkami, které se často prodávají pod záminkou běžných produktů, jako jsou právě náplně do elektronických cigaret. Odborníci varují, že tyto látky mohou mít nepředvídatelné a nebezpečné účinky na lidský organismus, zejména pokud jsou užívány bez jakékoliv kontroly nebo znalosti jejich složení. Bulharská policie spolupracuje na vyšetřování s odborníky na chemii a toxikologii, kteří analyzují složení zabavených náplní. Podle prvních zjištění obsahovaly látky, které jsou v Bulharsku i dalších zemích Evropské unie zakázány. Tento případ znovu ukazuje, jak důležité je regulovat trh s elektronickými cigaretami a jejich příslušenstvím, zvláště v době, kdy se jejich popularita mezi mladými lidmi stále zvyšuje. Pro turisty, kteří plánují návštěvu Bulharska, může být tento případ připomínkou, že i v oblíbených destinacích je třeba být obezřetný. Ačkoli Bulharsko nabízí nádherné pláže, fascinující historii a přívětivou atmosféru, stejně jako v jiných zemích platí, že byste měli být opatrní při nákupech na neověřených místech, ať už jde o potraviny, suvenýry nebo jiné produkty. Pokud si chcete z Bulharska přivézt opravdu hodnotné zážitky, zaměřte se raději na návštěvu kulturních památek, ochutnávku místní kuchyně nebo objevování přírodních krás. Tento případ znovu připomíná, jak důležité je dbát na bezpečnost nejen při cestování, ale i v každodenním životě. Ať už se jedná o nákup elektronických cigaret nebo jiných produktů, vždy je lepší vsadit na ověřené zdroje a vyhnout se rizikům, která mohou mít vážné následky. Bulharsko je země plná krás a příležitostí k objevování, ale stejně jako kdekoliv jinde je třeba mít na paměti, že zdraví a bezpečnost jsou na prvním místě.","1","742","6","0","","0","/C:/Program Files/Git/uploads/2023/07/header-image-2-1.jpg","","missing_twitter_card;article_missing_article_schema","17739"
"/nemovitosti-bulharsko/","Nemovitosti Bulharsko nabídka | Visit Bulharsko","47","Nabídka nemovitostí Bulharsko je jednou z posledních evropských destinací, kde si můžete koupit apartmán u moře za dostupnou cenu. Ať už hledáte letní útočiště, investici nebo místo pro dlouhodobé bydlení. Využijte nízké ceny, jednoduchý nákupní proces a vysoký potenciál růstu hodnoty nemovitostí. Bulharsko apartmány Více nemovitostí","335","https://visitbulharsko.cz/C:/Program Files/Git/nemovitosti-bulharsko/","2","Nabídka nemovitostí Nabídka nemovitostí Bulharsko je jednou z posledních evropských destinací, kde si můžete koupit apartmán u moře za dostupnou cenu. Ať už hledáte letní útočiště, investici nebo místo pro dlouhodobé bydlení. Využijte nízké ceny, jednoduchý nákupní proces a vysoký potenciál růstu hodnoty nemovitostí. Bulharsko apartmány Více nemovitostí (window.adsbygoogle = window.adsbygoogle || []).push({}); ADS / reklamní prostor v článku | Nabídka nemovitostí Bulharsko je jednou z posledních evropských destinací, kde si můžete koupit apartmán u moře za dostupnou cenu. Ať už hledáte letní útočiště, investici nebo místo pro dlouhodobé bydlení. Využijte nízké ceny, jednoduchý nákupní proces a vysoký potenciál růstu hodnoty nemovitostí. Bulharsko apartmány","0","524","18","15","","0","/C:/Program Files/Git/uploads/2023/07/header-image-2-1.jpg","","long_meta_description;h1_count_2;missing_twitter_card;missing_alt_15;article_missing_article_schema","35485"
"/nepriznive-pocasi-komplikuje-lety/","Nepříznivé počasí komplikuje lety - Visit Bulharsko","51","&#8222;Nepřízeň počasí hrozí narušit plány: Jak se připravit na cestu z Frankfurtu do bulharských pokladů?&#8220;","113","https://visitbulharsko.cz/C:/Program Files/Git/nepriznive-pocasi-komplikuje-lety/","1","Nepříznivé počasí komplikuje lety Luke Palm · 5. ledna 2025 · 2 min čtení „Nepřízeň počasí hrozí narušit plány: Jak se připravit na cestu z Frankfurtu do bulharských pokladů?“ (window.adsbygoogle = window.adsbygoogle || []).push({}); ADS / reklamní prostor v článku Cestování letadlem je pro mnoho z nás synonymem pohodlí a rychlosti, ale co když se příroda rozhodne nám plány zkomplikovat? Zítra by mohli být cestující na letišti ve Frankfurtu nepříjemně překvapeni. Prognózy meteorologů totiž varují před nepříznivým počasím, které by mohlo narušit letecký provoz. Co přesně se očekává a jak se na takovou situaci připravit? A co to znamená pro ty, kteří mají namířeno na dovolenou, například do Bulharska? Společnost Fraport, která spravuje letiště ve Frankfurtu, dnes varovala před možnými komplikacemi v důsledku blížícího se špatného počasí. Meteorologové předpovídají sněhové přeháňky a ledový déšť, což často vede k omezením v letecké dopravě. Podle dostupných informací by měl být provoz nejvíce zasažen v ranních a dopoledních hodinách, kdy se očekávají nejintenzivnější srážky a nízké teploty. Letiště se již připravuje na nasazení techniky pro odklízení sněhu a rozmrazování letadel, ale i přesto se cestující musí připravit na možné zpoždění či dokonce rušení letů. Pro ty, kteří plánují cestu do Bulharska, například do oblíbených letovisek u Černého moře, může být tato zpráva obzvlášť stresující. Bulharsko je mezi Čechy stále populárnější destinací díky svým cenově dostupným pobytům a krásným plážím. Pokud máte na zítřek naplánovaný let z Frankfurtu do Burgasu či Varny, doporučujeme sledovat aktuální informace o stavu letu přímo na webových stránkách letiště nebo kontaktovat svou leteckou společnost. Důležité je také dorazit na letiště s dostatečným předstihem, aby bylo možné případné změny řešit včas. Pokud se však váš let zpozdí nebo bude zrušen, není třeba panikařit. V takových situacích mají cestující nárok na náhradu škody nebo přesměrování na jiný let. V případě delšího čekání by vám měly být poskytnuty i základní služby, jako jsou občerstvení či ubytování. Pro jistotu si však před cestou zkontrolujte podmínky své letenky a případné pojištění. Cestování do Bulharska má své kouzlo nejen v létě, ale i v zimě, kdy můžete objevovat například historická města jako Plovdiv nebo Sofii, ochutnávat místní speciality či navštívit termální lázně. Pokud se vaše cesta zkomplikuje, zkuste to brát jako příležitost k poznání jiných zajímavých míst – třeba právě ve Frankfurtu, který nabízí řadu zajímavostí, od historického centra až po moderní muzea. Ať už vás nepříznivé počasí potká kdekoliv, vždy je dobré mít plán B. Nezapomeňte si s sebou vzít dostatek zábavy na čekání na letišti a udržujte pozitivní přístup – i zpoždění může být nakonec příležitostí k zajímavému zážitku. Pokud se chystáte do Bulharska, nezapomeňte, že vás tam čekají nejen slunečné pláže, ale i bohatá kultura a pohostinnost místních obyvatel.","1","706","6","0","","0","/C:/Program Files/Git/uploads/2023/07/header-image-2-1.jpg","","missing_twitter_card;article_missing_article_schema","17317"
"/nesebar-muzeum-pod-sirym-nebem/","Nesebar - Visit Bulharsko","25","Nesebar, nazývaný také „perla Černého moře“, je jedním z nejstarších měst v Evropě a jedinečným místem, které láká turisty svou historií.","137","https://visitbulharsko.cz/C:/Program Files/Git/nesebar-muzeum-pod-sirym-nebem/","1","Nesebar – muzeum pod širým nebem Luke Palm · 4. ledna 2025 · 5 min čtení Nesebar, nazývaný také „perla Černého moře“, je jedním z nejstarších měst v Evropě a jedinečným místem, které láká turisty svou historií, malebnou atmosférou a úžasnými výhledy. Leží na malém poloostrově, spojeném s pevninou úzkou šíjí, a je zapsán na seznamu světového dědictví UNESCO. Tento poklad Bulharska by měl být na seznamu každého, kdo hledá spojení […] (window.adsbygoogle = window.adsbygoogle || []).push({}); ADS / reklamní prostor v článku Nesebar, nazývaný také „perla Černého moře“, je jedním z nejstarších měst v Evropě a jedinečným místem, které láká turisty svou historií, malebnou atmosférou a úžasnými výhledy. Leží na malém poloostrově, spojeném s pevninou úzkou šíjí, a je zapsán na seznamu světového dědictví UNESCO. Tento poklad Bulharska by měl být na seznamu každého, kdo hledá spojení historie a relaxace u moře.","1","1430","5","0","","0","/C:/Program Files/Git/uploads/2025/01/AdobeStock_255935471-scaled.jpeg","","missing_twitter_card;article_missing_article_schema","23300"
"/nessebar-cernomorska-perla/","Nessebar - Černomořská perla - Visit Bulharsko","46","Hledáte místo, kde se mísí historie, romantika a odpočinek na pláži? Nessebar, malebné přímořské město splní všechna vaše očekávání.","132","https://visitbulharsko.cz/C:/Program Files/Git/nessebar-cernomorska-perla/","1","Nessebar: Černomořská perla Luke Palm · 4. ledna 2025 · 2 min čtení Hledáte místo, kde se mísí historie, romantika a odpočinek na pláži? Nessebar, malebné přímořské město na bulharském pobřeží Černého moře, splní všechna vaše očekávání. Tento jedinečný klenot, zapsaný na seznamu UNESCO, vás okouzlí svou atmosférou, krásnými plážemi a pestrou nabídkou aktivit. Podívejte se, co vás v Nessebaru čeká a jak si naplánovat nezapomenutelný pobyt. Historické […] (window.adsbygoogle = window.adsbygoogle || []).push({}); ADS / reklamní prostor v článku Hledáte místo, kde se mísí historie, romantika a odpočinek na pláži? Nessebar, malebné přímořské město na bulharském pobřeží Černého moře, splní všechna vaše očekávání. Tento jedinečný klenot, zapsaný na seznamu UNESCO, vás okouzlí svou atmosférou, krásnými plážemi a pestrou nabídkou aktivit. Podívejte se, co vás v Nessebaru čeká a jak si naplánovat nezapomenutelný pobyt.","1","904","6","0","","0","/C:/Program Files/Git/uploads/2025/01/nessebar.jpeg","","missing_twitter_card;article_missing_article_schema","19843"
"/nocni-doprava-v-sofii-v-ohrozeni/","Noční doprava v Sofii v ohrožení - Visit Bulharsko","50","„Hlavní město Bulharska na křižovatce: Zůstane noční doprava součástí nočního života?“","86","https://visitbulharsko.cz/C:/Program Files/Git/nocni-doprava-v-sofii-v-ohrozeni/","1","Noční doprava v Sofii v ohrožení Luke Palm · 8. ledna 2025 · 2 min čtení „Hlavní město Bulharska na křižovatce: Zůstane noční doprava součástí nočního života?“ (window.adsbygoogle = window.adsbygoogle || []).push({}); ADS / reklamní prostor v článku Noční doprava v Sofii, která se v posledních letech stala klíčovou součástí městského života, opět čelí hrozbě zrušení. Tento kontroverzní krok, který vyvolává bouřlivé debaty mezi obyvateli i vedením města, by mohl výrazně ovlivnit nejen každodenní život Sofijanů, ale i zážitek turistů, kteří si oblíbili noční atmosféru bulharské metropole. Noční městská doprava v Sofii byla vždy tak trochu jako přízrak – občas se objevila, aby se pak zase na nějakou dobu ztratila. Po několika letech fungování, kdy si na ni obyvatelé i návštěvníci hlavního města zvykli, se však znovu ocitá na pokraji zániku. Důvodem jsou finanční problémy a politické spory. Návrh na její zrušení předložili členové městské rady, kteří argumentují, že provoz nočních linek je pro město příliš nákladný a málo využívaný. Podle statistik je noční doprava nejčastěji využívána mladými lidmi, kteří se vracejí z večerních akcí, ale i turisty, kteří objevují noční tvář města. Sofie je známá svým rušným nočním životem, který láká nejen místní, ale i cestovatele z celého světa. Město nabízí celou řadu barů, klubů a restaurací, které jsou otevřené do ranních hodin, a právě noční doprava byla pro mnohé ideálním způsobem, jak se bezpečně dostat domů nebo zpět do hotelu. Návrh na zrušení však narazil na odpor nejen mezi obyvateli, ale i mezi některými městskými zastupiteli. Kritici upozorňují, že noční doprava je důležitým prvkem moderní infrastruktury, která by měla být podporována, a nikoli omezována. Argumentují také tím, že pro turisty může být její zrušení nepříjemným překvapením a mohlo by to narušit jejich dojem z pobytu v Sofii. Turisté, kteří plánují návštěvu hlavního města Bulharska, by měli situaci bedlivě sledovat. Noční doprava totiž není jen praktickým řešením, ale i způsobem, jak zažít Sofii z jiné perspektivy. Noční jízda tramvají nebo autobusem může být zajímavým zážitkem, který ukazuje autentický život města v hodinách, kdy většina metropolí utichá. Pro ty, kteří se do Sofie chystají, může být užitečné vědět, že noční doprava je v současnosti provozována na několika linkách, které propojují klíčové části města. Pokud by však došlo k jejímu zrušení, alternativou mohou být taxíky, které jsou v Sofii relativně dostupné, nebo sdílené jízdy prostřednictvím aplikací. Přestože budoucnost noční dopravy v Sofii zůstává nejistá, jedno je jasné – město, které se pyšní bohatou historií, fascinující kulturou a pohostinnými obyvateli, si vždy najde způsob, jak zaujmout své návštěvníky. Ať už s nočními autobusy, nebo bez nich, Sofie zůstává místem, které stojí za to objevit, ať už během dne, nebo pod rouškou noci.","1","701","6","0","","0","/C:/Program Files/Git/uploads/2023/07/header-image-2-1.jpg","","short_meta_description;missing_twitter_card;article_missing_article_schema","17153"
"/nova-pravidla-na-letisti-v-sofii/","""Nová pravidla na letišti v Sofii"" - Visit Bulharsko","52","**Letiště Sofie zavádí revoluční systém: Co vás čeká od ledna 2025?**","69","https://visitbulharsko.cz/C:/Program Files/Git/nova-pravidla-na-letisti-v-sofii/","1","„Nová pravidla na letišti v Sofii“ Luke Palm · 3. ledna 2025 · 2 min čtení Letiště Sofie zavádí revoluční systém: Co vás čeká od ledna 2025? (window.adsbygoogle = window.adsbygoogle || []).push({}); ADS / reklamní prostor v článku Představte si, že přistanete na letišti v Sofii a místo volného přístupu k terminálu vás čeká nový systém, který vás nasměruje přesně tam, kam potřebujete. Od 9. ledna 2025 přichází významná změna v organizaci dopravy před Terminálem 2, která má za cíl zlepšit plynulost a bezpečnost provozu. Co přesně to pro cestující znamená a jak se na tuto novinku připravit? Pojďme se podívat blíže na detaily, které by vám mohly usnadnit vaši příští cestu do Bulharska. Letiště v Sofii, jedno z nejdůležitějších dopravních uzlů v Bulharsku, prochází zásadní proměnou. Nová opatření, která zavádí provozovatel letiště SOF Connect, mají přinést větší efektivitu a bezpečnost v oblasti příjezdů a odjezdů u Terminálu 2. Inspirací pro tento krok byly osvědčené evropské modely řízení dopravy na letištích, jako jsou například letiště ve Vídni nebo Mnichově. Podstatou změny je zavedení kontrolovaného přístupu do prostor přímo před terminálem. Od 9. ledna 2025 se bude moci vozidlo zdržet na vymezených místech pouze po dobu deseti minut. Tento čas je určen výhradně pro vyložení nebo naložení zavazadel a cestujících. Pokud byste chtěli zůstat déle, bude nutné využít placená parkovací místa. Tento nový režim má za cíl snížit přetížení prostoru před terminálem, což bývá častým problémem zejména během letní turistické sezóny. Pro cestující, kteří se na letiště dopravují sami, nebo pro ty, kteří využívají taxi či jiné přepravní služby, je klíčové vědět o této změně předem. Letiště Sofie již nyní poskytuje podrobné instrukce na svých webových stránkách a doporučuje cestujícím plánovat svou cestu s dostatečným časovým předstihem. Pro ty, kteří potřebují delší dobu na vyřízení svých záležitostí, je připraveno několik parkovacích zón v blízkosti terminálu, kde je možné vozidlo ponechat za poplatek. Dalším zajímavým aspektem je zavedení moderního systému pro řízení dopravy, který bude monitorovat a regulovat pohyb vozidel v reálném čase. Tím se nejen zlepší plynulost provozu, ale také zvýší bezpečnost cestujících. Systém bude využívat kamerové technologie a senzory, které pomohou identifikovat případné problémy a zajistí, že pravidla budou dodržována. Změny na letišti však neovlivní pouze individuální cestující. Rovněž dopravci a taxi služby budou muset přizpůsobit své fungování novým pravidlům. SOF Connect plánuje úzkou spolupráci s přepravci, aby zajistil hladký přechod na nový systém. Všichni řidiči budou muset dodržovat přísné časové limity a parkovací pravidla, což by mělo eliminovat chaos, který byl v minulosti běžným jevem. Pro české cestovatele, kteří často volí Bulharsko jako svou dovolenkovou destinaci, je tato změna důležitým detailem, který by neměli přehlédnout. Letiště v Sofii je častým výchozím bodem pro cesty do přímořských letovisek jako Burgas či Varna, ale také pro objevování krás bulharského vnitrozemí. Proto je ideální být na nové podmínky připraven a plánovat svou cestu s ohledem na tato opatření. Celkově lze říci, že změny na letišti v Sofii jsou krokem vpřed směrem k modernizaci a větší efektivitě. Přestože si nový systém může vyžádat určité přizpůsobení ze strany cestujících, jeho cílem je zlepšit celkový zážitek z cestování. Pokud tedy plánujete návštěvu Bulharska po 9. lednu 2025, nezapomeňte si zjistit aktuální informace o pravidlech na letišti a přizpůsobit tomu svůj itinerář. Ať už míříte na pláže Černého moře, do malebných hor nebo historických měst, vaše cesta začne hladce a bez zbytečných komplikací.","1","820","6","0","","0","/C:/Program Files/Git/uploads/2023/07/header-image-2-1.jpg","","short_meta_description;missing_twitter_card;article_missing_article_schema","18051"
"/nove-parkovaci-zony-v-sofii-%f0%9f%9a%97/","Nové parkovací zóny v Sofii! 🚗 - Visit Bulharsko","48","Nová pravidla parkování v bulharské metropoli: Co čeká řidiče v centru?","71","https://visitbulharsko.cz/C:/Program Files/Git/nove-parkovaci-zony-v-sofii-%f0%9f%9a%97/","1","Nové parkovací zóny v Sofii! 🚗 Luke Palm · 23. března 2025 · 2 min čtení Nová pravidla parkování v bulharské metropoli: Co čeká řidiče v centru? (window.adsbygoogle = window.adsbygoogle || []).push({}); ADS / reklamní prostor v článku Plánujete cestu do bulharské metropole a počítáte s tím, že si půjčíte auto? Možná byste měli zbystřit. Starosta Sofie Vasil Terziev přišel s návrhem, který by mohl zásadně ovlivnit způsob parkování v centru města. Pokud se chystáte objevovat krásy bulharského hlavního města autem, je dobré vědět, jaké změny vás mohou čekat. Nové zóny, vyšší poplatky a noční parkování – to jsou hlavní témata, která nyní v Sofii rezonují. Co přesně se chystá a jak by to mohlo ovlivnit turisty i místní obyvatele? Sofie je město s bohatou historií, úchvatnou architekturou a rušnými ulicemi plnými aut. Parkování v centru bylo vždy výzvou, a proto zde již několik let fungují placené zóny. Nyní se však uvažuje o jejich rozšíření a zejména o zavedení nové červené zóny, která by platila i v nočních hodinách. Podle starosty Terzieva je tento krok nutný kvůli rostoucímu počtu vozidel a snaze zpřehlednit parkování v centru města. V současnosti v Sofii fungují dvě hlavní placené parkovací zóny – modrá a zelená. Modrá zóna pokrývá nejvytíženější části města a je nejdražší, zatímco zelená zóna se nachází v širším centru a parkování zde vyjde levněji. Nově navrhovaná červená zóna by měla platit především v nočních hodinách a zajistit, že parkovací místa budou dostupnější pro obyvatele i návštěvníky. Dalším důležitým bodem návrhu je zvýšení poplatků za parkování. Ceny nebyly několik let upravovány, a proto podle starosty neodpovídají současné ekonomické situaci. Náklady na údržbu parkovišť, inflace a rostoucí příjmy obyvatel jsou hlavními důvody, proč by mělo dojít k revizi cen. Zatím však není jasné, o kolik se parkovné zvýší a zda to ovlivní i krátkodobé návštěvníky města. Turisté, kteří plánují navštívit Sofii autem, by si proto měli před cestou pečlivě zjistit aktuální pravidla parkování. Pokud se návrhy schválí, může být nutné přizpůsobit své plány a zvážit například využití městské hromadné dopravy, která je v Sofii poměrně dobře rozvinutá. Alternativou může být i ubytování mimo centrum, kde je parkování jednodušší a často zdarma. Zavedení nočního parkování za poplatek může mít pro město i pozitivní dopady. Regulace by mohla snížit počet aut, která přes noc blokují ulice, a zároveň zlepšit dostupnost míst pro obyvatele. Na druhou stranu by mohlo dojít k tomu, že lidé začnou parkovat v okrajových částech města, což by mohlo způsobit problémy v jiných oblastech. Pro turisty i místní obyvatele bude důležité sledovat, jak se situace vyvine. Pokud se chystáte do Sofie, doporučujeme se předem informovat o aktuálních pravidlech a zvážit, zda se vám vyplatí parkovat v centru, nebo raději využít jiné možnosti dopravy. Ať už se rozhodnete jakkoliv, Sofie stále zůstává fascinujícím místem plným historie, kultury a jedinečné atmosféry, kterou stojí za to objevit.","1","731","6","0","","0","/C:/Program Files/Git/uploads/2023/07/header-image-2-1.jpg","","short_meta_description;missing_twitter_card;article_missing_article_schema","17251"
"/novy-sef-bezpecnejsi-doprava/","**Nový šéf, bezpečnější doprava?** - Visit Bulharsko","52","Nový ředitel dopravní agentury v Bulharsku: Co přinese jeho zkušenost z hlavního města?","87","https://visitbulharsko.cz/C:/Program Files/Git/novy-sef-bezpecnejsi-doprava/","1","Nový šéf, bezpečnější doprava? Luke Palm · 17. března 2025 · 2 min čtení Nový ředitel dopravní agentury v Bulharsku: Co přinese jeho zkušenost z hlavního města? (window.adsbygoogle = window.adsbygoogle || []).push({}); ADS / reklamní prostor v článku Bulharsko je nejen oblíbenou letní destinací pro turisty, ale také zemí, kde se často mění vedení klíčových institucí. Nedávno se na jeden z nejdůležitějších postů v dopravním sektoru dostal muž, který má zkušenosti z řízení městské dopravy v Sofii. Jaké změny můžeme očekávat a co to znamená pro bulharskou dopravu? Sofijská městská doprava prošla v posledních letech řadou změn a jedním z lidí, kteří tento proces řídili, byl Sla­v Monov. Tento bývalý ředitel městské dopravní společnosti „Stolichen Avtotransport“ se nyní ujímá funkce ředitele Výkonné agentury „Automobilová administrativa“, která je zodpovědná za kontrolu silniční dopravy v Bulharsku. Tato instituce, dříve známá jako DAI, má na starosti regulaci a dohled nad dopravním sektorem, což zahrnuje například licencování dopravních společností, kontrolu dodržování pravidel a boj proti korupci. Ministerstvo dopravy a komunikací oznámilo tuto změnu s tím, že Monov má bohaté zkušenosti s řízením dopravních systémů. Během svého působení ve vedení městské dopravy v Sofii se podílel na modernizaci vozového parku a zlepšení veřejné dopravy v hlavním městě. Jeho nový úkol však bude mnohem náročnější – bulharská automobilová administrativa je dlouhodobě vnímána jako problematická instituce, kde se v minulosti objevily případy korupce a nedostatečné kontroly nad silniční dopravou. Bulharsko je pro mnoho českých turistů oblíbenou destinací nejen díky krásným plážím a historickým památkám, ale také díky relativně dostupné dopravě. Silniční doprava zde hraje klíčovou roli, zejména pokud se turisté rozhodnou cestovat autem nebo autobusem. Kvalita silnic a bezpečnost na bulharských dálnicích jsou proto důležitými faktory, které ovlivňují celkový dojem z cestování po této zemi. S příchodem Monova do vedení by mohlo dojít ke zpřísnění kontrol dopravních společností a zlepšení bezpečnosti na silnicích. To by mohlo být dobrou zprávou nejen pro místní obyvatele, ale i pro zahraniční návštěvníky. Zavedení moderních kontrolních mechanismů a transparentnějšího systému licencování autobusových a nákladních dopravců by mohlo vést k větší důvěře ve veřejnou dopravu a snížení rizika nehod způsobených nedodržováním pravidel. Bulharsko už v minulosti čelilo výzvám spojeným s dopravní bezpečností. Některé autobusové společnosti měly problémy s technickým stavem vozidel a nedostatečnou kontrolou řidičů. Pokud Monov dokáže přenést své zkušenosti z modernizace městské dopravy do celostátní správy, mohlo by to znamenat pozitivní změny. Pro cestovatele, kteří plánují dovolenou v Bulharsku, by mohlo být zajímavé sledovat, jaké kroky nová administrativa podnikne ke zlepšení dopravní infrastruktury. Ať už se jedná o lepší dohled nad autobusovými linkami spojujícími letoviska s vnitrozemím, nebo o zajištění vyšší bezpečnosti na hlavních tazích, změny v dopravním sektoru mohou ovlivnit pohodlí a bezpečnost cestování po této krásné balkánské zemi.","1","710","6","0","","0","/C:/Program Files/Git/uploads/2023/07/header-image-2-1.jpg","","short_meta_description;missing_twitter_card;article_missing_article_schema","17446"
"/o-nas/","O nás - Visit Bulharsko","23","About Us Independent business channel dedicated to providing comprehensive news and updates. Suspendisse ac tellus diam ut faucibus feugiat sit consectetur morbi mattis mattis nunc, urna et non sagittis, odio eget at magna diam sed ultricies quam sodales, gravida lobortis. Ultrices aliquam sociis diam, tempus pulvinar egestas senectus fermentum neque gravida condimentum nullam donec et [&hellip;]","399","https://visitbulharsko.cz/C:/Program Files/Git/o-nas/","2","O nás About Us Independent business channel dedicated to providing comprehensive news and updates. Suspendisse ac tellus diam ut faucibus feugiat sit consectetur morbi mattis mattis nunc, urna et non sagittis, odio eget at magna diam sed ultricies quam sodales, gravida lobortis. Ultrices aliquam sociis diam, tempus pulvinar egestas senectus fermentum neque gravida condimentum nullam donec et […] (window.adsbygoogle = window.adsbygoogle || []).push({}); ADS / reklamní prostor v článku | About Us","2","438","10","7","","0","/C:/Program Files/Git/uploads/2023/07/header-image-2-1.jpg","","short_title;long_meta_description;h1_count_2;missing_twitter_card;missing_alt_7","28377"
"/oboriste-nova-era-pod-kuzmovem/","**Obořiště: Nová éra pod Kuzmovem** - Visit Bulharsko","53","Proměna hlavního města: Jak vítězství Georgiho Kuzmova ovlivní budoucnost centrální čtvrti","90","https://visitbulharsko.cz/C:/Program Files/Git/oboriste-nova-era-pod-kuzmovem/","1","Obořiště: Nová éra pod Kuzmovem Luke Palm · 17. března 2025 · 2 min čtení Proměna hlavního města: Jak vítězství Georgiho Kuzmova ovlivní budoucnost centrální čtvrti (window.adsbygoogle = window.adsbygoogle || []).push({}); ADS / reklamní prostor v článku Bulharsko je země, která se neustále vyvíjí a mění. To platí i pro její hlavní město Sofii, kde se nedávno konaly komunální volby. V městském obvodu Obořiště, který je známý svou historií a kulturním dědictvím, došlo k výraznému vítězství. Kandidát Georgi Kuzmov získal podporu většiny obyvatel již v prvním kole voleb. Co vedlo k jeho úspěchu a jaké změny lze očekávat v tomto významném sofijském obvodu? Georgi Kuzmov byl kandidátem koalice „Pokračujeme ve změně – Demokratické Bulharsko – Zachraňme Sofii“. Jeho vítězství bylo přesvědčivé, když obdržel 67 % hlasů. Tento výsledek ukazuje na silnou důvěru místních obyvatel v jeho schopnosti a plány na rozvoj oblasti. Obořiště je jedním z centrálních obvodů Sofie, kde se nachází mnoho historických budov, kulturních institucí a významných památek. Proto je jeho správa klíčová nejen pro místní obyvatele, ale i pro turisty, kteří do této části města míří. Nový starosta přichází s vizí modernizace a zlepšení života obyvatel. Mezi jeho hlavní priority patří zlepšení infrastruktury, podpora udržitelného rozvoje a posílení bezpečnosti v obvodu. Obořiště je často navštěvováno turisty díky svým muzeím, galeriím a historickým budovám, a proto je důležité, aby se zde cítili bezpečně a měli k dispozici kvalitní veřejné služby. Plány na rozšíření a údržbu zelených ploch, lepší dopravní spojení a podpora místních podnikatelů jsou dalšími kroky, které by měly přispět k rozvoji této atraktivní části Sofie. Vítězství Kuzmova také naznačuje změnu v politickém smýšlení obyvatel Sofie. Koalice, kterou zastupuje, se profiluje jako moderní a proevropská, což naznačuje, že voliči chtějí vidět progresivnější přístup k řízení města. Tento trend může ovlivnit i další obvody a celkový směr, kterým se bude bulharská metropole ubírat v příštích letech. Oblasti jako Obořiště mají velký potenciál pro turismus a kulturní rozvoj. Sofie je město s bohatou historií, které nabízí návštěvníkům nejen tradiční památky, ale i moderní městské prostředí plné kaváren, galerií a parků. Nové vedení by mohlo přispět k tomu, aby se tato část města stala ještě atraktivnější pro cestovatele, kteří objevují Bulharsko nejen kvůli jeho přímořským letoviskům, ale i kvůli historickým a kulturním skvostům. Změny v komunální politice Sofie mohou mít dopad i na turismus v celém městě. Pokud se nový starosta zaměří na zlepšení infrastruktury a veřejných služeb, může to přilákat více návštěvníků a učinit Sofii ještě zajímavější destinací. Obořiště je jedním z míst, která mohou těžit z investic do rozvoje, a jeho budoucnost vypadá slibně. Bulharsko není jen o plážích a letoviscích, ale i o městech s bohatou historií a kulturou. Pokud plánujete cestu do Sofie, určitě se vydejte do Obořiště, kde můžete objevovat nejen historické památky, ale také sledovat, jak se tento sofijský obvod mění pod vedením nového starosty.","1","730","6","0","","0","/C:/Program Files/Git/uploads/2023/07/header-image-2-1.jpg","","short_meta_description;missing_twitter_card;article_missing_article_schema","17410"
"/ochrana-osobnich-udaju/","Zásady ochrany osobních údajů | Visitbulharsko.cz","49","Tyto webové stránky mohou shromažďovat data o vás, používat soubory cookies, vkládat další sledování od třetích stran a sledovat vaši interakci.","144","https://visitbulharsko.cz/C:/Program Files/Git/ochrana-osobnich-udaju/","1","Zásady ochrany osobních údajů Kdo jsme Naše webová adresa je: https://visitbulharsko.cz. Komentáře Když návštěvníci přidají komentář na tento web, jsou shromažďovány údaje zobrazené ve formuláři pro komentář, dále IP adresa návštěvníka a řetězec user agent definující prohlížeč, což pomáhá k detekci spamu. Službě Gravatar může být poskytnut anonymní řetězec vytvořený z vaší e-mailové adresy (nazývaný také hash), díky kterému […] (window.adsbygoogle = window.adsbygoogle || []).push({}); ADS / reklamní prostor v článku","9","763","3","0","","0","/C:/Program Files/Git/uploads/2023/07/header-image-2-1.jpg","","missing_twitter_card","15399"
"/opustene-lazne-sofie-pribeh-znovuzrozeni/","""Opuštěné lázně Sofie: Příběh znovuzrození"" - Visit Bulharsko","61","**Opuštěné lázně v srdci Sofie: Příběh minulosti, která čeká na své znovuzrození**","82","https://visitbulharsko.cz/C:/Program Files/Git/opustene-lazne-sofie-pribeh-znovuzrozeni/","1","„Opuštěné lázně Sofie: Příběh znovuzrození“ Luke Palm · 3. ledna 2025 · 2 min čtení Opuštěné lázně v srdci Sofie: Příběh minulosti, která čeká na své znovuzrození (window.adsbygoogle = window.adsbygoogle || []).push({}); ADS / reklamní prostor v článku Pokud by se budovy mohly proměnit v knihu, opuštěné lázně v Sofii by vyprávěly příběh o dávné slávě, zapomnění a naději na znovuzrození. Představte si místo, kde se kdysi scházeli lidé všech společenských vrstev, aby si odpočinuli, očistili tělo i mysl a popovídali si. Dnes však tyto lázně mlčí. Zdánlivě opuštěné, ale stále plné ducha minulosti, čekají na své nové využití. Vydáme se na procházku těmito historickými prostory, abychom odhalili jejich tajemství a přemýšleli o jejich budoucnosti. Sofie, hlavní město Bulharska, je známá svou bohatou historií a jedinečnou architekturou, která v sobě mísí různé epochy a styly. Jedním z méně známých, ale fascinujících míst jsou bývalé městské lázně, které kdysi patřily k nejoblíbenějším místům pro odpočinek a regeneraci. Tyto lázně, postavené na přelomu 19. a 20. století, byly symbolem modernizace a pokroku tehdejší společnosti. Nacházely se v centru města a využívaly bohaté zásoby minerálních pramenů, které Sofii proslavily. Při vstupu do těchto prostor vás okamžitě obklopí zvláštní atmosféra. Vlhký vzduch a polorozpadlé mramorové desky připomínají doby, kdy zdejší bazény a sauny praskaly ve švech. Představte si místnost plnou páry, kde se lidé setkávali, diskutovali o politice, obchodních záležitostech nebo jen o všedních radostech a starostech. Dnes ale místo působí opuštěně, a přesto má své kouzlo. Na stěnách stále zůstávají původní mozaiky a zdobené klenby, které svědčí o dřívější velkoleposti budovy. Přestože lázně již dávno neslouží svému původnímu účelu, jejich historie je stále živá. Místní obyvatelé vzpomínají na časy, kdy sem chodili jejich rodiče a prarodiče. Někteří z nich doufají, že se místo jednou dočká obnovy. A skutečně, v posledních letech se objevují snahy o revitalizaci těchto prostor. Některé části budovy již byly opraveny a využívají se pro kulturní akce, výstavy nebo koncerty. Tento trend by mohl být začátkem nového života pro kdysi slavné lázně. Proč by vás měly tyto lázně zajímat? Protože představují jedinečné spojení historie, architektury a lidských příběhů. Navštívit je znamená nahlédnout do minulosti Sofie a pochopit, jak důležitou roli hrály minerální prameny v životě města. Je to také příležitost přemýšlet o tom, jak lze revitalizovat historické památky a dát jim nový smysl v moderní době. Pokud plánujete cestu do Sofie, doporučujeme zařadit návštěvu těchto lázní na svůj seznam. I když nejsou zcela přístupné veřejnosti, často se zde konají komentované prohlídky, které vám umožní objevit jejich krásu a příběhy, které se za nimi skrývají. A kdo ví? Možná právě vy budete svědky jejich znovuzrození, které by mohlo přinést nový život nejen těmto prostorám, ale i celému městu.","1","709","6","0","","0","/C:/Program Files/Git/uploads/2023/07/header-image-2-1.jpg","","short_meta_description;missing_twitter_card;article_missing_article_schema","17298"
"/oslavy-osvobozeni-sofie-historie-oziva/","Oslavy osvobození Sofie: Historie ožívá! - Visit Bulharsko","58","&#8222;Bulharská metropole oslavila 147 let svobody: Rekonstrukce oživila klíčové okamžiky historie&#8220;","106","https://visitbulharsko.cz/C:/Program Files/Git/oslavy-osvobozeni-sofie-historie-oziva/","1","Oslavy osvobození Sofie: Historie ožívá! Luke Palm · 5. ledna 2025 · 2 min čtení „Bulharská metropole oslavila 147 let svobody: Rekonstrukce oživila klíčové okamžiky historie“ (window.adsbygoogle = window.adsbygoogle || []).push({}); ADS / reklamní prostor v článku Sofia, hlavní město Bulharska, nedávno oslavila 147 let od svého osvobození z osmanské nadvlády. Tato historická událost, která zásadně změnila osud města i celého regionu, byla připomenuta velkolepou rekonstrukcí v Severním parku. Slavnostní atmosféra, dobové kostýmy a autentické scény přenesly návštěvníky zpět do 19. století, kdy se psala jedna z nejvýznamnějších kapitol bulharské historie. Co přesně se tehdy odehrálo a proč je toto výročí pro Sofii tak důležité? Pojďme se na to podívat blíže. Osvobození Sofie od osmanské nadvlády v roce 1878 je jedním z klíčových okamžiků bulharské historie. Po téměř pěti stoletích pod nadvládou Osmanské říše se město stalo symbolem národní svobody a obnovy bulharské identity. Tato událost byla součástí širšího konfliktu, rusko-turecké války, která vedla ke vzniku nezávislého Bulharska. Právě 4. ledna 1878 vstoupila ruská armáda do Sofie, čímž ukončila období osmanské nadvlády a přinesla nové naděje na svobodu a rozvoj. Letošní oslavy výročí v Sofii byly výjimečné nejen svou atmosférou, ale i pečlivě připraveným programem. V Severním parku se odehrála historická rekonstrukce, která přilákala stovky diváků. Herci v dobových uniformách a kostýmech věrně ztvárnili okamžiky osvobození, včetně příchodu ruských vojáků do města. Diváci mohli být svědky emotivních scén, které připomínaly nejen boj za svobodu, ale také odvahu a naději místních obyvatel. Kromě samotné rekonstrukce byly součástí oslav také kulturní a vzdělávací akce. Návštěvníci mohli zhlédnout výstavy dobových fotografií a dokumentů, které přibližovaly život v Sofii během osmanské éry i po jejím osvobození. Děti i dospělí se mohli zapojit do workshopů, kde se učili o významu této historické události, a ochutnat tradiční bulharská jídla, která byla připravena speciálně pro tuto příležitost. Výročí osvobození Sofie je nejen připomínkou minulosti, ale také inspirací pro budoucnost. Město, které se z malého osmanského sídla proměnilo v moderní evropskou metropoli, je důkazem odhodlání a vytrvalosti svých obyvatel. Pro cestovatele, kteří navštíví Sofii, je to skvělá příležitost poznat hlubší vrstvy bulharské historie a kultury. Pokud plánujete cestu do Bulharska, určitě si nenechte ujít památky spojené s touto událostí, jako je například památník ruského cara Alexandra II., který sehrál klíčovou roli v osvobození země. Sofia dnes nabízí nejen bohatou historii, ale také živou současnost. Od impozantní katedrály Alexandra Něvského až po útulné kavárny a moderní umělecké galerie – město má co nabídnout každému, kdo se rozhodne ho prozkoumat. A právě události, jako je oslava osvobození, ukazují, jak hluboko jsou v Sofii zakořeněny tradice a jak silně si její obyvatelé váží své historie. Pokud vás láká poznávání míst s bohatým příběhem, Sofia je ideální destinací. Nejenže vás okouzlí svou architekturou a atmosférou, ale také vás vtáhne do dějin, které utvářely nejen Bulharsko, ale i celou jihovýchodní Evropu.","1","730","6","0","","0","/C:/Program Files/Git/uploads/2023/07/header-image-2-1.jpg","","missing_twitter_card;article_missing_article_schema","17548"
"/parkovani-v-sofii-zdrazi-%f0%9f%9a%97%f0%9f%92%b0/","Parkování v Sofii zdraží! 🚗💰 - Visit Bulharsko","46","Dražší parkování v bulharské metropoli? Připravte se na možné změny","67","https://visitbulharsko.cz/C:/Program Files/Git/parkovani-v-sofii-zdrazi-%f0%9f%9a%97%f0%9f%92%b0/","1","Parkování v Sofii zdraží! 🚗💰 Luke Palm · 23. března 2025 · 2 min čtení Dražší parkování v bulharské metropoli? Připravte se na možné změny (window.adsbygoogle = window.adsbygoogle || []).push({}); ADS / reklamní prostor v článku Parkování v centru Sofie se může brzy prodražit. Místní radnice uvažuje o zvýšení poplatků za parkování, protože ceny nebyly několik let aktualizovány. Tento krok by mohl ovlivnit nejen obyvatele města, ale také turisty, kteří do bulharské metropole přijíždějí autem. Co stojí za tímto rozhodnutím a jaké změny lze očekávat? Starosta Sofie Vasil Terzijev nedávno oznámil, že současný systém zpoplatněného parkování v bulharském hlavním městě potřebuje úpravy. Podle něj jsou současné ceny zastaralé a neodrážejí současné ekonomické podmínky, jako je inflace a rostoucí náklady na údržbu parkovacích ploch. Terzijev argumentuje, že zvýšení poplatků by mohlo pomoci nejen městskému rozpočtu, ale také snížit počet aut v centru města a podpořit veřejnou dopravu. V současnosti je parkování v Sofii rozděleno do několika zón s různými tarify. Nejvytíženější oblasti, jako je historické centrum, mají přísnější omezení a vyšší ceny, zatímco okrajové části města nabízejí levnější nebo dokonce bezplatné parkování. Mnoho místních obyvatel se ale domnívá, že současné sazby jsou příliš nízké, což vede k přeplněným ulicím a problémům s parkováním. Pro turisty, kteří plánují návštěvu Sofie autem, by mohlo zdražení znamenat vyšší náklady na parkování v centru. To by mohlo vést k většímu využívání parkovišť na okraji města a častějšímu využívání městské hromadné dopravy. Sofie má poměrně dobře fungující systém metra, autobusů a tramvají, takže cestování po městě bez auta je stále poměrně pohodlné. Město se také snaží inspirovat příklady z jiných evropských metropolí, kde vyšší ceny za parkování pomohly regulovat dopravní situaci a snížit počet aut v historických částech měst. Sofie se dlouhodobě potýká s problémy přetížených ulic a nedostatku parkovacích míst, což zdražení parkování může částečně řešit. Přestože přesné termíny a výše změn zatím nejsou jasné, jedná se o téma, které vyvolává diskuzi mezi místními obyvateli i návštěvníky města. Pokud se chystáte do Sofie a plánujete využívat auto, doporučujeme sledovat aktuální informace o parkování a případně zvážit alternativní způsoby dopravy. Bulharsko je oblíbenou destinací českých turistů, kteří sem míří nejen k moři, ale také za poznáváním historických památek a přírodních krás. Sofie je jedním z míst, která stojí za návštěvu, ať už kvůli bohaté historii, architektuře nebo místní gastronomii. Pokud se rozhodnete město navštívit, může být dobré zvážit, zda je nutné do centra jezdit autem, nebo zda se vyplatí využít městskou dopravu, která je stále cenově dostupnější variantou.","1","672","6","0","","0","/C:/Program Files/Git/uploads/2023/07/header-image-2-1.jpg","","short_meta_description;missing_twitter_card;article_missing_article_schema","17059"
"/petrohrad-nahle-uzavreni-letiste/","""Petrohrad: Náhlé uzavření letiště"" - Visit Bulharsko","53","**Dramatické Uzavření Letiště v Petrohradu: Co Se Stalo a Jak To Může Ovlivnit Vaše Cestovní Plány?**","101","https://visitbulharsko.cz/C:/Program Files/Git/petrohrad-nahle-uzavreni-letiste/","1","„Petrohrad: Náhlé uzavření letiště“ Luke Palm · 4. ledna 2025 · 2 min čtení Dramatické Uzavření Letiště v Petrohradu: Co Se Stalo a Jak To Může Ovlivnit Vaše Cestovní Plány? (window.adsbygoogle = window.adsbygoogle || []).push({}); ADS / reklamní prostor v článku Letiště v ruském Petrohradu se ocitlo ve středu pozornosti poté, co bylo náhle uzavřeno kvůli obavám o bezpečnost. Co přesně stálo za tímto rozhodnutím a jaká opatření byla přijata? Tato situace poukazuje nejen na důležitost bezpečnosti v letecké přepravě, ale také na to, jak nečekané události mohou ovlivnit plány tisíců cestujících. Ponořte se s námi do podrobností tohoto příběhu, který může mít dopad i na vaše budoucí cestovatelské plány. V sobotu 4. prosince v ranních hodinách bylo letiště Pulkovo v Petrohradu dočasně uzavřeno pro přílety a odlety. Ruský úřad pro civilní letectví, známý jako Rosaviacija, oznámil, že opatření byla přijata za účelem zajištění bezpečnosti civilního letectví. Přestože konkrétní důvody tohoto kroku nebyly ihned zveřejněny, rozhodnutí vyvolalo otázky o tom, co mohlo být příčinou takového zásahu. Letecká doprava je obecně považována za jeden z nejbezpečnějších způsobů cestování, ovšem právě bezpečnostní otázky patří mezi nejvyšší priority v tomto odvětví. Uzavření letiště způsobilo komplikace pro stovky cestujících, kteří museli čelit zpožděním a změnám ve svých cestovních plánech. Někteří byli nuceni hledat alternativní trasy, zatímco jiní byli ponecháni v nejistotě ohledně dalších kroků. Letecké společnosti se snažily situaci řešit co nejrychleji, ale chaos na letišti ukázal, jak křehký může být systém letecké dopravy při náhlých výpadcích. Zajímavostí je, že Pulkovo je jedním z nejvytíženějších letišť v Rusku a slouží jako důležitý uzel nejen pro vnitrostátní lety, ale i pro mezinárodní spoje. Pro cestující z České republiky, kteří využívají Petrohrad jako přestupní bod při cestě do dalších destinací, může mít takové uzavření významný dopad. Přestože Bulharsko není přímo spojeno s touto situací, podobné události připomínají, jak důležité je mít při plánování cest vždy záložní plán. Pokud plánujete cestu do Bulharska, například do populárních přímořských letovisek jako Burgas nebo Varna, je dobré se předem informovat o aktuální situaci na letištích a sledovat doporučení leteckých společností. Bulharsko nabízí širokou škálu možností, jak se tam dostat, ať už přímými lety z České republiky nebo s přestupem. I přesto, že podobné uzávěry letišť jsou spíše výjimečné, mohou ovlivnit vaše plány, pokud je vaše cesta závislá na přestupních letištích. Závěrem lze říci, že situace v Petrohradu je připomínkou toho, jak důležitá je flexibilita při cestování. Ať už se chystáte na dovolenou do Bulharska nebo do jiné destinace, vždy se vyplatí mít aktuální informace o svém letu a být připraven na možné změny. Bezpečnost zůstává nejvyšší prioritou, a tak i když podobná opatření mohou být nepohodlná, jejich cílem je zajistit, aby cestování bylo co nejbezpečnější pro všechny.","1","708","6","0","","0","/C:/Program Files/Git/uploads/2023/07/header-image-2-1.jpg","","missing_twitter_card;article_missing_article_schema","17369"
"/plovdiv-nejstarsi-mesto-evropy/","Plovdiv – Průvodce nejstarším městem Evropy | Visit Bulharsko","61","Plovdiv – nejstarší město Evropy plné historie, kultury a skvělého jídla. Projděte se antickými památkami, užijte si atmosféru čtvrti Kapana.","141","https://visitbulharsko.cz/C:/Program Files/Git/plovdiv-nejstarsi-mesto-evropy/","1","Plovdiv: Nejstarší město Evropy Luke Palm · 18. března 2025 · 3 min čtení Plovdiv, druhé největší město Bulharska, je často přehlíženým klenotem Balkánu. Přitom jde o jedno z nejstarších nepřetržitě osídlených měst na světě a místo, kde se prolíná antická historie s moderním životem. Pokud hledáte kombinaci historie, kultury, skvělého jídla a živé atmosféry, Plovdiv je jasná volba. Historické srdce města: Staré Město Plovdiv Staré Město Plovdiv je […] (window.adsbygoogle = window.adsbygoogle || []).push({}); ADS / reklamní prostor v článku Plovdiv, druhé největší město Bulharska, je často přehlíženým klenotem Balkánu. Přitom jde o jedno z nejstarších nepřetržitě osídlených měst na světě a místo, kde se prolíná antická historie s moderním životem. Pokud hledáte kombinaci historie, kultury, skvělého jídla a živé atmosféry, Plovdiv je jasná volba.","1","907","6","0","","0","/C:/Program Files/Git/uploads/2025/03/plovdiv-pohled-1-scaled.webp","","missing_twitter_card;article_missing_article_schema","20124"
"/pocasi-komplikuje-lety-z-frankfurtu/","""Počasí komplikuje lety z Frankfurtu"" - Visit Bulharsko","55","„Nepřízeň počasí ohrožuje lety z Frankfurtu: Jak se připravit na komplikace a zůstat v klidu?“","94","https://visitbulharsko.cz/C:/Program Files/Git/pocasi-komplikuje-lety-z-frankfurtu/","1","„Počasí komplikuje lety z Frankfurtu“ Luke Palm · 4. ledna 2025 · 2 min čtení „Nepřízeň počasí ohrožuje lety z Frankfurtu: Jak se připravit na komplikace a zůstat v klidu?“ (window.adsbygoogle = window.adsbygoogle || []).push({}); ADS / reklamní prostor v článku Cestování letadlem může být vzrušující, ale co dělat, když počasí naruší plány? Přesně toto dilema může zítra potkat cestující na frankfurtském letišti, kde se očekávají komplikace způsobené nepříznivými povětrnostními podmínkami. Pokud plánujete let z tohoto významného evropského uzlu, měli byste věnovat pozornost následujícím informacím, které vám mohou ušetřit čas, nervy i peníze. Podle společnosti Fraport, která spravuje letiště ve Frankfurtu nad Mohanem, se na zítřek předpovídají husté sněhové srážky a ledový déšť. Tyto podmínky mohou vážně ovlivnit letecký provoz, což by mohlo vést k výrazným zpožděním nebo dokonce k rušení některých letů. Nejvíce ohroženy jsou ranní a dopolední odlety, kdy se očekává nejintenzivnější sněžení. Pro cestující to znamená nutnost zvýšené opatrnosti a přípravy na případné změny. Frankfurtské letiště patří mezi nejrušnější v Evropě a jakékoli narušení jeho provozu může mít domino efekt na lety po celém světě. Problémy způsobené počasím se často netýkají jen samotného odletu, ale také přestupů, což může být komplikace zejména pro ty, kteří mají naplánované návazné lety. Pokud tedy máte na zítřek rezervaci, doporučuje se pečlivě sledovat aktuální informace od letecké společnosti a případně zkontrolovat status vašeho letu online. V takové situaci je klíčové vědět, jak postupovat. Pokud váš let bude zpožděn nebo zrušen, většina leteckých společností nabízí možnost přerezervace zdarma. Některé aerolinky také poskytují kompenzace za zpoždění podle evropských předpisů, zejména pokud jde o zdržení delší než tři hodiny. Pro cestující, kteří uvíznou na letišti, bývá k dispozici občerstvení nebo ubytování, ale tyto služby závisí na konkrétní politice leteckého dopravce. Pro ty, kteří plánují cestu do Bulharska, například na víkendový pobyt u Černého moře nebo do hor, může být situace o to složitější. Bulharsko je stále oblíbenější destinací, ať už kvůli příznivým cenám, pohostinnosti místních obyvatel nebo bohaté historii. Pokud byste se kvůli nepřízni počasí nemohli dostat do této krásné země podle plánu, zkuste tuto dobu využít k tomu, abyste si připravili itinerář, našli si zajímavé tipy na výlety nebo se dozvěděli více o místní kultuře. Například návštěva města Plovdiv, jednoho z nejstarších osídlených míst v Evropě, nebo objevování přírodních rezervací, jako je pohoří Rila, může být inspirací pro budoucí cestu. Ať už se rozhodnete jakkoli, vždy je dobré mít na paměti, že bezpečnost je na prvním místě. Pokud se tedy zítřejší let z Frankfurtu neuskuteční, berte to jako příležitost k odpočinku nebo k objevení nových možností. Nepřízeň počasí může být nepříjemná, ale s dobrou přípravou a trochou trpělivosti zvládnete jakoukoli komplikaci.","1","700","6","0","","0","/C:/Program Files/Git/uploads/2023/07/header-image-2-1.jpg","","short_meta_description;missing_twitter_card;article_missing_article_schema","17334"
"/pocasi-v-bulharsku-kdy-vyrazit-a-co-ocekavat/","Počasí v Bulharsku: Kdy vyrazit a co očekávat? - Visit Bulharsko","64","Plánujete dovolenou v Bulharsku a váháte, kdy je nejlepší čas vyrazit? Počasí v této východoevropské zemi nabízí pestrou paletu zážitků – od horkých letních dnů u Černého moře až po sněhové radovánky na horských svazích. Pojďme se podívat, jaké počasí vás čeká během roku a kdy si Bulharsko užijete nejvíce. Kontinentální klima s černomořským šarmem [&hellip;]","360","https://visitbulharsko.cz/C:/Program Files/Git/pocasi-v-bulharsku-kdy-vyrazit-a-co-ocekavat/","1","Počasí v Bulharsku: Kdy vyrazit a co očekávat? Luke Palm · 3. ledna 2025 · 2 min čtení Plánujete dovolenou v Bulharsku a váháte, kdy je nejlepší čas vyrazit? Počasí v této východoevropské zemi nabízí pestrou paletu zážitků – od horkých letních dnů u Černého moře až po sněhové radovánky na horských svazích. Pojďme se podívat, jaké počasí vás čeká během roku a kdy si Bulharsko užijete nejvíce. Kontinentální klima s černomořským šarmem […] (window.adsbygoogle = window.adsbygoogle || []).push({}); ADS / reklamní prostor v článku Plánujete dovolenou v Bulharsku a váháte, kdy je nejlepší čas vyrazit? Počasí v této východoevropské zemi nabízí pestrou paletu zážitků – od horkých letních dnů u Černého moře až po sněhové radovánky na horských svazích. Pojďme se podívat, jaké počasí vás čeká během roku a kdy si Bulharsko užijete nejvíce.","1","806","4","0","","0","/C:/Program Files/Git/uploads/hermes/pocasi-v-bulharsku-kdy-vyrazit-a-co-ocekavat.png","","long_meta_description;missing_twitter_card;article_missing_article_schema","17640"
"/pozar-ochromil-letiste-heathrow/","**Požár ochromil letiště Heathrow!** - Visit Bulharsko","54","Chaos na letišti Heathrow: Požár způsobil kolaps letového provozu a zmatek mezi cestujícími","91","https://visitbulharsko.cz/C:/Program Files/Git/pozar-ochromil-letiste-heathrow/","1","Požár ochromil letiště Heathrow! Luke Palm · 23. března 2025 · 1 min čtení Chaos na letišti Heathrow: Požár způsobil kolaps letového provozu a zmatek mezi cestujícími (window.adsbygoogle = window.adsbygoogle || []).push({}); ADS / reklamní prostor v článku Chaos na letišti Heathrow. Požár v elektrické rozvodně ochromil jedno z nejvytíženějších letišť světa a způsobil zpoždění letů po celém světě. Cestující byli vyzváni, aby se na letiště nevydávali a kontaktovali své letecké společnosti. Jaké budou důsledky této události pro leteckou dopravu a jak se situace vyvíjí? Londýnské letiště Heathrow bylo v pátek uzavřeno po požáru v elektrické podstanici, která zajišťuje napájení letiště. Incident způsobil rozsáhlé výpadky a přerušení letového provozu, což ovlivnilo tisíce cestujících po celém světě. Úřady oznámily, že letiště zůstane uzavřené minimálně do půlnoci 21. března, přičemž cestující byli vyzváni, aby se nevypravovali na letiště a kontaktovali své letecké společnosti pro další informace. Požár vypukl v ranních hodinách a během krátké chvíle se rozšířil, což vedlo ke kompletnímu vypnutí elektřiny v některých částech letiště. Hasiči byli na místě během několika minut a podařilo se jim dostat situaci pod kontrolu, avšak rozsah škod byl natolik velký, že bylo nutné letiště dočasně uzavřít. Vyšetřování příčiny požáru stále probíhá, přičemž úřady nevylučují technickou závadu. Heathrow je jedním z nejdůležitějších leteckých uzlů na světě a jeho dočasné uzavření má dalekosáhlé dopady. Letecké společnosti musely rušit nebo přesměrovávat lety, což vedlo k obrovským komplikacím pro cestující. Mezi nejvíce postižené patří mezinárodní spoje do Evropy, Severní Ameriky a Asie. Mnoho cestujících uvízlo na letištích po celém světě a aerolinky se snaží najít náhradní řešení. Situace na Heathrow přichází v době, kdy se letecký průmysl stále vzpamatovává z dopadů pandemie a snaží se zvládnout rostoucí poptávku po cestování. Pro mnoho lidí, kteří plánovali jarní dovolené či pracovní cesty, znamená tento incident velké komplikace. Pokud se chystáte na cestu do Bulharska, doporučujeme sledovat aktuální informace o letech a v případě potřeby se obrátit na svou leteckou společnost. Přestože většina letů do Bulharska směřuje na letiště v Burgasu a Varně, některé spoje mohou být ovlivněny zpožděním či přesměrováním. Vývoj situace na Heathrow bude i nadále sledován, aby bylo možné minimalizovat dopady na cestující a co nejrychleji obnovit běžný provoz.","1","622","6","0","","0","/C:/Program Files/Git/uploads/2023/07/header-image-2-1.jpg","","short_meta_description;missing_twitter_card;article_missing_article_schema","16698"
"/protest-v-sofii-skody-za-180-tis-e/","**Protest v Sofii: škody za 180 tis. €** - Visit Bulharsko","58","Protesty v bulharské metropoli: střet euroskepticismu s realitou","64","https://visitbulharsko.cz/C:/Program Files/Git/protest-v-sofii-skody-za-180-tis-e/","1","Protest v Sofii: škody za 180 tis. € Luke Palm · 23. března 2025 · 2 min čtení Protesty v bulharské metropoli: střet euroskepticismu s realitou (window.adsbygoogle = window.adsbygoogle || []).push({}); ADS / reklamní prostor v článku Protesty v Bulharsku nejsou ničím neobvyklým, ale události z 22. února v centru Sofie vzbudily pozornost nejen místních obyvatel, ale i evropských institucí. Demonstrace organizovaná stranou „Vazrazhdane“ vyústila v materiální škody, které podle Evropské komise dosahují výše 180 tisíc eur. Starosta Sofie, Vasili Terziev, k situaci poskytl podrobnosti a naznačil, kdo by mohl za škody nést odpovědnost. Jaké byly skutečné důvody protestu a co tato událost znamená pro politickou situaci v Bulharsku? Podle Terzieva došlo k poškození budovy zastupující Evropskou komisi v Sofii. Na fasádě zůstaly stopy po sprejích, rozbitých sklech a dalších formách vandalismu. Evropská komise vyčíslila náklady na opravy na 180 tisíc eur. Starosta dodal, že město bude hledat způsoby, jak škody pokrýt, a to buď z veřejných zdrojů, nebo přímo od organizátorů protestu. Protesty strany „Vazrazhdane“ nejsou v Bulharsku ničím novým. Toto politické hnutí, známé svou euroskeptickou rétorikou a ostrou kritikou západních institucí, se dlouhodobě snaží získat podporu mezi voliči, kteří nesouhlasí s proevropským směřováním Bulharska. Demonstrace 22. února měla vyjádřit nesouhlas s politikou Evropské unie vůči Bulharsku, především v otázkách ekonomiky a suverenity. Atmosféra na místě se však vyhrotila a protestující se uchýlili k destruktivním činům. Situace vyvolala otázky o tom, kdo by měl nést odpovědnost za vzniklé škody. Podle Terzieva by náklady na opravu neměly jít z městského rozpočtu, ale měly by být pokryty těmi, kdo protest organizovali. Zatím není jasné, zda bude zahájeno právní řízení proti konkrétním jednotlivcům nebo organizaci „Vazrazhdane“. Události v Sofii poukazují na hlubší problémy v bulharské společnosti. Země se nachází v politicky napjatém období, kdy část obyvatelstva podporuje proevropský směr, zatímco jiní volají po větší nezávislosti na Bruselu. „Vazrazhdane“ využívá této nálady k posilování své pozice a získávání nových příznivců. Pro turisty navštěvující Bulharsko je důležité vědět, že podobné protesty se obvykle odehrávají v hlavním městě a jen výjimečně ovlivňují pobřežní oblasti, kam míří většina návštěvníků. Sofie však není jen místem politických událostí, ale také městem s bohatou historií a kulturou, které stojí za návštěvu. Pokud se chystáte do Bulharska, doporučujeme sledovat aktuální dění, ale nenechat se odradit od objevování krás této fascinující země.","1","644","6","0","","0","/C:/Program Files/Git/uploads/2023/07/header-image-2-1.jpg","","short_meta_description;missing_twitter_card;article_missing_article_schema","16781"
"/prozijte-nezapomenutelny-silvestr-v-sofii-mesto-plne-zabavy-a-nocni-dopravy-az-do-rana/","Silvestr v Sofii - Visit Bulharsko","34","Silvestr v Sofii: Noční spojení!","32","https://visitbulharsko.cz/C:/Program Files/Git/prozijte-nezapomenutelny-silvestr-v-sofii-mesto-plne-zabavy-a-nocni-dopravy-az-do-rana/","1","Silvestr v Sofii Luke Palm · 31. prosince 2024 · 2 min čtení Silvestr v Sofii: Noční spojení! (window.adsbygoogle = window.adsbygoogle || []).push({}); ADS / reklamní prostor v článku","2","744","6","0","","0","/C:/Program Files/Git/uploads/2023/07/header-image-2-1.jpg","","short_meta_description;missing_twitter_card;article_missing_article_schema","17321"
"/rilsky-klaster-perla-bulharskych-hor/","Rilský klášter – perla bulharských hor - Visit Bulharsko","56","Rilský klášter (Rilski manastir) je symbolem bulharské kultury, spirituality a historie. Nachází se v srdci Rilských hor, asi 120 km jižně od Sofie, a je zapsán na seznamu světového dědictví UNESCO. Jeho návštěva je povinností pro každého, kdo touží poznat pravou duši Bulharska. Přinášíme vám všechny praktické informace, které vám pomohou naplánovat tento nezapomenutelný výlet. [&hellip;]","391","https://visitbulharsko.cz/C:/Program Files/Git/rilsky-klaster-perla-bulharskych-hor/","1","Rilský klášter – perla bulharských hor Luke Palm · 4. ledna 2025 · 2 min čtení Rilský klášter (Rilski manastir) je symbolem bulharské kultury, spirituality a historie. Nachází se v srdci Rilských hor, asi 120 km jižně od Sofie, a je zapsán na seznamu světového dědictví UNESCO. Jeho návštěva je povinností pro každého, kdo touží poznat pravou duši Bulharska. Přinášíme vám všechny praktické informace, které vám pomohou naplánovat tento nezapomenutelný výlet. […] (window.adsbygoogle = window.adsbygoogle || []).push({}); ADS / reklamní prostor v článku Rilský klášter (Rilski manastir) je symbolem bulharské kultury, spirituality a historie. Nachází se v srdci Rilských hor, asi 120 km jižně od Sofie, a je zapsán na seznamu světového dědictví UNESCO. Jeho návštěva je povinností pro každého, kdo touží poznat pravou duši Bulharska. Přinášíme vám všechny praktické informace, které vám pomohou naplánovat tento nezapomenutelný výlet.","1","873","5","0","","0","/C:/Program Files/Git/uploads/2025/01/Rila_Monastery-scaled.jpg","","long_meta_description;missing_twitter_card;article_missing_article_schema","18989"
"/ruska-ambasada-v-sofii-sila-a-napeti/","**Ruská ambasáda v Sofii: Síla a napětí** - Visit Bulharsko","59","**Ruská diplomacie v Bulharsku: Jak velvyslanectví Moskvy ovlivňuje vztahy obou zemí?**","87","https://visitbulharsko.cz/C:/Program Files/Git/ruska-ambasada-v-sofii-sila-a-napeti/","1","Ruská ambasáda v Sofii: Síla a napětí Luke Palm · 12. března 2025 · 2 min čtení Ruská diplomacie v Bulharsku: Jak velvyslanectví Moskvy ovlivňuje vztahy obou zemí? (window.adsbygoogle = window.adsbygoogle || []).push({}); ADS / reklamní prostor v článku Ruské velvyslanectví v Sofii zůstává jedním z největších diplomatických zastoupení v Bulharsku. I přes politické napětí mezi oběma zeměmi je jeho personál stále početný – čítá 44 zaměstnanců. Co přesně znamená takto rozsáhlé zastoupení a jakou roli hraje v současných vztazích mezi Ruskem a Bulharskem? Pohled na diplomatickou přítomnost Moskvy v této balkánské zemi nabízí zajímavý vhled do mezinárodních vztahů i historie vzájemných vazeb. ### Diplomatická přítomnost Ruska v Bulharsku Bulharsko a Rusko mají dlouhou společnou historii, která sahá až do 19. století, kdy carské Rusko pomohlo Bulharům získat nezávislost na Osmanské říši. Vztahy mezi oběma zeměmi však v posledních desetiletích prošly mnoha zvraty. Zatímco v době socialismu bylo Bulharsko jedním z nejbližších spojenců Moskvy, po vstupu do NATO a Evropské unie se orientace země změnila směrem k Západu. Přesto si Rusko v Bulharsku udržuje silný vliv, a to nejen prostřednictvím energetiky, ale i prostřednictvím svého velvyslanectví. Ruská ambasáda v Sofii je jedním z největších diplomatických zastoupení v zemi. Podle nedávných údajů zde pracuje 44 lidí, což je výrazně více než u jiných zemí s podobnou populací. Pro srovnání, některé evropské země mají v Bulharsku ambasády s méně než polovinou tohoto personálu. ### Co tento počet znamená? Takto početné diplomatické zastoupení vzbuzuje otázky o jeho skutečném účelu. Oficiálně se jedná o zaměstnance, kteří se starají o vztahy mezi oběma státy, konzulární služby a kulturní výměnu. Nicméně, vzhledem k historickým zkušenostem a geopolitické situaci v regionu, bulharská vláda i média spekulují o možném působení některých pracovníků v oblasti zpravodajských aktivit. V posledních letech došlo k několika diplomatickým incidentům mezi oběma zeměmi. Bulharsko například v roce 2022 vyhostilo 70 ruských diplomatů kvůli podezření ze špionáže, což vedlo k napětí ve vzájemných vztazích. I po tomto kroku však zůstala ruská ambasáda v Sofii jednou z největších v regionu. ### Historické vazby a současné napětí Přestože Bulharsko a Rusko sdílejí kulturní a historické vazby, současná politická situace ukazuje, že vztahy mezi oběma státy jsou složitější než kdy dříve. Bulharsko, jako člen Evropské unie a NATO, se snaží udržet rovnováhu mezi svými historickými vazbami na Moskvu a novými geopolitickými závazky vůči Západu. Pro běžné cestovatele do Bulharska tato diplomatická situace nemá přímý dopad, ale je zajímavým pozadím pro pochopení místní politiky a historie. Pokud plánujete návštěvu Sofie, určitě se vyplatí projít kolem ruského velvyslanectví, které je nejen významnou budovou, ale také symbolem dlouhodobých vztahů mezi oběma zeměmi. Bulharsko zůstává fascinující destinací nejen pro milovníky historie, ale i pro ty, kteří chtějí lépe pochopit, jak se geopolitická situace promítá do každodenního života v této balkánské zemi.","1","719","6","0","","0","/C:/Program Files/Git/uploads/2023/07/header-image-2-1.jpg","","short_meta_description;missing_twitter_card;article_missing_article_schema","17424"
"/ryanair-rozsiruje-lety-do-bulharska/","**Ryanair rozšiřuje lety do Bulharska!** - Visit Bulharsko","58","**Ryanair rozšiřuje lety do Bulharska: Levnější cestování k moři na obzoru!**","77","https://visitbulharsko.cz/C:/Program Files/Git/ryanair-rozsiruje-lety-do-bulharska/","1","Ryanair rozšiřuje lety do Bulharska! Luke Palm · 12. března 2025 · 2 min čtení Ryanair rozšiřuje lety do Bulharska: Levnější cestování k moři na obzoru! (window.adsbygoogle = window.adsbygoogle || []).push({}); ADS / reklamní prostor v článku Letecká společnost Ryanair přichází s velkou novinkou pro cestovatele směřující do Bulharska. Irský nízkonákladový dopravce oznámil rozšíření své nabídky letů z letiště v Sofii a současně vyzval bulharské úřady ke snížení letištních poplatků. Pokud by došlo k jejich snížení, společnost je připravena investovat do bulharského trhu miliardu dolarů. Co tato změna znamená pro turisty a jaké nové možnosti se otevírají pro cestování do této oblíbené destinace? Ryanair dlouhodobě patří mezi hlavní hráče v oblasti nízkonákladové letecké dopravy v Evropě a Bulharsko je pro něj klíčovým trhem. Na tiskové konferenci v Sofii zástupci společnosti oznámili, že plánují rozšířit nabídku letů z hlavního bulharského letiště. Nové trasy by měly pokrýt nejen evropské destinace, ale také posílit spojení mezi Bulharskem a dalšími významnými turistickými centry. Pro české cestovatele to znamená lepší dostupnost oblíbených bulharských letovisek, jako jsou Zlaté písky, Slunečné pobřeží či historický Nesebar. Zároveň však Ryanair apeluje na bulharskou vládu, aby přehodnotila výši letištních poplatků. Společnost tvrdí, že pokud by došlo k jejich snížení, mohla by investovat až miliardu dolarů do rozvoje letecké dopravy v zemi. To by vedlo nejen k lepší dostupnosti letenek za nízké ceny, ale také k podpoře turistického ruchu. Bulharsko by se tak mohlo stát ještě atraktivnější destinací pro cestovatele z celé Evropy. Cestování do Bulharska se v posledních letech těší stále větší popularitě, a to nejen díky cenově dostupným pobytům u Černého moře, ale také kvůli bohaté historii a krásné přírodě. Mnoho turistů si oblíbilo nejen pláže, ale i kulturní památky, jako je starobylý Plovdiv, klášter v Rile nebo přírodní rezervace v pohoří Pirin. Rozšíření leteckých spojení by mohlo přilákat více návštěvníků, kteří by měli možnost objevovat méně známé, ale neméně fascinující kouty Bulharska. Jedním z hlavních argumentů Ryanairu je, že nižší letištní poplatky by vedly k většímu počtu letů, což by přineslo vyšší příjmy nejen letištím, ale i místní ekonomice. Zvýšený příliv turistů by mohl podpořit hotely, restaurace i další služby spojené s cestovním ruchem. Podobný model již funguje v jiných evropských zemích, kde nízkonákladové aerolinky dokázaly výrazně oživit turistický sektor. Bulharské úřady zatím na návrh Ryanairu nereagovaly, ale pokud by došlo ke snížení poplatků, mohlo by to znamenat revoluci v dostupnosti letů do této balkánské země. Pro české turisty by se tak otevřely nové možnosti, jak se rychle a levně dostat na dovolenou k moři nebo na poznávací výlety do bulharských hor a historických měst. Ať už se bulharská vláda rozhodne jakkoli, jedno je jisté – zájem o Bulharsko jako destinaci roste a rozšíření letových tras je skvělou zprávou pro všechny, kdo se chystají tuto krásnou zemi navštívit. Pokud plánujete letní dovolenou, sledujte nabídku letenek, protože se možná brzy dočkáme ještě výhodnějších spojení.","1","736","6","0","","0","/C:/Program Files/Git/uploads/2023/07/header-image-2-1.jpg","","short_meta_description;missing_twitter_card;article_missing_article_schema","17446"
"/skandal-na-plazi-butamjata/","**Skandál na pláži Butamjata!** - Visit Bulharsko","49","Skandál na pláži Butamjata: nelegální úpravy ohrožují přírodní krásu a turistickou sezónu","89","https://visitbulharsko.cz/C:/Program Files/Git/skandal-na-plazi-butamjata/","1","Skandál na pláži Butamjata! Luke Palm · 23. března 2025 · 2 min čtení Skandál na pláži Butamjata: nelegální úpravy ohrožují přírodní krásu a turistickou sezónu (window.adsbygoogle = window.adsbygoogle || []).push({}); ADS / reklamní prostor v článku Pláž Butamjata v oblíbeném letovisku Sinemorec se dostala do centra pozornosti poté, co inspekce životního prostředí v Burgasu odhalila rozsáhlé rozkopávky a navážení zeminy. Tato situace vyvolala okamžitou reakci Ministerstva cestovního ruchu, které zahájilo důkladné šetření. Pokud se prokáže porušení podmínek koncese, současný provozovatel pláže by mohl čelit nejen pokutám, ale dokonce i odebrání práva na její správu. Jaké důsledky může mít tento zásah do přírodního prostředí a co to znamená pro turisty, kteří tuto oblast navštěvují? Podle záběrů zveřejněných inspekcí byly na pláž dováženy velké množství zeminy a probíhaly zde výkopové práce související s vodovodní a kanalizační sítí. Tyto aktivity vyvolaly obavy nejen mezi místními obyvateli, ale i mezi úřady, které mají za úkol chránit přírodní bohatství bulharského pobřeží. Ministerstvo cestovního ruchu okamžitě vyslalo své experty, aby ověřili, zda firma „Di En Trejd“, která má pláž v koncesi, neporušila smluvní podmínky. Pokud se ukáže, že firma skutečně nelegálně zasáhla do přírodní podoby pláže, může čelit vysokým pokutám a v krajním případě i ztrátě koncese. To by znamenalo, že by musela přestat pláž spravovat a její provoz by mohl být přidělen jinému subjektu. Úřady zdůrazňují, že jakýkoliv zásah do pláží musí být prováděn v souladu s přísnými pravidly, aby nedošlo k nevratnému poškození přírodního prostředí. Pláž Butamjata patří mezi oblíbené destinace turistů, kteří hledají kombinaci krásného moře, jemného písku a klidné atmosféry. Oblast Sinemorec je známá svou nedotčenou přírodou a chráněnými územími, které přitahují návštěvníky nejen z Bulharska, ale i z celé Evropy. Jakýkoliv zásah do této krajiny proto vyvolává silné reakce mezi ochránci přírody i běžnými turisty, kteří sem přijíždějí právě kvůli jejímu přirozenému kouzlu. Tento případ ukazuje, že bulharské úřady se snaží aktivně chránit své přírodní bohatství a kontrolovat dodržování pravidel ze strany soukromých firem spravujících turisticky atraktivní lokality. Pro návštěvníky Bulharska je to dobrá zpráva, protože to znamená, že i v budoucnu mohou počítat s tím, že zdejší pláže zůstanou zachovány v co nejpřirozenější podobě. Zda firma skutečně přijde o koncesi, bude záležet na výsledcích probíhajícího šetření. Mezitím se však případ Butamjata stal varováním pro všechny provozovatele pláží, že jakékoli nelegální zásahy mohou mít vážné následky. Pro turisty, kteří plánují dovolenou v této oblasti, je však nejdůležitější otázka, zda bude pláž přístupná a v jakém stavu ji naleznou během nadcházející sezóny.","1","672","6","0","","0","/C:/Program Files/Git/uploads/2023/07/header-image-2-1.jpg","","short_meta_description;missing_twitter_card;article_missing_article_schema","17100"
"/skandal-na-plazi-butamyata-%f0%9f%8c%8a%f0%9f%8f%96%ef%b8%8f/","**Skandál na pláži Butamyata! 🌊🏖️** - Visit Bulharsko","53","Ohrožený ráj: Nelegální zásahy na oblíbené bulharské pláži vyvolaly vyšetřování","79","https://visitbulharsko.cz/C:/Program Files/Git/skandal-na-plazi-butamyata-%f0%9f%8c%8a%f0%9f%8f%96%ef%b8%8f/","1","Skandál na pláži Butamyata! 🌊🏖️ Luke Palm · 23. března 2025 · 2 min čtení Ohrožený ráj: Nelegální zásahy na oblíbené bulharské pláži vyvolaly vyšetřování (window.adsbygoogle = window.adsbygoogle || []).push({}); ADS / reklamní prostor v článku Bulharsko je oblíbenou destinací pro letní dovolenou, ale ne vždy je vše tak idylické, jak se na první pohled zdá. Nedávné zprávy o porušování pravidel na jedné z oblíbených pláží vyvolaly pozornost nejen místních úřadů, ale i turistů, kteří sem míří za odpočinkem. Ministerstvo cestovního ruchu nyní nařídilo důkladnou kontrolu pláže Butamyata, která se nachází v malebné oblasti Sinemorec. Co přesně se stalo a jaké kroky budou podniknuty k nápravě situace? Ministerstvo cestovního ruchu Bulharska zahájilo inspekci pláže Butamyata poté, co se objevily informace o možném porušování pravidel v chráněné přírodní oblasti. Tato pláž, která je součástí přírodního parku Strandža, přitahuje turisty svou krásnou přírodou a klidnou atmosférou. Nedávné kontroly však odhalily, že zde dochází k nelegálním zásahům do přírodního prostředí, což vyvolalo reakci ze strany úřadů. Podle regionální inspekce pro životní prostředí a vodu v Burgasu došlo v oblasti pláže k narušení chráněného území. Úřady zaznamenaly nepovolené stavební úpravy a umístění objektů, které nebyly schváleny v souladu se zákonem o chráněných územích. Vzhledem k tomu, že pláž Butamyata leží v ekologicky citlivé oblasti, jakékoli nepovolené zásahy mohou mít negativní dopad na místní flóru a faunu. Ministerstvo cestovního ruchu proto nařídilo okamžitou kontrolu a požaduje vysvětlení od subjektů, které na pláži podnikají. Cílem je zjistit, kdo je za porušení odpovědný a jaká opatření budou přijata k nápravě situace. Inspekce se zaměří nejen na nelegální stavby, ale také na způsob využívání pláže, aby byla zajištěna ochrana přírodního prostředí a zároveň možnost rekreace pro návštěvníky. Tento případ opět otevírá širší debatu o udržitelném cestovním ruchu v Bulharsku. Země je známá svými krásnými plážemi, ale zároveň čelí problémům s nadměrným rozvojem pobřežních oblastí. Nelegální stavby, nevhodné zásahy do přírody a nedostatečná regulace mohou vést k nevratným škodám. Proto je důležité, aby úřady důsledně kontrolovaly dodržování pravidel a chránily jedinečné přírodní lokality, které jsou klíčové pro turistický ruch. Pláž Butamyata je jedním z míst, která si turisté oblíbili právě pro její přírodní krásu a klidnou atmosféru. Pokud však nedojde k důsledné ochraně, hrozí, že se z této oblasti stane další přeplněné a nekontrolovaně zastavěné letovisko. Místní obyvatelé i ekologové proto volají po přísnější regulaci a lepší ochraně přírodních oblastí, aby se zachovala původní krása regionu. Turisté, kteří plánují návštěvu Bulharska, by měli dbát na výběr destinací, které respektují zásady udržitelného cestovního ruchu. Pokud hledáte místo pro odpočinek, kde si můžete užít čisté moře a nedotčenou přírodu, je důležité vybírat pláže a letoviska, která se snaží minimalizovat svůj dopad na životní prostředí. Ochrana přírody by měla být prioritou nejen pro úřady, ale i pro samotné návštěvníky, kteří mohou svým chováním přispět k zachování krásy bulharského pobřeží. Ministerstvo cestovního ruchu nyní slibuje důkladné prošetření situace a přijetí potřebných opatření. Zda však skutečně dojde k nápravě a ochraně pláže Butamyata, ukáže až čas. Tento případ však jasně ukazuje, že ochrana přírody a regulace cestovního ruchu jsou klíčovými tématy, která budou v Bulharsku stále aktuálnější.","1","773","6","0","","0","/C:/Program Files/Git/uploads/2023/07/header-image-2-1.jpg","","short_meta_description;missing_twitter_card;article_missing_article_schema","17972"
"/slunecne-pobrezi-klenot-cerneho-more/","Slunečné pobřeží: Klenot Černého moře - Visit Bulharsko","55","Když se řekne Slunečné pobřeží, mnohým z nás okamžitě vyvstanou na mysli dlouhé pláže, šumění Černého moře a nekonečný ruch nočních barů. Tohle největší bulharské letovisko je ideální destinací pro ty, kdo touží po dokonalé kombinaci relaxace, zábavy a cenově přístupné dovolené. Nekonečné pláže a zábava na dosah Slunečné pobřeží se pyšní písečnou pláží dlouhou [&hellip;]","373","https://visitbulharsko.cz/C:/Program Files/Git/slunecne-pobrezi-klenot-cerneho-more/","1","Slunečné pobřeží: Klenot Černého moře Luke Palm · 3. ledna 2025 · 2 min čtení Když se řekne Slunečné pobřeží, mnohým z nás okamžitě vyvstanou na mysli dlouhé pláže, šumění Černého moře a nekonečný ruch nočních barů. Tohle největší bulharské letovisko je ideální destinací pro ty, kdo touží po dokonalé kombinaci relaxace, zábavy a cenově přístupné dovolené. Nekonečné pláže a zábava na dosah Slunečné pobřeží se pyšní písečnou pláží dlouhou […] (window.adsbygoogle = window.adsbygoogle || []).push({}); ADS / reklamní prostor v článku Když se řekne Slunečné pobřeží, mnohým z nás okamžitě vyvstanou na mysli dlouhé pláže, šumění Černého moře a nekonečný ruch nočních barů. Tohle největší bulharské letovisko je ideální destinací pro ty, kdo touží po dokonalé kombinaci relaxace, zábavy a cenově přístupné dovolené.","1","925","6","0","","0","/C:/Program Files/Git/uploads/2024/10/sunny-beach.jpeg","","long_meta_description;missing_twitter_card;article_missing_article_schema","19904"
"/sofia-big-table-25-cervence-2026/","Sofie chystá Big Table 25. července - Visit Bulharsko","53","V Sofii proběhne 25. července Big Table. Lokální akce v Oborishte nabídne jídlo, hudbu, dílny a program pro návštěvníky města.","126","https://visitbulharsko.cz/C:/Program Files/Git/sofia-big-table-25-cervence-2026/","1","Sofie chystá Big Table: tip na lokální akci 25. července Luke Palm · 20. července 2026 · min čtení Centrum Sofie ožije sousedskou akcí Big Table s jídlem, hudbou a dílnami. Pro turisty jde o příjemný tip mimo klasické památky. (window.adsbygoogle = window.adsbygoogle || []).push({}); ADS / reklamní prostor v článku Sofie chystá na sobotu 25. července druhou letošní akci Big Table. Část ulice Aleko Konstantinov v oblíbené čtvrti Oborishte se na jeden den promění v dlouhý společný stůl s hudbou, jídlem, dílnami a sousedskou atmosférou. Pro návštěvníky bulharské metropole je to příjemný tip mimo klasické památky – zvlášť pokud chtějí zažít civilnější, lokální tvář Sofie.","3","490","5","0","","0","/C:/Program Files/Git/uploads/2023/07/cropped-Visit-Bulharsko-1.png","","missing_twitter_card;article_missing_article_schema","15534"
"/sofia-dokumental-sila-pravdy-ve-filmu/","**Sofia DokuMental: Síla pravdy ve filmu** - Visit Bulharsko","60","**Dokumentární festival opět v centru dění: Speciální edice odhalí dopad cenzury**","82","https://visitbulharsko.cz/C:/Program Files/Git/sofia-dokumental-sila-pravdy-ve-filmu/","1","Sofia DokuMental: Síla pravdy ve filmu Luke Palm · 12. března 2025 · 2 min čtení Dokumentární festival opět v centru dění: Speciální edice odhalí dopad cenzury (window.adsbygoogle = window.adsbygoogle || []).push({}); ADS / reklamní prostor v článku Sofia se opět stane centrem dokumentárního filmu a lidských práv. Letos v březnu se zde uskuteční speciální edice festivalu Sofia DokuMental, která se zaměří na politickou cenzuru a její dopad na společnost. Tato událost navazuje na úspěšný loňský ročník, jenž vyzýval diváky k opuštění jejich informačních bublin. Co mohou návštěvníci očekávat a proč by si tuto akci neměli nechat ujít? Festival Sofia DokuMental je v Bulharsku známý jako jeden z nejvýznamnějších filmových festivalů zaměřených na dokumentární tvorbu a lidská práva. Každý rok přináší silné příběhy z celého světa, které odhalují důležité společenské otázky. Letos se organizátoři rozhodli uspořádat speciální edici věnovanou tématu politické cenzury, jež se stává stále aktuálnějším problémem nejen v Evropě, ale i ve světě. Tato mimořádná edice festivalu proběhne v Sofii od 21. do 29. března a nabídne pečlivě vybraný program, který zahrnuje dokumentární filmy, diskuse a setkání s tvůrci. Hlavním cílem je upozornit na způsoby, jakými vlády a mocenské struktury manipulují informacemi, potlačují svobodu tisku a omezují právo na svobodné vyjadřování. Organizátoři chtějí nejen přinést příběhy těch, kteří se s cenzurou setkali na vlastní kůži, ale také podnítit debatu o tom, jak se jí bránit. Jedním z vrcholů programu bude promítání několika mezinárodně oceněných dokumentů, které se zabývají cenzurou a propagandou v různých částech světa. Diváci se mohou těšit na filmy, které odhalují zákulisí mediální manipulace, zneužívání moci a boje novinářů za pravdu. Po projekcích budou následovat diskuse s odborníky, novináři a filmaři, kteří přiblíží kontext jednotlivých příběhů a nabídnou pohled na to, jak lze čelit rostoucímu tlaku na nezávislá média. Festival se bude konat v několika kulturních centrech v Sofii, což návštěvníkům umožní nejen zhlédnout zajímavé filmy, ale také objevit město z jiné perspektivy. Sofia je nejen politickým a kulturním srdcem Bulharska, ale také místem, kde se střetávají různé historické vlivy a kde se odehrává mnoho důležitých společenských změn. Pro cestovatele, kteří se zajímají o hlubší poznání bulharské kultury, nabízí festival ideální příležitost spojit filmový zážitek s objevováním města. Pokud plánujete návštěvu Sofie v březnu, Sofia DokuMental rozhodně stojí za pozornost. Festival přináší nejen silné filmové zážitky, ale také důležité otázky, které rezonují v současném světě. Ať už jste filmovým nadšencem, novinářem nebo prostě jen zvědavým cestovatelem, tato akce vám nabídne jedinečný pohled na problematiku cenzury a svobody projevu.","1","675","6","0","","0","/C:/Program Files/Git/uploads/2023/07/header-image-2-1.jpg","","short_meta_description;missing_twitter_card;article_missing_article_schema","17064"
"/sofia-slavi-147-let-svobody/","""Sofia slaví 147 let svobody!"" - Visit Bulharsko","48","&#8222;Srdeční tep Bulharska: Oslavy osvobození, které oživují historii&#8220;","78","https://visitbulharsko.cz/C:/Program Files/Git/sofia-slavi-147-let-svobody/","1","„Sofia slaví 147 let svobody!“ Luke Palm · 4. ledna 2025 · 2 min čtení „Srdeční tep Bulharska: Oslavy osvobození, které oživují historii“ (window.adsbygoogle = window.adsbygoogle || []).push({}); ADS / reklamní prostor v článku Sofia, hlavní město Bulharska, se stala svědkem jedné z nejvýznamnějších historických událostí, která dodnes rezonuje v jejích ulicích. Letos uplynulo 147 let od okamžiku, kdy byla osvobozena z osmanské nadvlády, a toto výročí bylo oslaveno velkolepou historickou rekonstrukcí, jež přenesla návštěvníky zpět do bouřlivé minulosti. Jak vypadala tato oslava a proč je tento den pro Bulhary tak zásadní? Připravte se na cestu do hlubin historie, která vás možná inspiruje k návštěvě tohoto fascinujícího města. Severní park v Sofii se stal centrem oslav, které připomněly nejen samotný akt osvobození, ale i odvahu a odhodlání bulharského lidu. Historická rekonstrukce, na níž se podíleli desítky nadšenců v dobových uniformách, nabídla autentický pohled na dramatické události roku 1878. Návštěvníci mohli sledovat simulaci bojů, slyšet výstřely z pušek a vidět vojenské formace, které se snažily co nejvěrněji zachytit tehdejší atmosféru. Pro mnohé diváky, včetně rodin s dětmi, to byl nejen kulturní zážitek, ale i příležitost lépe pochopit historii země. Tento den, 4. ledna, je v Bulharsku považován za jeden z klíčových momentů národních dějin. Po téměř pěti stoletích osmanské nadvlády byla Sofia osvobozena ruskými vojsky během Rusko-turecké války. Toto vítězství nebylo jen vojenským triumfem, ale i symbolem obnovení bulharské identity a naděje na svobodu. Město, které bylo po staletí podrobeno cizí vládě, se stalo opět centrem bulharské kultury a politiky. Vedle historické rekonstrukce byly součástí oslav i další akce, které přilákaly místní obyvatele i turisty. V ulicích města se konaly koncerty, výstavy a kulturní programy věnované bulharskému osvobozeneckému hnutí. Mnoho návštěvníků využilo příležitosti k prohlídce významných památek, jako je chrám sv. Alexandra Něvského, který je jedním z nejvýraznějších symbolů Sofie a připomíná právě tuto historickou éru. Pro cestovatele, kteří plánují návštěvu Bulharska, je Sofia ideálním výchozím bodem. Město nabízí nejen bohatou historii, ale i moderní atmosféru, která spojuje tradici s dynamickým rozvojem. Pokud se rozhodnete navštívit Sofii, doporučujeme zařadit do itineráře i Severní park, kde si můžete odpočinout od ruchu velkoměsta a zároveň si připomenout významné momenty bulharských dějin. Oslavy 147. výročí osvobození Sofie jsou nejen připomínkou minulosti, ale i důkazem toho, jak důležitou roli hraje historie v utváření národní identity. Pro každého, kdo se zajímá o dějiny Balkánu, je toto výročí jedinečnou příležitostí ponořit se do příběhů odvahy, obětí a touhy po svobodě. A možná právě tato událost vás inspiruje k tomu, abyste se vydali objevovat kouzlo Bulharska na vlastní pěst.","1","684","6","0","","0","/C:/Program Files/Git/uploads/2023/07/header-image-2-1.jpg","","short_meta_description;missing_twitter_card;article_missing_article_schema","17108"
"/sofia-slavi-navrat-do-roku-1878/","""Sofia slaví: Návrat do roku 1878"" - Visit Bulharsko","52","&#8222;Oživení historie: Hlavní město Bulharska slaví výročí svého osvobození&#8220;","84","https://visitbulharsko.cz/C:/Program Files/Git/sofia-slavi-navrat-do-roku-1878/","1","„Sofia slaví: Návrat do roku 1878“ Luke Palm · 4. ledna 2025 · 2 min čtení „Oživení historie: Hlavní město Bulharska slaví výročí svého osvobození“ (window.adsbygoogle = window.adsbygoogle || []).push({}); ADS / reklamní prostor v článku Sofia, hlavní město Bulharska, ožilo oslavami, které připomněly jednu z nejvýznamnějších událostí v jeho historii. Severní park se proměnil v živé muzeum, kde se návštěvníci mohli vrátit o téměř půldruhého století zpět a prožít klíčové okamžiky osvobození města od osmanské nadvlády. Co přesně se v Sofii během těchto oslav odehrálo a proč je tato událost tak důležitá nejen pro Bulhary, ale i pro všechny milovníky historie? Tento rok uplynulo 147 let od chvíle, kdy ruská armáda v roce 1878 osvobodila Sofii od osmanské nadvlády. Tato událost, která je součástí širšího kontextu rusko-turecké války, přinesla městu novou éru svobody a položila základy moderní bulharské státnosti. Oslavy tohoto výročí se konaly na několika místech hlavního města, přičemž největší pozornost přitáhla historická rekonstrukce v Severním parku. Tato akce, organizovaná za účasti historických nadšenců a reenactorů, nabídla návštěvníkům jedinečný pohled na dramatické okamžiky, jež změnily osud města. Rekonstrukce zahrnovala detailní ztvárnění bojových scén, dobových uniforem a vojenské techniky. Atmosféru doplňovaly autentické zvuky střelby a povely, které přenesly diváky do roku 1878. Pro mnohé z návštěvníků to byla příležitost lépe pochopit historické události, které formovaly nejen Sofii, ale i celé Bulharsko. Kromě samotné rekonstrukce byla připravena také řada doprovodných aktivit, včetně výstav historických artefaktů, přednášek a komentovaných prohlídek. Sofia si však své osvobození nepřipomíná pouze prostřednictvím jednorázových oslav. Město je plné památek, které odkazují na tuto důležitou kapitolu bulharských dějin. Jedním z nejvýznamnějších symbolů je Chrám svatého Alexandra Něvského, jehož stavba byla zahájena krátce po osvobození a který dnes patří mezi největší pravoslavné katedrály na světě. Dalším místem, které stojí za návštěvu, je Národní historické muzeum, kde jsou uchovávány artefakty spojené s touto dobou. Pro cestovatele, kteří by chtěli Sofii navštívit, je leden možná nezvyklým obdobím, ale právě zimní měsíce mohou nabídnout jedinečný pohled na město. Oslavy osvobození jsou ideální příležitostí pro ty, kdo chtějí poznat bulharskou kulturu a historii v autentickém prostředí. Navíc Sofia v zimě nabízí klidnější atmosféru, kdy si můžete její památky a zákoutí užít bez obvyklých davů turistů. Pokud plánujete cestu do Bulharska, nenechte si ujít příležitost navštívit Sofii a objevit její bohatou historii. Oslavy osvobození jsou nejen připomínkou minulosti, ale také oslavou bulharské identity a hrdosti. Ať už se rozhodnete přijet v lednu nebo kdykoliv během roku, hlavní město Bulharska vás přivítá svou pohostinností, jedinečnou atmosférou a množstvím zajímavých míst, která stojí za to objevit.","1","685","6","0","","0","/C:/Program Files/Git/uploads/2023/07/header-image-2-1.jpg","","short_meta_description;missing_twitter_card;article_missing_article_schema","17253"
"/sofia-v-mlze-tajemna-atmosfera-mesta/","""Sofia v mlze: Tajemná atmosféra města"" - Visit Bulharsko","57","„Tajemná Sofia v objetí mlhy: Objevte kouzlo bulharské metropole za netradičního počasí“","88","https://visitbulharsko.cz/C:/Program Files/Git/sofia-v-mlze-tajemna-atmosfera-mesta/","1","„Sofia v mlze: Tajemná atmosféra města“ Luke Palm · 3. ledna 2025 · 2 min čtení „Tajemná Sofia v objetí mlhy: Objevte kouzlo bulharské metropole za netradičního počasí“ (window.adsbygoogle = window.adsbygoogle || []).push({}); ADS / reklamní prostor v článku Sofia, hlavní město Bulharska, se v posledních dnech ponořila do husté mlhy, která zaujala místní obyvatele i turisty. Tento přírodní úkaz, způsobený specifickými meteorologickými podmínkami, vyvolává nejen otázky, jak dlouho bude trvat, ale také jaký vliv má na každodenní život a cestování. Pokud plánujete návštěvu této balkánské metropole nebo se již nacházíte v jejích ulicích, máme pro vás aktuální informace o počasí a tipy, jak si užít Sofii i za méně příznivých klimatických podmínek. Sofii již několik dní zahaluje hustá mlha, která omezuje viditelnost a přidává městu tajemný nádech. Podle bulharských meteorologů je tento jev výsledkem působení vysokého barického hřebene a anti-cyklonálního tlakového pole. Tyto podmínky vytvářejí stabilní atmosféru, která způsobuje, že se mlha drží u země a jen pomalu se rozptyluje. Ačkoli je mlha v Sofii během podzimu a zimy poměrně běžná, letos se zdá být obzvlášť vytrvalá. Dobrou zprávou však je, že meteorologové očekávají, že mlha začne ustupovat během sobotního dne. Po několika mlhavých ránech by tak město mělo opět získat svou obvyklou podobu s jasnými výhledy na okolní hory Vitoša. Pokud plánujete procházku po Sofii nebo výlet do přírody, doporučujeme počkat právě na víkend, kdy se počasí zlepší a viditelnost bude opět ideální. Pokud vás mlha od procházek neodradí, můžete si její přítomnost užít jako jedinečný zážitek. Mlha totiž dodává městu zvláštní atmosféru, která z něj dělá ideální kulisu pro fotografie. Vydejte se například do historického centra a objevte ikonické památky, jako je katedrála Alexandra Něvského, kostel sv. Sofie nebo rotundu sv. Jiří. V mlze vypadají tyto stavby ještě mystičtěji a působivěji. Další možností je návštěva některého z místních muzeí či galerií, kde se můžete schovat před chladnějším počasím. Národní historické muzeum nebo Muzeum socialistického umění nabízejí fascinující pohled do bulharské minulosti a kultury. Pokud jste milovníci gastronomie, mlhavé počasí je ideální příležitostí k objevování sofijských kaváren a restaurací. Vyzkoušejte tradiční bulharská jídla, jako je banica, šopský salát nebo tarator, a zahřejte se šálkem silné kávy nebo místního bylinného čaje. Pro ty, kteří chtějí uniknout z města, může být mlhavé počasí výzvou, ale i dobrodružstvím. Hory Vitoša, které se tyčí nad Sofií, jsou oblíbeným cílem turistů a nabízejí řadu turistických tras. I když mlha může omezit výhledy, příroda zahalená do mlžného oparu má své kouzlo. Doporučujeme si však ověřit aktuální podmínky a vybavit se vhodným oblečením. Sofia je fascinující destinací bez ohledu na počasí. Ať už se město ukazuje v záři slunce nebo je zahalené do mlhy, vždy má co nabídnout. Pokud plánujete návštěvu Bulharska, nezapomeňte zahrnout Sofii do svého itineráře. A kdo ví, možná vám právě mlhavé počasí poskytne zcela nový pohled na toto magické město.","1","733","6","0","","0","/C:/Program Files/Git/uploads/2023/07/header-image-2-1.jpg","","short_meta_description;missing_twitter_card;article_missing_article_schema","17459"
"/sofie-bez-tepla-nouzova-opatreni/","Sofie bez tepla: Nouzová opatření - Visit Bulharsko","51","**Sofie v chladu: Výpadek tepla a teplé vody zasáhl tisíce obyvatel i turisty**","79","https://visitbulharsko.cz/C:/Program Files/Git/sofie-bez-tepla-nouzova-opatreni/","1","Sofie bez tepla: Nouzová opatření Luke Palm · 3. ledna 2025 · 2 min čtení Sofie v chladu: Výpadek tepla a teplé vody zasáhl tisíce obyvatel i turisty (window.adsbygoogle = window.adsbygoogle || []).push({}); ADS / reklamní prostor v článku Bulharská metropole Sofia čelí nepříjemné situaci, která zaskočila tisíce jejích obyvatel. Několik čtvrtí v hlavním městě se ocitlo bez teplé vody a ústředního topení, což přineslo nepohodlí nejen místním, ale také návštěvníkům, kteří se do města vydali za jeho bohatou kulturou a historií. Co stojí za tímto výpadkem a jaké jsou jeho dopady na život v bulharské metropoli? Podívejme se na situaci blíže a zjistěme, jak se město s touto výzvou vypořádává. Tisíce obyvatel čtyř sofijských čtvrtí – Mladost 4, Naděžda 1, Geo Milev a Dianabad – se ocitly v nepříjemné situaci, kdy jejich domovy zůstaly bez teplé vody a ústředního topení. Tento výpadek, který byl způsoben technickými problémy na infrastruktuře městské teplárenské společnosti, přichází v období, kdy se teploty v Sofii začínají postupně snižovat a potřeba tepla v domácnostech narůstá. Městská společnost odpovědná za dodávky tepla a teplé vody oznámila, že příčinou výpadku jsou neplánované opravy na hlavních rozvodech. Tyto opravy byly nutné kvůli havarijnímu stavu některých částí potrubí, které již nemohly bezpečně fungovat. Přestože se jedná o technický problém, který je relativně častý v městech s rozsáhlou a stárnoucí infrastrukturou, pro obyvatele dotčených čtvrtí to znamená značné nepohodlí. Situace má dopad nejen na běžný život místních, ale také na turisty, kteří se v této době nacházejí v Sofii. Pro návštěvníky, kteří si vybrali ubytování v postižených oblastech, to může znamenat komplikace při plánování jejich pobytu. Absence teplé vody a topení je zvlášť nepříjemná po návratu z celodenního objevování města, které je známé svými historickými památkami, jako je katedrála Alexandra Něvského, starověká rotunda sv. Jiří nebo ikonický chrám sv. Sofie. Místní úřady i teplárenská společnost se snaží situaci co nejrychleji vyřešit. Podle jejich vyjádření by měly opravy trvat několik dní, přičemž se pracuje nepřetržitě, aby byl provoz co nejdříve obnoven. Zároveň byla zavedena opatření ke zmírnění dopadů na obyvatele, například zajištění dodávky teplé vody v mobilních sprchových zařízeních na veřejných místech. Pro cestovatele, kteří plánují návštěvu Sofie, je tato situace připomínkou, že i v moderní metropoli se mohou vyskytnout nečekané komplikace. Přesto by neměli být odrazeni od objevování krás tohoto města. Sofie zůstává fascinující destinací, která kombinuje bohatou historii, živou kulturu a přátelskou atmosféru. Pokud se v budoucnu ocitnete v podobné situaci, vždy se můžete obrátit na místní turistické informační centrum, které vám poradí, jak se s podobnými problémy vypořádat. Ačkoliv výpadek tepla a teplé vody přináší nepříjemnosti, Sofie dokazuje, že i takové výzvy zvládá s odhodláním a efektivitou. Město tak zůstává atraktivní destinací pro všechny, kteří chtějí poznat jedinečné kouzlo bulharské kultury a historie.","1","715","6","0","","0","/C:/Program Files/Git/uploads/2023/07/header-image-2-1.jpg","","short_meta_description;missing_twitter_card;article_missing_article_schema","17315"
"/sofie-bez-tepla-zima-klepe-na-dvere/","""Sofie bez tepla: Zima klepe na dveře"" - Visit Bulharsko","56","„Sofia bez tepla: Jak se obyvatelé vypořádávají s výpadkem teplé vody a topení?“","80","https://visitbulharsko.cz/C:/Program Files/Git/sofie-bez-tepla-zima-klepe-na-dvere/","1","„Sofie bez tepla: Zima klepe na dveře“ Luke Palm · 3. ledna 2025 · 2 min čtení „Sofia bez tepla: Jak se obyvatelé vypořádávají s výpadkem teplé vody a topení?“ (window.adsbygoogle = window.adsbygoogle || []).push({}); ADS / reklamní prostor v článku Stalo se vám někdy, že jste se na dovolené těšili na horkou sprchu po celodenním výletu, ale místo toho vás čekala ledová voda? Přesně taková situace nyní zasáhla obyvatele několika čtvrtí v bulharské metropoli Sofii. Co stojí za tímto nepříjemným výpadkem teplé vody a topení? A jak se s tím místní obyvatelé vypořádávají? Čtěte dále a zjistěte více o aktuální situaci v hlavním městě Bulharska. Bez teplé vody a topení zůstaly části čtyř sofijských čtvrtí – Mladost 4, Naděžda 1, Geo Milev a Dianabad. Důvodem je plánovaná údržba a opravy na centrálním systému dodávky tepla, což je v Sofii běžný způsob vytápění. Tento systém, známý jako „parno“, je pro obyvatele města klíčový, zejména v zimních měsících, kdy teploty klesají hluboko pod bod mrazu. Přestože se jedná o plánovaný výpadek, situace vyvolává mezi místními značné nepohodlí, zejména v chladnějších dnech. Problém však není jen otázkou komfortu. Centrální vytápění v Bulharsku, které zajišťuje především společnost Toplofikacia Sofia, má dlouhou historii a je považováno za relativně efektivní řešení pro hustě obydlené oblasti. Nicméně jeho provoz je často spojován s technickými problémy a nutností pravidelné údržby. Právě tyto opravy, které zahrnují výměnu zastaralých částí potrubí a další technické zásahy, nyní způsobily výpadek dodávky tepla a teplé vody. Obyvatelé dotčených čtvrtí se na situaci snaží reagovat různými způsoby. Někteří si pořizují elektrické ohřívače vody nebo přenosné topné přístroje, aby překlenuli dobu bez tepla. Jiní se obracejí na sousedy či rodinu v jiných částech města, kde dodávky nebyly přerušeny. Místní úřady a společnost Toplofikacia Sofia slibují, že výpadek má být co nejkratší, a omlouvají se za způsobené nepříjemnosti. Tento případ však opět otevírá širší debatu o spolehlivosti centrálního vytápění v Sofii a dalších bulharských městech. Kritici upozorňují na zastaralou infrastrukturu, která vyžaduje časté opravy, a na vysoké náklady spojené s provozem systému. Na druhé straně zastánci centrálního vytápění argumentují jeho ekologičností a schopností efektivně zásobovat teplem velké množství domácností. Pro cestovatele, kteří plánují navštívit Sofii, je tato situace spíše připomínkou, že i moderní metropole může čelit technickým výzvám. Pokud se chystáte do Bulharska, nezapomeňte se informovat o aktuálním stavu ubytovacích zařízení, zejména pokud plánujete pobyt v zimních měsících. Sofie však i přes tyto nepříjemnosti zůstává fascinující destinací plnou historie, kultury a zajímavých míst k objevování. Ať už vás láká návštěva ikonického chrámu Alexandra Něvského, procházka po bulváru Vitoša nebo objevování méně známých zákoutí města, bulharská metropole má co nabídnout. Stačí si jen dobře naplánovat pobyt a být připraven na možné drobné nepříjemnosti, které život ve velkém městě občas přináší.","1","717","6","0","","0","/C:/Program Files/Git/uploads/2023/07/header-image-2-1.jpg","","short_meta_description;missing_twitter_card;article_missing_article_schema","17427"
"/sofie-ekologie-a-moderni-zivot/","""Sofie: Ekologie a moderní život"" - Visit Bulharsko","51","„Sofie dýchá čistěji: Jak bulharská metropole bojuje za lepší životní prostředí?“","81","https://visitbulharsko.cz/C:/Program Files/Git/sofie-ekologie-a-moderni-zivot/","1","„Sofie: Ekologie a moderní život“ Luke Palm · 3. ledna 2025 · 2 min čtení „Sofie dýchá čistěji: Jak bulharská metropole bojuje za lepší životní prostředí?“ (window.adsbygoogle = window.adsbygoogle || []).push({}); ADS / reklamní prostor v článku Sofia, hlavní město Bulharska, je nejen centrem kultury a historie, ale také místem, kde se stále častěji řeší otázky životního prostředí. Jaká je aktuální situace s kvalitou ovzduší v této metropoli? Podle nedávného vyjádření zástupkyně starosty pro ekologii Naděždy Bobčevové není důvod k obavám. Ovšem co stojí za tímto tvrzením a jaké kroky město podniká, aby se kvalita života jeho obyvatel zlepšovala? Přinášíme podrobnosti z aktuálního dění v Sofii, které mohou být zajímavé nejen pro místní, ale i pro turisty. Podle slov Naděždy Bobčevové, která má v rámci magistrátu na starost otázky ekologie, nebyly v posledních dnech v Sofii zaznamenány hodnoty znečištění ovzduší přesahující kritické limity. Tato zpráva byla zveřejněna na sociálních sítích, kde zástupkyně starosty zároveň uklidnila obyvatele města a poděkovala jim za spolupráci při snižování ekologické zátěže. Přestože je zimní období v Sofii často spojováno s výskytem smogu, situace se podle ní zlepšuje díky kombinaci příznivých povětrnostních podmínek a opatření, která město zavádí. Jedním z klíčových faktorů, které ovlivňují kvalitu ovzduší, je doprava. Sofia, podobně jako jiná velká města, čelí vysoké hustotě automobilového provozu. Místní úřady proto podporují přechod na ekologičtější formy dopravy, jako je veřejná doprava nebo cyklistika. Systém městských autobusů a tramvají se modernizuje, aby byl šetrnější k životnímu prostředí, a zároveň se rozšiřuje síť cyklostezek. Turisté, kteří navštíví Sofii, tak mohou město snadno prozkoumat nejen pěšky, ale i na kole, což je ideální způsob, jak si užít jeho architektonické skvosty a parky. Dalším důležitým krokem je podpora energetické účinnosti v domácnostech. Sofia nabízí dotace na výměnu starých topných zařízení za moderní, ekologičtější alternativy. Vzhledem k tomu, že mnoho domácností v zimě stále používá pevná paliva, může tento krok významně pomoci snížit emise škodlivých látek do ovzduší. Pokud plánujete v zimních měsících navštívit Sofii, můžete si tak všimnout, že město pomalu, ale jistě zlepšuje své ekologické standardy. Kromě technických opatření se Sofia snaží také o osvětu mezi obyvateli. Město pravidelně informuje o kvalitě ovzduší a nabízí tipy, jak mohou lidé sami přispět ke zlepšení životního prostředí. Pro turisty je užitečné vědět, že Sofie je městem, které se aktivně snaží řešit ekologické výzvy, a zároveň zůstává přátelské k návštěvníkům. A co to znamená pro cestovatele? Pokud plánujete návštěvu Sofie, můžete si být jisti, že kvalita ovzduší je v současnosti na dobré úrovni. Zimní mlhavé dny, které jsou pro město typické, sice mohou vyvolávat dojem znečištění, ale podle měření se jedná spíše o přirozený meteorologický jev. Při procházkách městem si tak můžete užít čistý vzduch a objevovat jedinečnou atmosféru bulharské metropole. Sofia je příkladem města, které se snaží skloubit modernizaci a ochranu životního prostředí. Ať už se sem vydáte za historií, kulturou nebo gastronomií, můžete být součástí příběhu o tom, jak se jedno z nejstarších evropských měst přizpůsobuje výzvám 21. století. Navštivte Sofii a přesvědčte se sami, jakým směrem se tento dynamický a stále zelenější bulharský klenot ubírá.","1","769","6","0","","0","/C:/Program Files/Git/uploads/2023/07/header-image-2-1.jpg","","short_meta_description;missing_twitter_card;article_missing_article_schema","17808"
"/sofie-energeticka-krize-na-vzestupu/","""Sofie: Energetická krize na vzestupu"" - Visit Bulharsko","56","&#8222;Teplo na hraně: Hlavní město Bulharska čelí energetické krizi se závratnými ztrátami&#8220;","98","https://visitbulharsko.cz/C:/Program Files/Git/sofie-energeticka-krize-na-vzestupu/","1","„Sofie: Energetická krize na vzestupu“ Luke Palm · 8. ledna 2025 · 2 min čtení „Teplo na hraně: Hlavní město Bulharska čelí energetické krizi se závratnými ztrátami“ (window.adsbygoogle = window.adsbygoogle || []).push({}); ADS / reklamní prostor v článku Sofia, hlavní město Bulharska, se potýká s vážnými problémy ve svém energetickém sektoru. Největší městská teplárna „Toplofikacia Sofia“ čelí hrozbě obrovské finanční ztráty, která by mohla v roce 2024 dosáhnout téměř 160 milionů leva. Jak se tato situace vyvíjí a co to znamená nejen pro obyvatele metropole, ale i pro celkový energetický sektor v zemi? Připravte se na pohled do zákulisí jednoho z největších problémů bulharské ekonomiky. Sofia, město plné historie, kultury a života, není jen turistickým magnetem, ale i místem, kde se řeší jedny z největších výzev moderního Bulharska. Jednou z nich je stav městské teplárenské společnosti „Toplofikacia Sofia“. Tato společnost, která zásobuje teplem většinu obyvatel hlavního města, se nachází v hluboké finanční krizi. Podle nedávno zveřejněného dokumentu, který byl předložen k projednání v městském zastupitelstvu, by ztráta společnosti mohla v roce 2024 dosáhnout závratných 157,5 milionu leva. Pro srovnání – v předchozím roce činila ztráta „pouhých“ 88 milionů leva. Problémy teplárny jsou dlouhodobé a mají několik příčin. Jednou z hlavních je zastaralá infrastruktura, která vyžaduje vysoké náklady na údržbu. Dalším faktorem je rostoucí cena plynu, který je hlavním zdrojem energie pro výrobu tepla. Bulharsko, stejně jako mnoho dalších evropských zemí, čelí výzvám spojeným s energetickou krizí, což se výrazně promítá do nákladů na provoz. K tomu se přidává i nízká platební morálka některých zákazníků a nedostatečná podpora ze strany státu. Zajímavostí však je, že navzdory těmto problémům je „Toplofikacia Sofia“ stále klíčovým hráčem na bulharském energetickém trhu. Teplárenský systém v Sofii je jedním z největších svého druhu v jihovýchodní Evropě a jeho kolaps by mohl mít vážné dopady nejen na obyvatele města, ale i na celou zemi. Otázkou však zůstává, jak dlouho bude možné tento systém udržet v chodu bez zásadních reforem a investic. Městské zastupitelstvo v Sofii se situací zabývá, ale dosud nebylo schopno přijmout konkrétní opatření, která by situaci zlepšila. Návrh aktualizovaného obchodního plánu, který byl předložen k projednání, byl nakonec zamítnut. To vyvolává obavy, že se problémy budou dále prohlubovat, pokud nedojde k rychlým a efektivním zásahům. Pro turisty, kteří plánují navštívit Sofii, tato situace nemusí být na první pohled zřejmá. Město nadále láká návštěvníky svými historickými památkami, bohatou kulturou a příjemnou atmosférou. Nicméně pro místní obyvatele, kteří jsou závislí na dodávkách tepla, představuje krize „Toplofikacia Sofia“ každodenní starosti. Zimní měsíce mohou být v Sofii velmi chladné, a jakékoli problémy s dodávkami tepla by mohly mít vážné následky. Tento příběh nám připomíná, že energetická soběstačnost a udržitelnost jsou klíčovými výzvami dnešní doby. Pro Bulharsko, zemi s bohatou historií a nádhernou přírodou, je důležité najít řešení, které zajistí stabilitu nejen pro současné obyvatele, ale i pro budoucí generace. Ať už plánujete navštívit Sofii kvůli jejím památkám, nebo vás zajímá život místních obyvatel, tato situace je ukázkou toho, jak hluboko může ekonomická a energetická krize zasáhnout každodenní život ve velkoměstě.","1","763","6","0","","0","/C:/Program Files/Git/uploads/2023/07/header-image-2-1.jpg","","short_meta_description;missing_twitter_card;article_missing_article_schema","17823"
"/sofie-historie-kultura-i-vyzvy/","""Sofie: Historie, kultura i výzvy"" - Visit Bulharsko","52","**Sofie bez tepla: Jak se metropole vypořádává s nečekanou zimní výzvou?**","74","https://visitbulharsko.cz/C:/Program Files/Git/sofie-historie-kultura-i-vyzvy/","1","„Sofie: Historie, kultura i výzvy“ Luke Palm · 3. ledna 2025 · 2 min čtení Sofie bez tepla: Jak se metropole vypořádává s nečekanou zimní výzvou? (window.adsbygoogle = window.adsbygoogle || []).push({}); ADS / reklamní prostor v článku Sofie, hlavní město Bulharska, se pyšní bohatou historií, kulturními památkami a dynamickým životem. Někdy však i takové metropole čelí nečekaným výzvám. Nedávná technická porucha v síti centrálního vytápění způsobila, že části několika sofijských čtvrtí zůstaly bez tepla a teplé vody. Jak se město s touto situací vypořádává a co to znamená pro obyvatele i návštěvníky? Čtěte dál a zjistíte, jak se Sofie snaží zajistit pohodlí svých obyvatel i v nečekaných situacích. Bez tepla a teplé vody se od včerejšího večera ocitly části čtvrtí Mladost 4, Naděžda 1, Geo Milev a Dianabad. Problémy způsobila havárie v systému centrálního vytápění, který je v Sofii klíčový pro zajištění komfortu během chladných zimních měsíců. Společnost Toplofikacia Sofia, která tento systém provozuje, situaci monitoruje a pracuje na odstranění závad. Podle jejich vyjádření by opravy měly být dokončeny během příštích 48 hodin. Centrální vytápění, běžné ve většině bulharských měst, je oblíbené pro svoji efektivitu a dostupnost. V Sofii však tento systém čelí výzvám zejména kvůli zastaralé infrastruktuře. Poruchy nejsou neobvyklé, ale jejich dopad na každodenní život obyvatel je značný. Mnoho domácností je na tuto formu vytápění plně odkázáno, a proto podobné havárie často vyvolávají nespokojenost a obavy. Podle místních obyvatel jsou zimní měsíce v Sofii náročné, pokud dojde k výpadkům tepla. „V bytě je hned chladno, a když není teplá voda, musíme hledat alternativy, jak se umýt,“ popisuje situaci obyvatelka čtvrti Geo Milev. Přestože podobné události nejsou na denním pořádku, obyvatelé se shodují, že by město mělo investovat do modernizace infrastruktury, aby se podobné problémy v budoucnu minimalizovaly. Pro turisty, kteří v zimním období navštěvují Sofii, může být taková situace překvapivá, ale většina hotelů a ubytovacích zařízení má záložní systémy, které zajišťují dostatečný komfort. Pokud plánujete cestu do Sofie v zimě, je dobré se předem informovat o možnostech vytápění ve vašem ubytování, zvláště pokud se chystáte ubytovat mimo centrum města. Navzdory těmto výzvám je Sofie stále atraktivní destinací, která má co nabídnout. Od historických památek, jako je katedrála sv. Alexandra Něvského, přes kulturní akce až po gastronomii, která spojuje tradiční bulharské chutě s moderními trendy. Pokud vás zajímá městský život i historie, Sofie vás určitě nezklame – a to ani v zimě. Havárie, jako je ta aktuální, připomínají, že i moderní města mají své slabiny. Sofie však ukazuje, že i přes tyto překážky zůstává místem, které stojí za návštěvu. Ať už se sem vydáte za historií, kulturou nebo jen na procházku po zasněžených parcích, město vás přivítá s otevřenou náručí – a snad i s funkčním topením.","1","708","6","0","","0","/C:/Program Files/Git/uploads/2023/07/header-image-2-1.jpg","","short_meta_description;missing_twitter_card;article_missing_article_schema","17213"
"/sofie-nove-centrum-ai-v-evrope/","**Sofie: Nové centrum AI v Evropě** - Visit Bulharsko","53","**Bulharsko na prahu revoluce: Technologické centrum budoucnosti roste v srdci země**","85","https://visitbulharsko.cz/C:/Program Files/Git/sofie-nove-centrum-ai-v-evrope/","1","Sofie: Nové centrum AI v Evropě Luke Palm · 12. března 2025 · 2 min čtení Bulharsko na prahu revoluce: Technologické centrum budoucnosti roste v srdci země (window.adsbygoogle = window.adsbygoogle || []).push({}); ADS / reklamní prostor v článku Bulharsko se chystá na technologickou revoluci, která může změnit jeho postavení v Evropě. V hlavním městě Sofii vznikne unikátní továrna zaměřená na vývoj a školení umělé inteligence. Tento ambiciózní projekt, podpořený Evropskou komisí, slibuje nejen ekonomický růst, ale také přilákání špičkových odborníků z oblasti moderních technologií. Co přesně tato „gigafabrika“ nabídne a proč by vás to mělo zajímat i jako cestovatele? Bulharsko je často spojováno s krásnými plážemi Černého moře, historickými památkami a pohostinnou kulturou. Nyní však ukazuje, že má ambice stát se i technologickým centrem Evropy. Nová továrna na umělou inteligenci, která bude postavena v sofijském technologickém parku „Sofia Tech Park“, je součástí širší iniciativy Evropské unie na podporu digitálního pokroku. Společně s dalšími šesti podobnými projekty v Německu, Rakousku a dalších zemích získala Bulharsko z evropských fondů významné financování. Hlavním cílem této továrny bude vývoj a školení modelů umělé inteligence, které najdou uplatnění v různých oblastech – od zdravotnictví přes automobilový průmysl až po chytré městské technologie. Sofie se tak může stát důležitým hráčem v oblasti AI, což přinese nové pracovní příležitosti a posílí ekonomiku země. Zároveň se očekává, že projekt přiláká experty i investory z celého světa. Pro cestovatele a milovníky Bulharska to znamená více než jen technologický pokrok. Sofie, která je často přehlížena ve prospěch přímořských letovisek jako Slunečné pobřeží nebo Zlaté písky, by mohla díky této investici získat větší mezinárodní pozornost. Město, které již dnes nabízí fascinující směs historie a moderní atmosféry, by se mohlo stát atraktivnějším nejen pro podnikatele, ale i pro turisty hledající něco jiného než jen moře a pláže. Pokud plánujete návštěvu Bulharska, stojí za to zařadit Sofii do svého itineráře. Kromě historických pokladů, jako je Alexandr Něvský katedrála nebo římské ruiny v centru města, zde nyní můžete spatřit i dynamický rozvoj technologického sektoru. Možná se právě zde formuje budoucnost umělé inteligence, která ovlivní celý svět. Nová továrna na AI je důkazem, že Bulharsko není jen dovolenkovou destinací, ale i zemí s velkým potenciálem pro inovace. A kdo ví? Možná se v budoucnu Sofie stane nejen oblíbeným místem turistů, ale i klíčovým centrem evropské technologie.","1","643","6","0","","0","/C:/Program Files/Git/uploads/2023/07/header-image-2-1.jpg","","short_meta_description;missing_twitter_card;article_missing_article_schema","16777"
"/sok-v-boxu-koko-tyson-v-nemocnici/","**Šok v boxu: Koko Tyson v nemocnici** - Visit Bulharsko","56","**Šok v bulharském boxu: Koko Tyson bojuje o zotavení po vážné nehodě**","71","https://visitbulharsko.cz/C:/Program Files/Git/sok-v-boxu-koko-tyson-v-nemocnici/","1","Šok v boxu: Koko Tyson v nemocnici Luke Palm · 12. března 2025 · 1 min čtení Šok v bulharském boxu: Koko Tyson bojuje o zotavení po vážné nehodě (window.adsbygoogle = window.adsbygoogle || []).push({}); ADS / reklamní prostor v článku Bulharský boxerský svět zažil v posledních dnech šok. Jeden z nejznámějších bojovníků země, Konstantin Semerdžiev, známý pod přezdívkou Koko Tyson, utrpěl vážná zranění při nehodě v centru Sofie. Mnozí fanoušci i sportovní komunita nyní sledují jeho zdravotní stav a doufají v jeho rychlé zotavení. Co přesně se stalo a jaká je aktuální situace slavného sportovce? K nehodě došlo na rušném kruhovém objezdu v oblasti Stochna Gara, která je jedním z klíčových dopravních uzlů hlavního města. Podle prvních informací se Semerdžiev srazil s jiným vozidlem, přičemž náraz byl natolik silný, že musel být okamžitě převezen do nemocnice ISUL. Lékaři uvedli, že jeho stav je stabilizovaný, ale zranění jsou vážná a bude potřebovat delší dobu na zotavení. Konstantin Semerdžiev se v Bulharsku proslavil jako talentovaný boxer s agresivním stylem boje, díky čemuž získal přezdívku odkazující na legendárního Mikea Tysona. Jeho kariéra byla plná úspěchů, ale také kontroverzí. Přesto si získal velkou základnu fanoušků, kteří nyní jeho stav bedlivě sledují. Doprava v Sofii je často chaotická a kruhové objezdy ve městě bývají místem častých nehod. Oblast Stochna Gara je zvlášť problematická kvůli vysoké hustotě provozu a nepřehledným situacím, které mohou vést k nebezpečným kolizím. Místní úřady se v posledních letech snaží dopravní infrastrukturu vylepšit, ale nehody, jako je tato, ukazují, že situace stále není ideální. Pro turisty, kteří do Sofie míří, je tato nehoda připomínkou, že opatrnost na silnicích je klíčová. Ať už se pohybujete autem, pěšky nebo veřejnou dopravou, je dobré být neustále ve střehu. Sofie je nádherné město s bohatou historií a mnoha zajímavými místy k návštěvě, ale právě hustý provoz může být pro návštěvníky výzvou. Sportovní svět i fanoušci nyní doufají, že se Koko Tyson brzy zotaví a možná se opět vrátí do ringu. Jeho bojovný duch a odhodlání jsou pověstné, takže není pochyb o tom, že udělá vše pro své uzdravení. Mezitím se v Bulharsku stále diskutuje o bezpečnosti na silnicích a nutnosti zlepšení dopravní situace, aby se podobným nehodám předcházelo.","1","626","6","0","","0","/C:/Program Files/Git/uploads/2023/07/header-image-2-1.jpg","","short_meta_description;missing_twitter_card;article_missing_article_schema","16473"
"/sokujici-utok-v-centru-sofie/","""Šokující útok v centru Sofie"" - Visit Bulharsko","48","**Brutální útok v Sofii: Incident, který odhalil zranitelnost bulharských institucí**","85","https://visitbulharsko.cz/C:/Program Files/Git/sokujici-utok-v-centru-sofie/","1","„Šokující útok v centru Sofie“ Luke Palm · 3. ledna 2025 · 2 min čtení Brutální útok v Sofii: Incident, který odhalil zranitelnost bulharských institucí (window.adsbygoogle = window.adsbygoogle || []).push({}); ADS / reklamní prostor v článku V bulharských médiích nedávno rezonoval případ, který otřásl nejen hlavním městem Sofií, ale i celou zemí. Incident, kdy muž brutálně napadl ochranku v budově urgentní lékařské pomoci, zanechal mnoho otázek ohledně bezpečnosti veřejných institucí a spravedlnosti v právním systému. Přestože byl agresor zadržen, jeho rychlé propuštění vyvolalo vlnu kontroverze. Jak k této situaci došlo a co na ni říkají místní obyvatelé? Vše začalo v jedné z nejfrekventovanějších budov v Sofii, kde se denně střetávají zdravotníci, pacienti a jejich rodiny. Místo, které má být symbolem pomoci a naděje, se proměnilo ve scénu násilí, když muž fyzicky napadl člena ostrahy. Incident byl zachycen bezpečnostními kamerami, které odhalily brutální průběh útoku. Záběry, které se rychle rozšířily po sociálních sítích, šokovaly veřejnost. Ostraha, která utrpěla vážná zranění, byla po nutném ošetření propuštěna do domácí péče. Útočník byl zadržen policií, avšak záhy byl propuštěn s podmínkou pravidelného hlášení na úřadech, což v bulharštině odpovídá opatření zvanému „podpiska“. Tento případ vyvolal širokou debatu nejen mezi obyvateli Sofie, ale také v celém Bulharsku. Lidé se ptají, zda je právní systém dostatečně efektivní, aby podobným činům předešel, a zda je propuštění agresora adekvátním krokem. V zemi, kde se bezpečnost ve veřejných prostorách stává stále větším tématem, tento incident poukázal na zranitelnost nejen zdravotnického personálu, ale i všech, kdo se v podobných institucích pohybují. Bulharsko, oblíbená destinace českých turistů, je známé svou pohostinností, krásnými plážemi a historickými památkami. Přesto i zde, stejně jako v jiných zemích, dochází k problémům, které zastiňují každodenní život místních obyvatel. Podobné případy nám připomínají, že za turistickými atrakcemi a pohledem na klidné Černé moře se skrývají běžné problémy, s nimiž se Bulhaři musí vyrovnávat. Pro cestovatele, kteří plánují návštěvu Bulharska, je však důležité zmínit, že takové incidenty jsou spíše výjimkou než pravidlem. Bezpečnost v turistických oblastech, jako je Slunečné pobřeží nebo historická Nesebar, zůstává na vysoké úrovni. Pokud se však rozhodnete prozkoumávat i méně známé oblasti, například vnitrozemské vesnice nebo horské regiony, vždy je dobré být obezřetný a respektovat místní zvyklosti. Případ, který se odehrál v Sofii, je mementem, že Bulharsko, stejně jako každá jiná země, čelí výzvám, které jsou někdy skryté za jeho pohostinnou fasádou. Přesto však zůstává zemí, která má co nabídnout – od krásné přírody přes bohatou historii až po přátelské obyvatele. Pokud plánujete dovolenou nebo výlet do této balkánské perly, nenechte se odradit jednotlivými negativními zprávami. Naopak, zkuste pochopit místní kulturu a problémy, protože právě to vám umožní vidět Bulharsko v celé jeho autentické kráse.","1","702","6","0","","0","/C:/Program Files/Git/uploads/2023/07/header-image-2-1.jpg","","short_meta_description;missing_twitter_card;article_missing_article_schema","17353"
"/soud-ve-varne-spor-o-svobodu-slova/","""Soud ve Varně: Spor o svobodu slova"" - Visit Bulharsko","55","Bulharsko na rozcestí: Soud ve Varně přikázal odstranit antisemitské příspěvky","78","https://visitbulharsko.cz/C:/Program Files/Git/soud-ve-varne-spor-o-svobodu-slova/","1","„Soud ve Varně: Spor o svobodu slova“ Luke Palm · 18. března 2025 · 2 min čtení Bulharsko na rozcestí: Soud ve Varně přikázal odstranit antisemitské příspěvky (window.adsbygoogle = window.adsbygoogle || []).push({}); ADS / reklamní prostor v článku Bulharsko je zemí s bohatou historií a fascinující kulturou, která láká nejen turisty, ale také přitahuje pozornost politických událostí. Nedávné rozhodnutí varnského soudu vzbudilo značnou pozornost veřejnosti, neboť nařídilo odstranění kontroverzních příspěvků z Facebooku, které byly označeny za antisemitské. Tento případ se týká známého bulharského politika, jehož výroky vyvolaly silnou reakci nejen mezi místními obyvateli, ale i na mezinárodní úrovni. Co přesně se stalo a jaké mohou být důsledky tohoto rozhodnutí? Administrativní soud ve Varně potvrdil rozhodnutí Komise pro ochranu před diskriminací, které nařizuje Kostatdinu Kostadinovovi, předsedovi nacionalistické strany Văzraždane, aby odstranil šest příspěvků z Facebooku. Tyto příspěvky obsahovaly antisemitské komentáře namířené proti poslanci Danielu Lorerovi. Případ vzbudil velkou pozornost nejen v Bulharsku, ale i mezi mezinárodními organizacemi, které se zabývají lidskými právy. Rozhodnutí soudu přichází po stížnosti, kterou podal sám Lorer. Podle něj byly tyto příspěvky nejen urážlivé, ale také podněcovaly nenávist na základě náboženského původu. Komise pro ochranu před diskriminací již dříve rozhodla, že Kostadinov porušil zákony proti diskriminaci, a nařídila mu odstranění těchto komentářů. Politik se proti rozhodnutí odvolal, avšak soud jeho odvolání zamítl a potvrdil původní verdikt. Kostadinov, známý svými nacionalistickými a euroskeptickými postoji, označil rozhodnutí soudu za útok na svobodu slova a politickou cenzuru. Tvrdí, že jeho komentáře byly pouze kritikou politických postojů Lorera a že se necítí vinen z šíření nenávisti. Přesto bude muset příspěvky odstranit, jinak mu hrozí další právní kroky. Tento případ poukazuje na širší debatu o svobodě projevu a hranicích nenávistných projevů v Bulharsku. Země se v posledních letech potýká s rostoucími projevy nacionalismu a extremismu, což vyvolává otázky ohledně ochrany menšin a politické kultury. Bulharsko jako členský stát Evropské unie je pod dohledem mezinárodních institucí, které sledují dodržování demokratických principů a lidských práv. Pro turisty navštěvující Bulharsko tento případ sice nemusí mít přímý dopad, ale ukazuje na dynamiku a vývoj politické situace v zemi. Vedle krásných pláží, historických památek a vynikající kuchyně je Bulharsko také místem, kde se odehrávají důležité společenské změny. Cestovatelé by si tak měli být vědomi nejen kulturního dědictví země, ale také aktuálního dění, které formuje její budoucnost. Pokud plánujete návštěvu Bulharska, nezapomeňte si kromě slunečných letovisek prohlédnout i historická města, jako je právě Varna, kde se tento soudní proces odehrál. Nabízí nejen nádherné pláže, ale i bohatou historii a jedinečnou atmosféru, která stojí za objevování.","1","681","6","0","","0","/C:/Program Files/Git/uploads/2023/07/header-image-2-1.jpg","","short_meta_description;missing_twitter_card;article_missing_article_schema","17266"
"/stefan-dobrev-lider-inovaci-v-evrope/","**Stefan Dobrev: líder inovací v Evropě** - Visit Bulharsko","59","Bulharský vizionář Stefan Dobrev: Jak propojuje vědu a byznys v Evropě","70","https://visitbulharsko.cz/C:/Program Files/Git/stefan-dobrev-lider-inovaci-v-evrope/","1","Stefan Dobrev: líder inovací v Evropě Luke Palm · 17. března 2025 · 2 min čtení Bulharský vizionář Stefan Dobrev: Jak propojuje vědu a byznys v Evropě (window.adsbygoogle = window.adsbygoogle || []).push({}); ADS / reklamní prostor v článku Bulharsko není jen oblíbenou destinací pro letní dovolenou, ale také zemí, která dala světu řadu významných osobností. Jedním z nich je Stefan Dobrev – muž, který se stal klíčovou postavou v oblasti inovací a technologií v Evropě. Jeho jméno možná není tak známé jako historické památky v Nesebaru nebo pláže v Zlatých Píscích, ale jeho práce má zásadní dopad na budoucnost vědy a podnikání. Co ho přivedlo na vrchol Evropského institutu pro inovace a technologie a proč je jeho role důležitější než kdy dřív? Stefan Dobrev se narodil v Sofii a jeho kariéra je příběhem odhodlání, vizionářství a schopnosti spojovat vědecké poznatky s reálným byznysem. Předtím, než se stal předsedou správní rady Evropského institutu pro inovace a technologie (EIT), působil na několika klíčových pozicích ve světě inovací. Byl spoluzakladatelem MassChallenge Switzerland, jedné z největších startupových akcelerátorů v Evropě, a také zastával vysoké manažerské pozice v mezinárodních společnostech jako Nestlé nebo Theo Müller Group. Jeho hlavním posláním v EIT je posílit spolupráci mezi vědou a podnikáním. Evropa má obrovský potenciál v oblasti výzkumu, ale často zaostává v přeměně inovací na úspěšné podnikatelské projekty. Dobrev si uvědomuje, že právě propojení akademické sféry s firmami je klíčem k udržitelnému rozvoji a konkurenceschopnosti Evropy na světovém trhu. Pod jeho vedením se EIT snaží vytvářet prostředí, kde se inovace mohou rozvíjet rychleji a efektivněji. Bulharsko v posledních letech zažívá vzestup v technologickém sektoru a Sofie se stává jedním z technologických hubů v regionu. Dobrevova práce může přispět k tomu, že se země ještě více zapojí do evropského inovačního ekosystému a nabídne mladým talentům lepší podmínky pro rozvoj. To je důležité nejen pro Bulharsko, ale i pro celou Evropu, která potřebuje držet krok s globální konkurencí. Jeho příběh je inspirací pro všechny, kdo věří, že inovace mohou měnit svět. Ukazuje, že úspěch není jen otázkou velkých ekonomik, ale především schopnosti spojovat lidi, myšlenky a technologie. Možná při své příští návštěvě Bulharska nebudete obdivovat jen krásy Černého moře, ale také si uvědomíte, že tato země má co nabídnout i v oblasti vědy a podnikání.","1","637","6","0","","0","/C:/Program Files/Git/uploads/2023/07/header-image-2-1.jpg","","short_meta_description;missing_twitter_card;article_missing_article_schema","16606"
"/strucny-prehled-dejin-bulharska-od-staroveku-po-moderni-dobu/","Stručný přehled dějin Bulharska: Od starověku po moderní dobu - Visit Bulharsko","79","Historie Bulharska je jako spletitý gobelín, na který postupně příběhy všech epoch vetkaly nesmazatelné stopy. Tento stručný časový přehled nás provede důležitými mezníky od starověku až po moderní dobu. Starověk a raný středověkMezi 8. a 6. stoletím př. n. l. se na území dnešního Bulharska rozvíjela thrácká kultura, jejíž rychlé jezdecké oddíly získaly obdiv i [&hellip;]","374","https://visitbulharsko.cz/C:/Program Files/Git/strucny-prehled-dejin-bulharska-od-staroveku-po-moderni-dobu/","1","Stručný přehled dějin Bulharska: Od starověku po moderní dobu Luke Palm · 3. ledna 2025 · 2 min čtení Historie Bulharska je jako spletitý gobelín, na který postupně příběhy všech epoch vetkaly nesmazatelné stopy. Tento stručný časový přehled nás provede důležitými mezníky od starověku až po moderní dobu. Starověk a raný středověkMezi 8. a 6. stoletím př. n. l. se na území dnešního Bulharska rozvíjela thrácká kultura, jejíž rychlé jezdecké oddíly získaly obdiv i […] (window.adsbygoogle = window.adsbygoogle || []).push({}); ADS / reklamní prostor v článku Historie Bulharska je jako spletitý gobelín, na který postupně příběhy všech epoch vetkaly nesmazatelné stopy. Tento stručný časový přehled nás provede důležitými mezníky od starověku až po moderní dobu. Starověk a raný středověkMezi 8. a 6. stoletím př. n. l. se na území dnešního Bulharska rozvíjela thrácká kultura, jejíž rychlé jezdecké oddíly získaly obdiv i strach. V 3. století př. n. l. dorazili na Balkán Keltové, zanechávajíc své stopy v oblasti dnešní Sofie. Následovalo podrobení Thráků Římany mezi 2. stoletím př. n. l. a 1. stoletím n. l.V roce 395 n. l. se území dostalo pod vládu Byzantské říše a po roce 441 Huni a další kmeny začaly oblast pustošit. Zároveň se Slované začali usazovat na Balkáně a kolem roku 635 se osvobodili z nadvlády Avarů. První bulharská říšeZáklady prvního bulharského státu byly položeny v letech 680-681, kdy prabulharský vůdce Asparuch sjednotil slovanské kmeny. Centrum říše se nacházelo v Plisce. V 9. století zažil stát velký rozkvět: chán Boris I. přijal křesťanství jako státní náboženství a vzniklo staroslověnské písmo. V 10. století se formovala středověká bulharská národnost. Byzantská nadvláda a druhá bulharská říšePo roce 1018 se Bulharsko dostalo pod byzantskou nadvládu, avšak roku 1185 bratři Asen a Petr vedli úspěšné povstání a obnovili bulharský stát. Druhá říše se stala centrem kultury a obchodu, především během 13. a 14. století, kdy vznikla bojarská rada. Osmanská nadvládaOd 15. století se Bulharsko ocitlo pod osmanskou vládou. 17. a 18. století přinesla zhoršení životních podmínek, avšak v 19. století začalo obrození bulharského národa, které vyvrcholilo osvobozením od Osmanské říše. Moderní BulharskoRok 1878 znamenal vznik moderního bulharského státu. Následující desetiletí byla plná důležitých událostí, jako bylo sjednocení Bulharska a Východní Rumelie v roce 1885 a úspěšná Srbsko-bulharská válka.20. století přineslo Bulharsku ôčast v balkánských válkách a obou světových konfliktech. Po roce 1944 přešla země pod vliv socialismu, což znamenalo radikální společenské změny. Historie Bulharska nabízí bohatý příběh o vzestupech i pádech, který přispěl k formování jeho dnešní identity. Každý z mezníků této časové osy poskytuje jedinečný pohled na dynamiku dějin tohoto balkánského státu.","1","787","6","0","","0","/C:/Program Files/Git/uploads/hermes/strucny-prehled-dejin-bulharska-od-staroveku-po-moderni-dobu.png","","long_title;long_meta_description;missing_twitter_card;article_missing_article_schema","18885"
"/tajemny-projekt-meni-pobrezi-varny/","**Tajemný projekt mění pobřeží Varny** - Visit Bulharsko","56","Tajemný projekt na pobřeží Varny: Co se skutečně děje s oblíbeným letoviskem?","77","https://visitbulharsko.cz/C:/Program Files/Git/tajemny-projekt-meni-pobrezi-varny/","1","Tajemný projekt mění pobřeží Varny Luke Palm · 18. března 2025 · 2 min čtení Tajemný projekt na pobřeží Varny: Co se skutečně děje s oblíbeným letoviskem? (window.adsbygoogle = window.adsbygoogle || []).push({}); ADS / reklamní prostor v článku Bulharské pobřeží Černého moře se dlouhá léta těšilo oblibě mezi turisty i místními obyvateli. Především město Varna, jedno z nejvýznamnějších letovisek, láká návštěvníky svou příjemnou atmosférou, historickými památkami i krásnými plážemi. Nyní se však na tamním pobřeží odehrává něco, co vyvolává otázky i obavy. Projekt „Alea Părva“, který má proměnit část varenského pobřeží, je oficiálně teprve v rané fázi příprav, avšak realita na místě naznačuje něco jiného. Stavební technika, výkopy a instalace potrubí už jsou v plném proudu, přestože mnoho klíčových informací o projektu zůstává nezodpovězených. Co se tedy skutečně děje na pobřeží Varny? Plánovaná výstavba podél pobřeží vzbuzuje mezi místními obyvateli i odborníky řadu otázek. Projekt má údajně přinést modernizaci a zatraktivnění oblasti, ale jeho konkrétní podoba zatím není zcela jasná. Přestože úřady ujišťují veřejnost, že vše probíhá transparentně a podle pravidel, rozsáhlé stavební práce naznačují, že změny se dějí rychleji, než by se mohlo zdát. Podél pobřeží už nyní pracují dělníci, kopou se výkopy a instalují se nové potrubní systémy. Přesto dosud nebylo veřejnosti představeno jasné vysvětlení, co přesně se zde staví a jaký bude konečný výsledek. Mnoho místních obyvatel se obává, že přeměna této oblasti povede k omezení přístupu k plážím a promění pobřeží v komerční zónu, která bude sloužit především soukromým podnikům a hotelům. Varna je jedním z nejnavštěvovanějších měst v Bulharsku a její pobřeží je klíčovou součástí její turistické atraktivity. Mnoho návštěvníků sem míří nejen kvůli moři, ale také kvůli příjemné atmosféře, promenádám a tradičním restauracím. Jakékoliv zásadní změny mohou ovlivnit celkový charakter této oblasti a změnit způsob, jakým ji lidé využívají. Bulharsko je známé svou snahou o rozvoj turistického sektoru, ale zároveň se zde často objevují kontroverze spojené s urbanizací pobřeží. V minulosti už došlo k několika případům, kdy se pláže a veřejné prostory dostaly pod kontrolu soukromých investorů, což vedlo k omezení přístupu pro běžné návštěvníky. Mnozí se proto obávají, že i projekt „Alea Părva“ by mohl vést k podobné situaci. Pro turisty, kteří plánují návštěvu Varny, je důležité sledovat, jak se situace vyvine. Pokud se projekt zaměří na zlepšení infrastruktury a zachování veřejného přístupu k pobřeží, může přinést pozitivní změny. Pokud však dojde k omezení vstupu na pláže nebo k masivní komercializaci oblasti, může to ovlivnit celkový dojem z pobytu v tomto oblíbeném letovisku. V tuto chvíli zůstává mnoho otázek nezodpovězených. Místní úřady tvrdí, že projekt je stále v počáteční fázi, ale stavební práce ukazují jiný obraz. Jak se situace vyvine, ukáže až čas. Každopádně je jasné, že pobřeží Varny čekají významné změny, které mohou ovlivnit nejen místní obyvatele, ale i turisty, kteří sem každoročně míří za odpočinkem a krásným mořem.","1","729","6","0","","0","/C:/Program Files/Git/uploads/2023/07/header-image-2-1.jpg","","short_meta_description;missing_twitter_card;article_missing_article_schema","17481"
"/tajemstvi-zapomenutych-lazni-sofie/","""Tajemství zapomenutých lázní Sofie"" - Visit Bulharsko","54","&#8222;Zapomenuté příběhy sofijských lázní: Místo, kde se čas zastavil&#8220;","77","https://visitbulharsko.cz/C:/Program Files/Git/tajemstvi-zapomenutych-lazni-sofie/","1","„Tajemství zapomenutých lázní Sofie“ Luke Palm · 3. ledna 2025 · 1 min čtení „Zapomenuté příběhy sofijských lázní: Místo, kde se čas zastavil“ (window.adsbygoogle = window.adsbygoogle || []).push({}); ADS / reklamní prostor v článku Představte si místo, kde se zastavil čas. Místo, kde stěny vyprávějí příběhy dávných dnů, kdy se zde lidé scházeli, aby očistili nejen svá těla, ale i duše. V srdci Sofie, obklopené ruchem moderního města, se nachází opuštěné lázně, které kdysi byly centrem společenského života. Dnes jsou však zapomenuté, ponořené do ticha a čekají na své znovuzrození. Vydáme se na jedinečnou výpravu do těchto prostor, kde se minulost mísí s melancholií přítomnosti. Co skrývají jejich zdi? A co by mohly nabídnout, kdyby se jim vrátila jejich bývalá sláva?","1","382","6","0","","0","/C:/Program Files/Git/uploads/2023/07/header-image-2-1.jpg","","short_meta_description;missing_twitter_card;article_missing_article_schema","14795"
"/ticha-krize-demokracie-v-evrope-jak-oslabeni-pravniho-statu-ovlivnuje-obcany-i-turisty/","**Tichá krize demokracie v Evropě: Jak oslabení právního státu ovlivňuje občany i turisty?** - Visit Bulharsko","110","„Demokracie v Evropě slábne“","28","https://visitbulharsko.cz/C:/Program Files/Git/ticha-krize-demokracie-v-evrope-jak-oslabeni-pravniho-statu-ovlivnuje-obcany-i-turisty/","1","Tichá krize demokracie v Evropě: Jak oslabení právního státu ovlivňuje občany i turisty? Luke Palm · 17. března 2025 · 2 min čtení „Demokracie v Evropě slábne“ (window.adsbygoogle = window.adsbygoogle || []).push({}); ADS / reklamní prostor v článku Evropa čelí tiché, ale závažné krizi demokracie. Podle nedávné zprávy organizace Civil Liberties Union for Europe patří Itálie mezi pět zemí, které systematicky oslabují právní stát a omezují svobodu médií. Společně s Bulharskem, Chorvatskem, Rumunskem a Slovenskem se řadí mezi státy, které vědomě narušují demokratické principy. Jaké důsledky to může mít pro běžné občany a proč by nás to mělo zajímat? Zpráva upozorňuje na rostoucí snahy některých vlád oslabit nezávislost soudů, umlčet kritické novináře a omezit občanská práva. V případě Itálie se jedná především o zásahy do fungování justice a negativní postoj k médiím, která si dovolí vládu kritizovat. Tento trend je patrný nejen v Itálii, ale i v dalších zemích včetně Bulharska, které se v posledních letech potýká s problémy v oblasti svobody tisku a transparentnosti veřejných institucí. V Bulharsku je dlouhodobě diskutovaným tématem vliv oligarchů na politiku a média. Novináři, kteří se snaží upozorňovat na korupci, čelí výhrůžkám a zastrašování. Podobná situace panuje i v Rumunsku a Slovensku, kde byly v minulosti zaznamenány případy útoků na novináře. Tyto skutečnosti ukazují, že problém není omezen jen na jednu zemi, ale je součástí širšího trendu, který oslabuje demokratické instituce v regionu. Omezování svobody médií a oslabování právního státu má přímý dopad na běžné občany. Když se justice dostane pod kontrolu politiků, ztrácí lidé možnost domoci se spravedlnosti. Pokud média nemohou svobodně informovat o korupci a zneužívání moci, veřejnost se o těchto problémech nedozví. To vede k atmosféře strachu a nejistoty, která může negativně ovlivnit i turismus. Bulharsko je oblíbenou destinací pro mnoho českých turistů, kteří sem míří za sluncem, krásnými plážemi a příznivými cenami. Přestože běžní návštěvníci na první pohled nepocítí problémy spojené s oslabováním demokracie, dlouhodobě může mít tato situace vliv na bezpečnost, kvalitu služeb i celkovou stabilitu země. Investoři i turisté dávají přednost místům, kde vládne právní jistota a kde se nemusí obávat nepředvídatelných změn v zákonech či ekonomických problémech způsobených korupcí. Situace v Itálii a dalších zmíněných zemích ukazuje, že demokratické hodnoty nelze považovat za samozřejmost. Je důležité sledovat vývoj v těchto státech a zajímat se o to, jak vlády nakládají s mocí. Pro turisty i podnikatele je stabilní právní prostředí klíčové. Ať už plánujete cestu do Bulharska, Itálie nebo jiných evropských destinací, je dobré mít na paměti, že svoboda a demokracie nejsou jen politickými pojmy, ale faktory, které ovlivňují každodenní život i cestování.","1","695","6","0","","0","/C:/Program Files/Git/uploads/2023/07/header-image-2-1.jpg","","long_title;short_meta_description;missing_twitter_card;article_missing_article_schema","17221"
"/tragedie-na-silnicich-v-bulharsku/","Tragédie na silnicích v Bulharsku - Visit Bulharsko","51","**Tragédie na bulharských silnicích: Jak se vyhnout rizikům při cestování do této oblíbené destinace?**","103","https://visitbulharsko.cz/C:/Program Files/Git/tragedie-na-silnicich-v-bulharsku/","1","Tragédie na silnicích v Bulharsku Luke Palm · 4. ledna 2025 · 2 min čtení Tragédie na bulharských silnicích: Jak se vyhnout rizikům při cestování do této oblíbené destinace? (window.adsbygoogle = window.adsbygoogle || []).push({}); ADS / reklamní prostor v článku Tři lidské životy vyhasly během sobotního dopoledne na bulharských silnicích. Tragické nehody, které se odehrály v různých částech země, znovu upozorňují na otázku bezpečnosti dopravy v této oblíbené dovolenkové destinaci. Co přesně se stalo a jaké jsou rizikové faktory, kterým by se turisté měli vyhnout? Přinášíme podrobnosti o těchto smutných událostech a také několik tipů, jak cestovat po Bulharsku bezpečně. Jen pár kilometrů od města Veliko Tarnovo, na hlavní silnici spojující Sofii s přímořským městem Varna, došlo k první z tragických nehod. Krátce před desátou hodinou dopolední narazil dodávkový vůz ve vysoké rychlosti do zadní části osobního automobilu. Náraz byl natolik silný, že řidič osobního vozu neměl šanci přežít. Záchranné složky, které dorazily na místo, potvrdily smrt muže na místě nehody. Příčina kolize zůstává předmětem vyšetřování, ale podle prvotních informací mohl být na vině nepřiměřený styl jízdy, který je na bulharských silnicích bohužel stále častým jevem. Další dvě nehody s tragickými následky se odehrály téměř současně v jiných částech země. Na jedné z vedlejších silnic v oblasti Plovdivu ztratil kontrolu nad svým vozem mladý řidič, který sjel ze silnice a narazil do stromu. Bohužel ani on nepřežil. Ve stejném čase došlo k čelní srážce dvou vozidel poblíž města Burgas, kde zahynul jeden z řidičů. Tyto incidenty znovu poukazují na rizika spojená s rychlou a neopatrnou jízdou, která je v Bulharsku častým problémem. Pro české turisty, kteří plánují cestu do Bulharska, jsou tyto události smutným připomenutím toho, že opatrnost je na místě nejen na pláži, ale i na silnicích. Ačkoliv je Bulharsko známé svou pohostinností, krásnými plážemi a bohatou historií, bezpečnost dopravy zůstává jednou z jeho slabin. Dopravní infrastruktura je v mnoha částech země zastaralá a řidiči často ignorují dopravní předpisy. To vytváří prostředí, kde jsou nehody bohužel poměrně časté. Pokud se rozhodnete pro cestu po Bulharsku autem, ať už vlastním, nebo zapůjčeným, je důležité dodržovat několik základních pravidel. Především je třeba být neustále pozorný a předvídat chování ostatních účastníků provozu. Doporučuje se také vyhýbat se jízdě v noci, kdy je riziko nehod vyšší, a pečlivě sledovat dopravní značení, které může být na některých místech nejasné nebo špatně viditelné. Kromě toho je vhodné pravidelně kontrolovat stav vozidla a dbát na dostatečný odpočinek před dlouhými cestami. Navzdory těmto rizikům zůstává Bulharsko atraktivní destinací pro české cestovatele. Kromě slunečných pláží a příznivých cen nabízí také fascinující historické památky, jako je starobylé město Nesebar, a přírodní krásy, například pohoří Rila s ikonickým Rilským klášterem. Klíčem k úspěšné a bezpečné dovolené je však důkladná příprava a respektování místních pravidel. Tragédie, jako ty z tohoto víkendu, nám připomínají, že život je křehký a že na silnicích platí pravidlo „lepší pomalu a bezpečně než rychle a nebezpečně“. Pokud se chystáte objevovat krásy Bulharska, nezapomeňte, že opatrnost je tou nejlepší cestovní výbavou.","1","756","6","0","","0","/C:/Program Files/Git/uploads/2023/07/header-image-2-1.jpg","","missing_twitter_card;article_missing_article_schema","17661"
"/tragedie-na-silnicich-v-bulharsku-jak-cestovat-bezpecne/","Tragédie na silnicích v Bulharsku: Jak cestovat bezpečně? - Visit Bulharsko","75","**Tragické nehody na bulharských silnicích: Jak se vyvarovat rizik při cestování do Varny, Burgasu a dalších destinací?**","121","https://visitbulharsko.cz/C:/Program Files/Git/tragedie-na-silnicich-v-bulharsku-jak-cestovat-bezpecne/","1","Tragédie na silnicích v Bulharsku: Jak cestovat bezpečně? Luke Palm · 4. ledna 2025 · 2 min čtení Tragické nehody na bulharských silnicích: Jak se vyvarovat rizik při cestování do Varny, Burgasu a dalších destinací? (window.adsbygoogle = window.adsbygoogle || []).push({}); ADS / reklamní prostor v článku Tragédie na bulharských silnicích během sobotního dopoledne zanechaly za sebou tři ztracené životy a zarmoucené rodiny. K nehodám došlo na rušných úsecích, které jsou známé svým náročným provozem. Co však stojí za těmito událostmi a jak se mohou cestovatelé vyhnout podobným situacím? Pojďme společně nahlédnout do detailů těchto smutných příběhů a zamyslet se nad tím, jak zajistit bezpečnější cestování po Bulharsku. V sobotu ráno, krátce po desáté hodině, došlo k tragické dopravní nehodě na hlavním tahu spojujícím Sofii a Varnu, poblíž obce Šeremetja. Minibus jedoucí vysokou rychlostí narazil do zadní části osobního automobilu, který se pohyboval před ním. Náraz byl natolik silný, že tři lidé na místě podlehli svým zraněním. Policie stále vyšetřuje okolnosti, které k této události vedly, přičemž za pravděpodobnou příčinu označuje nepřiměřenou rychlost a nedostatečnou pozornost řidiče minibusu. Další nehoda se odehrála o něco později, tentokrát na silnici vedoucí z Plovdivu do Asenovgradu. Řidič osobního vozu ztratil kontrolu nad svým autem, vyjel z vozovky a narazil do stromu. I zde si nehoda vyžádala lidský život. Svědci popisují, že silnice byla v době nehody mokrá, což mohlo přispět k neštěstí. Místní úřady apelují na řidiče, aby v deštivém počasí dbali zvýšené opatrnosti a přizpůsobili svou jízdu podmínkám na silnici. Poslední nehoda, která uzavřela tragickou bilanci dopoledního provozu, se stala na pobřežní cestě mezi Burgasem a Sozopolem. Zde se čelně srazily dva osobní automobily. Jeden z řidičů nebyl na místě schopen poskytnout vysvětlení, co přesně srážku způsobilo, přičemž svědci uvádějí, že jeden z vozů vjel do protisměru. Tato nehoda si kromě jedné oběti vyžádala i několik zraněných, kteří byli převezeni do nemocnice v Burgasu. Bulharské silnice, zejména v letní sezóně, kdy jsou plné turistů, mohou být výzvou i pro zkušené řidiče. Některé úseky, jako například silnice vedoucí k pobřeží Černého moře nebo horské průsmyky, jsou známé svou nevyzpytatelností. Proto je klíčové, aby se řidiči připravili na různé situace a dbali na zvýšenou pozornost. Mezi doporučené kroky patří kontrola stavu vozidla před cestou, dodržování rychlostních limitů a pravidelné přestávky během jízdy. Rovněž je dobré myslet na to, že v Bulharsku je povinné používat denní svícení i během dne. Pro turisty, kteří plánují cestovat do Bulharska autem, je důležité zvážit i pojištění vozidla a asistenční služby. Ty mohou být neocenitelné v případě poruchy nebo nehody. Pokud cestujete s rodinou, doporučuje se mít v autě základní lékárničku, reflexní vesty a dostatečné množství pitné vody, zejména při delších cestách. Ačkoli jsou tyto tragické události smutnou připomínkou rizik spojených s cestováním, neměly by odradit návštěvníky od objevování krás Bulharska. Tato země nabízí nespočet nádherných míst, od historických památek, jako je Nesebar zapsaný na seznamu UNESCO, po přírodní skvosty, jako jsou pohoří Rila a Pirin. Cesta za těmito poklady však vyžaduje pečlivé plánování a zodpovědný přístup k dopravě. Nezapomeňte, že bezpečnost na silnicích je otázkou nejen pravidel, ale také ohleduplnosti a respektu vůči ostatním účastníkům provozu. Ať už se vydáte na cestu do Bulharska vlastním vozem, nebo zvolíte jiný dopravní prostředek, přejeme vám šťastnou a klidnou cestu.","1","803","6","0","","0","/C:/Program Files/Git/uploads/2023/07/header-image-2-1.jpg","","long_title;missing_twitter_card;article_missing_article_schema","18088"
"/tragedie-v-sofii-4-zivoty-zmareny/","""Tragédie v Sofii: 4 životy zmařeny"" - Visit Bulharsko","54","&#8222;Tragédie na sofijském nádraží: Požár ve vlaku připravil čtyři bezdomovce o život a odkryl palčivé problémy společnosti&#8220;","132","https://visitbulharsko.cz/C:/Program Files/Git/tragedie-v-sofii-4-zivoty-zmareny/","1","„Tragédie v Sofii: 4 životy zmařeny“ Luke Palm · 31. prosince 2024 · 1 min čtení „Tragédie na sofijském nádraží: Požár ve vlaku připravil čtyři bezdomovce o život a odkryl palčivé problémy společnosti“ (window.adsbygoogle = window.adsbygoogle || []).push({}); ADS / reklamní prostor v článku Čtyři lidské životy zmařeny během jediné noci – tragédie, která otřásla nejen bulharskou metropolí. Na sofijské hlavní nádraží se snesl těžký závoj smutku poté, co v opuštěném vagonu vypukl požár, jenž se stal osudným čtyřem bezdomovcům. Dva další lidé bojují o přežití v nemocnici Pirogov. Co přesně stálo za touto tragédií a jaké otázky nyní visí ve vzduchu? Tento příběh je více než jen smutnou událostí – je odrazem širších problémů, kterým čelí nejen Bulharsko, ale i celá Evropa.","1","384","6","0","","0","/C:/Program Files/Git/uploads/2023/07/header-image-2-1.jpg","","missing_twitter_card;article_missing_article_schema","14928"
"/tragedie-v-sofii-vybuch-v-lozeneci/","""Tragédie v Sofii: Výbuch v Lozeneci"" - Visit Bulharsko","55","Tragédie v poklidné čtvrti: Výbuch plynové lahve zanechal těžce zraněného muže","78","https://visitbulharsko.cz/C:/Program Files/Git/tragedie-v-sofii-vybuch-v-lozeneci/","1","„Tragédie v Sofii: Výbuch v Lozeneci“ Luke Palm · 5. ledna 2025 · 2 min čtení Tragédie v poklidné čtvrti: Výbuch plynové lahve zanechal těžce zraněného muže (window.adsbygoogle = window.adsbygoogle || []).push({}); ADS / reklamní prostor v článku Když se ozve exploze v klidné čtvrti, nikdo netuší, co se stalo. Takový šok zažili obyvatelé sofijské čtvrti Lozenec, když v jednom z domů došlo k výbuchu plynové lahve. Incident, který se odehrál za soumraku, způsobil vážné zranění muži ve věku 66 let. Co přesně vedlo k této tragédii a jaké jsou jeho následky? Čtěte dál a dozvíte se více o tomto nešťastném případu, který otřásl poklidnou rezidenční oblastí hlavního města Bulharska. Lozenec, jedna z prominentních čtvrtí Sofie, je známý svými tichými ulicemi, vilami a zelenými parky. Málokdo by očekával, že se tam odehraje událost, která přitáhne pozornost celé země. V jednom z domů došlo k výbuchu plynové lahve, který zanechal za sebou nejen materiální škody, ale především těžce zraněného muže. Podle dostupných informací se exploze odehrála krátce po setmění a příčina této nešťastné události je zatím nejasná. Zasažený muž, kterému je 66 let, byl okamžitě převezen do nemocnice s vážnými popáleninami. Podle lékařů ho čeká náročná léčba, která zahrnuje několik operací. Zdravotní stav pacienta je vážný, ale stabilizovaný. Záchranné složky, které na místo dorazily krátce po incidentu, se postaraly nejen o převoz zraněného, ale také o zabezpečení oblasti, aby nedošlo k dalšímu ohrožení. Plynové lahve jsou běžnou součástí domácností v Bulharsku, zejména v oblastech, kde není dostupné centrální plynové vytápění. Tyto lahve slouží k vaření, ohřevu vody nebo vytápění. Přestože jsou obecně považovány za bezpečné, při nesprávném používání nebo špatné údržbě mohou představovat riziko. Tento případ znovu otevřel otázku bezpečnosti při manipulaci s plynovými zařízeními a upozornil na potřebu pravidelných kontrol a údržby. Místní obyvatelé v Lozeneci jsou událostí otřeseni. Někteří z nich uvedli, že slyšeli hlasitou ránu, která otřásla okolními budovami. „Bylo to, jako by něco spadlo z nebe. Vyběhli jsme ven a viděli kouř vycházející z domu,“ popsala situaci jedna z obyvatelek. Úřady nyní vyšetřují, co přesně vedlo k explozi, a zda šlo o technickou závadu nebo lidskou chybu. Tento incident je připomínkou, že i malé chyby mohou mít vážné následky. Pokud plánujete cestu do Bulharska a rozhodnete se ubytovat v soukromí nebo v domech, kde se používají plynové lahve, je důležité věnovat pozornost bezpečnostním opatřením. Zkontrolujte, zda je zařízení v dobrém stavu, a pokud si nejste jistí, neváhejte se obrátit na odborníka. Ačkoliv je Bulharsko známé svou pohostinností, krásnou přírodou a historickými památkami, tento případ ukazuje, že i tam se mohou stát nečekané události. Přesto byste se neměli nechat odradit od návštěvy této země. Naopak, podobné příběhy poukazují na důležitost informovanosti a opatrnosti, kterou bychom měli mít nejen na cestách, ale i v každodenním životě. Navštívit čtvrť Lozenec v Sofii může být zajímavým zážitkem, ať už vás lákají elegantní kavárny, klidné parky nebo výhledy na pohoří Vitoša. I když tento příběh přináší smutnou událost, je také připomínkou, že život v Bulharsku, stejně jako kdekoliv jinde, má své světlé i stinné stránky.","1","766","6","0","","0","/C:/Program Files/Git/uploads/2023/07/header-image-2-1.jpg","","short_meta_description;missing_twitter_card;article_missing_article_schema","17636"
"/tragicka-nehoda-otrasla-bulharskem/","Tragická nehoda otřásla Bulharskem - Visit Bulharsko","52","**Tragédie na cestě k Varně: Smrt fotbalového trenéra a mírný trest pro viníka**","80","https://visitbulharsko.cz/C:/Program Files/Git/tragicka-nehoda-otrasla-bulharskem/","1","Tragická nehoda otřásla Bulharskem Luke Palm · 12. března 2025 · 2 min čtení Tragédie na cestě k Varně: Smrt fotbalového trenéra a mírný trest pro viníka (window.adsbygoogle = window.adsbygoogle || []).push({}); ADS / reklamní prostor v článku Bulharsko je oblíbenou destinací pro mnoho českých turistů, ale někdy se zde odehrávají i události, které otřesou celou zemí. Jedna z nich se stala v listopadu 2023 na silnici mezi Sofií a Varnou, kdy tragická nehoda ukončila život uznávaného fotbalového trenéra. Soud nyní vynesl rozsudek nad viníkem této tragédie. Jaké byly okolnosti nehody a jaký trest pachatel dostal? Bulharská veřejnost byla v uplynulých měsících svědkem soudního procesu s řidičem, který způsobil smrt trenéra Fera­ria Spasova. K nehodě došlo poblíž vesnice Šeremetja, kde se vozidlo řízené Načem Panteleevem řítilo rychlostí 165 km/h a zezadu narazilo do auta oběti. Následkem nárazu bylo vozidlo trenéra vymrštěno do příkopu, přičemž Spasov na místě podlehl zraněním. Soud vynesl verdikt – Panteleev byl odsouzen k pěti letům vězení. Verdikt vyvolal mezi veřejností smíšené reakce. Někteří tvrdí, že trest je příliš mírný vzhledem k okolnostem nehody, jiní poukazují na to, že v Bulharsku nejsou přísné tresty za dopravní nehody neobvyklé. Panteleev se během procesu hájil tím, že nehodu nezpůsobil úmyslně, ale přesto se musel zodpovídat za svou bezohlednou jízdu. Tento případ znovu otevřel diskusi o bezpečnosti na bulharských silnicích. Dopravní nehody jsou v zemi častým problémem, přičemž vysoká rychlost a nepozornost řidičů patří mezi hlavní příčiny tragických událostí. Místní úřady se snaží situaci řešit zpřísněním dopravních předpisů, ale realita na silnicích často ukazuje, že problém přetrvává. Bulharsko je pro mnoho českých turistů oblíbeným místem k odpočinku, ať už jde o slunné pobřeží Černého moře nebo historická města. Přesto je důležité si uvědomit, že i zde platí nutnost opatrnosti na silnicích. Pokud plánujete cestu autem po Bulharsku, je dobré mít na paměti nejen místní dopravní předpisy, ale také skutečnost, že některé úseky silnic mohou být nebezpečné kvůli agresivnímu stylu jízdy některých řidičů. Tato tragédie ukazuje, jak může být riskantní vysoká rychlost a nedbalost za volantem. Ačkoliv se Bulharsko snaží zlepšit bezpečnost na silnicích, stále je potřeba dbát zvýšené opatrnosti. Pokud se chystáte do této krásné země, nejen k moři, ale i na poznávací výlety autem, buďte obezřetní a dodržujte pravidla silničního provozu, aby se vaše dovolená nestala nepříjemným zážitkem.","1","641","6","0","","0","/C:/Program Files/Git/uploads/2023/07/header-image-2-1.jpg","","short_meta_description;missing_twitter_card;article_missing_article_schema","16717"
"/tri-poklady-bulharske-kuchyne-ktere-musite-ochutnat/","Tři poklady bulharské kuchyně - Visit Bulharsko","47","Když se vydáte do Bulharska, je těžké odolat jednomu z největších pokušení – jejich kuchyni. Ta je plná bohatých chutí a rodinných receptů.","139","https://visitbulharsko.cz/C:/Program Files/Git/tri-poklady-bulharske-kuchyne-ktere-musite-ochutnat/","1","Tři poklady bulharské kuchyně, které musíte ochutnat Luke Palm · 4. ledna 2025 · 2 min čtení Když se vydáte do Bulharska, je těžké odolat jednomu z největších pokušení – jejich kuchyni. Ta je plná bohatých chutí, jednoduchých ingrediencí a rodinných receptů, které se předávají z generace na generaci. Bulharská kuchyně, ovlivněná historií, geografickou polohou i kulturními vlivy, je dokonalou ukázkou balkánské gastronomie. Dnes se podíváme na tři nejoblíbenější pokrmy, které odrážejí […] (window.adsbygoogle = window.adsbygoogle || []).push({}); ADS / reklamní prostor v článku Když se vydáte do Bulharska, je těžké odolat jednomu z největších pokušení – jejich kuchyni. Ta je plná bohatých chutí, jednoduchých ingrediencí a rodinných receptů, které se předávají z generace na generaci. Bulharská kuchyně, ovlivněná historií, geografickou polohou i kulturními vlivy, je dokonalou ukázkou balkánské gastronomie. Dnes se podíváme na tři nejoblíbenější pokrmy, které odrážejí její duši.","1","855","5","0","","0","/C:/Program Files/Git/uploads/2025/01/Banitsa-recipe-og-1-1.webp","","missing_twitter_card;article_missing_article_schema","17939"
"/utoky-neustavaji-ropa-i-zivoty/","""Útoky neustávají: Ropa i životy"" - Visit Bulharsko","51","&#8222;Hořící obloha a tragédie na obou stranách: Klíčové údery mění dynamiku války na Ukrajině&#8220;","102","https://visitbulharsko.cz/C:/Program Files/Git/utoky-neustavaji-ropa-i-zivoty/","1","„Útoky neustávají: Ropa i životy“ Luke Palm · 8. ledna 2025 · 2 min čtení „Hořící obloha a tragédie na obou stranách: Klíčové údery mění dynamiku války na Ukrajině“ (window.adsbygoogle = window.adsbygoogle || []).push({}); ADS / reklamní prostor v článku V noci se ozývaly exploze a obloha nad Ruskem se zbarvila do oranžova. Ukrajinské síly zasáhly strategickou ropnou základnu v městě Engels, zatímco ruské útoky na ukrajinské město Záporoží přinesly tragické ztráty na životech. Tento vývoj v konfliktu mezi Ruskem a Ukrajinou opět ukazuje, jak napjatá situace zůstává. Jaké dopady budou mít tyto události na další průběh války a jaké cíle sledují obě strany? Ukrajinské ozbrojené síly v noci provedly úspěšný útok na ropný sklad „Kristal“ v ruském městě Engels. Tato základna, která slouží jako klíčový logistický bod pro doplňování paliva strategických bombardérů na vojenském letišti „Engels-2“, utrpěla značné škody. Podle ukrajinského generálního štábu, který citovala agentura Reuters, došlo k sérii mohutných explozí a následnému rozsáhlému požáru. Tento zásah by mohl významně omezit schopnost ruské armády provádět letecké útoky na ukrajinská města a infrastrukturu. Ukrajinská strana označila tento útok za zásadní krok ke zpomalení ruské vojenské mašinérie. Podle jejich vyjádření na platformě Telegram je tato akce součástí širší strategie, která má za cíl narušit logistické řetězce ruské armády. Ruské letouny, které z letiště Engels-2 startují, hrají klíčovou roli při bombardování ukrajinských měst, a zasažení tohoto zařízení tak představuje významný úspěch pro ukrajinskou obranu. Na druhé straně však ruské síly pokračovaly v intenzivních úderech na ukrajinské cíle. Jeden z nejničivějších útoků se odehrál v Záporoží, kde ruské rakety zasáhly obytnou čtvrť. Podle místních úřadů si tento útok vyžádal životy třinácti lidí, včetně několika dětí. Další desítky obyvatel byly zraněny a mnoho budov bylo zcela zničeno. Záběry z místa ukazují trosky domů, hořící auta a zoufalé obyvatele hledající své blízké. Tento incident znovu připomíná, jak ničivý dopad má konflikt na civilní obyvatelstvo. Mnoho rodin přišlo o své domovy a životy byly nenávratně změněny. Ukrajinské vedení obvinilo Rusko z nevybíravých a brutálních taktik, které mají za cíl zastrašit civilní obyvatelstvo a podlomit morálku země. Situace na frontě zůstává napjatá a obě strany pokračují v intenzivních vojenských operacích. Ukrajina se snaží získat zpět kontrolu nad svým územím a oslabit ruskou vojenskou převahu, zatímco Rusko pokračuje ve snaze upevnit své pozice a dosáhnout svých strategických cílů. Mezinárodní společenství mezitím sleduje vývoj s obavami, přičemž některé země zvyšují svou podporu Ukrajině, zatímco jiné hledají diplomatická řešení. Tento konflikt, který již trvá více než rok, přinesl světové veřejnosti nejen obrazy zkázy a utrpení, ale také příběhy odvahy a odhodlání. Ukrajinská společnost se i přes neustálé hrozby a útoky snaží zachovat svou nezávislost a bojovat za svou budoucnost. Otázkou však zůstává, jak dlouho ještě bude tento konflikt pokračovat a jaké budou jeho dlouhodobé následky. Ačkoli se tento článek zaměřuje na aktuální dění na frontě, je důležité si uvědomit, že podobné konflikty mají zásadní dopad nejen na zúčastněné země, ale i na širší region. Historie nám ukazuje, že války vždy mění geopolitické uspořádání a ovlivňují životy milionů lidí. Je proto nezbytné hledat nejen vojenská, ale i diplomatická řešení, která by mohla přinést trvalý mír. Na závěr je třeba připomenout, že i v této těžké době je důležité zaměřit se na hodnoty solidarity, empatie a podpory. Přestože se konflikt odehrává stovky kilometrů od nás, jeho dopady pociťujeme všichni. Ať už jde o humanitární pomoc, politickou podporu nebo šíření pravdy, každý z nás může přispět k tomu, aby se svět stal místem, kde podobné tragédie nebudou mít místo.","1","841","6","0","","0","/C:/Program Files/Git/uploads/2023/07/header-image-2-1.jpg","","missing_twitter_card;article_missing_article_schema","18359"
"/uzavreni-letiste-pulkovo-proc/","""Uzavření letiště Pulkovo: Proč?"" - Visit Bulharsko","51","&#8222;Nečekané uzavření letiště Pulkovo: Jaké dopady to má na cestování a dovolenou v Bulharsku?&#8220;","104","https://visitbulharsko.cz/C:/Program Files/Git/uzavreni-letiste-pulkovo-proc/","1","„Uzavření letiště Pulkovo: Proč?“ Luke Palm · 4. ledna 2025 · 2 min čtení „Nečekané uzavření letiště Pulkovo: Jaké dopady to má na cestování a dovolenou v Bulharsku?“ (window.adsbygoogle = window.adsbygoogle || []).push({}); ADS / reklamní prostor v článku Bylo sobotní ráno, když jedno z nejvýznamnějších ruských letišť, Pulkovo v Petrohradě, náhle přerušilo všechny přílety a odlety. Tato nečekaná situace vyvolala řadu otázek mezi cestujícími i odborníky na leteckou dopravu. Co přesně stojí za tímto rozhodnutím a jaké důsledky to může mít na cestování? Přinášíme vám podrobnosti, které odhalují více o tomto neobvyklém opatření. Letiště Pulkovo, které patří mezi nejvytíženější dopravní uzly v Rusku, se v sobotu ráno ocitlo v centru pozornosti. Ruská agentura pro dohled nad civilní leteckou dopravou, známá jako Rosaviacija, oznámila, že provoz letiště byl dočasně pozastaven z důvodu zajištění bezpečnosti. Toto opatření se dotklo nejen cestujících směřujících do Petrohradu, ale i těch, kteří měli odtud odletět. Podle dostupných informací byly všechny lety zastaveny již od 7:45 ráno, což způsobilo značné komplikace jak pro cestující, tak pro letecké společnosti. Zatímco oficiální prohlášení Rosaviacije nepřineslo konkrétní detaily o důvodu tohoto opatření, spekulace se rychle rozšířily. Někteří odborníci poukazují na možnost technických problémů nebo bezpečnostních hrozeb, které mohly ovlivnit rozhodnutí o uzavření letiště. Vzhledem k tomu, že letiště Pulkovo hraje klíčovou roli v propojení Petrohradu s dalšími městy v Rusku i zahraničí, takové omezení nevyhnutelně narušilo cestovní plány tisíců lidí. Podle místních médií bylo několik letů přesměrováno na jiná letiště, což způsobilo další komplikace. Pro cestovatele, kteří plánují dovolenou v Bulharsku, je tato situace připomínkou, jak důležité je být připraven na nečekané změny v leteckém provozu. Zvláště pokud plánujete let z nebo přes Rusko, je vhodné sledovat aktuální informace o letech a mít po ruce alternativní plány. Bulharsko, oblíbená destinace českých turistů, je sice dostupné i jinými způsoby dopravy, ale letadlo zůstává nejrychlejší a nejpohodlnější variantou. V případě podobných situací, jako je uzavření letiště, však může být užitečné mít v záloze informace o vlakových nebo autobusových spojích. Pokud se chystáte vyrazit na dovolenou do Bulharska, například do slunného Burgasu nebo historického Plovdivu, doporučujeme si ověřit aktuální stav leteckých spojení a zvážit cestovní pojištění, které pokryje případné zrušení letu. Mějte na paměti, že i když se podobné situace mohou zdát vzdálené, mohou ovlivnit i vaše plány. Ať už se rozhodnete cestovat letadlem, autem nebo vlakem, vždy je dobré mít na paměti, že flexibilita je klíčem k bezproblémové dovolené. Zatímco důvody uzavření letiště Pulkovo zůstávají zahaleny tajemstvím, tato událost znovu připomíná, že cestování je nejen o objevování nových míst, ale také o schopnosti přizpůsobit se nečekaným situacím. Bulharsko, se svými krásnými plážemi, bohatou historií a pohostinnými lidmi, zůstává jednou z nejatraktivnějších destinací pro české turisty. Ať už se sem vydáte letecky, nebo jiným způsobem, jedno je jisté – zážitky, které si odtud odvezete, stojí za to.","1","726","6","0","","0","/C:/Program Files/Git/uploads/2023/07/header-image-2-1.jpg","","missing_twitter_card;article_missing_article_schema","17595"
"/vidin-bulharsko-tajemne-mesto-na-dunaji/","Vidin, Bulharsko: Tajemné město na Dunaji plné historie a kouzla","64","Vidin – fascinující město v Bulharsku na břehu Dunaje. Historie, pevnost Baba Vida, opuštěná synagoga a unikátní atmosféra. Tip na cestování!","141","https://visitbulharsko.cz/C:/Program Files/Git/vidin-bulharsko-tajemne-mesto-na-dunaji/","1","Vidin: Město, kde historie dýchá na každém rohu Luke Palm · 18. března 2025 · 3 min čtení Cestování má zvláštní kouzlo, které spočívá v objevování míst, jež v sobě nesou stopy minulosti i puls současnosti. A přesně takový je Vidin – starobylé město na břehu Dunaje, které zůstat několik století skrytým pokladem Bulharska. Kdo se sem vydá, objeví nejen monumenty dějinných epoch, ale také atmosféru, která zve ke zpomalení a ponoření se […] (window.adsbygoogle = window.adsbygoogle || []).push({}); ADS / reklamní prostor v článku Cestování má zvláštní kouzlo, které spočívá v objevování míst, jež v sobě nesou stopy minulosti i puls současnosti. A přesně takový je Vidin – starobylé město na břehu Dunaje, které zůstat několik století skrytým pokladem Bulharska. Kdo se sem vydá, objeví nejen monumenty dějinných epoch, ale také atmosféru, která zve ke zpomalení a ponoření se do autentického kouzla Balkánu.","1","895","5","0","","0","/C:/Program Files/Git/uploads/2025/03/vidin-synagoga-scaled.webp","","missing_twitter_card;article_missing_article_schema","17732"
"/vlna-solidarity-v-srdci-sofie/","**Vlna solidarity v srdci Sofie** - Visit Bulharsko","51","Srdce Bulharska bije pro Severní Makedonii: Vlna solidarity po ničivém požáru","77","https://visitbulharsko.cz/C:/Program Files/Git/vlna-solidarity-v-srdci-sofie/","1","Vlna solidarity v srdci Sofie Luke Palm · 17. března 2025 · 2 min čtení Srdce Bulharska bije pro Severní Makedonii: Vlna solidarity po ničivém požáru (window.adsbygoogle = window.adsbygoogle || []).push({}); ADS / reklamní prostor v článku V srdci Sofie se odehrává silný příběh solidarity a lidskosti. Desítky lidí se rozhodly darovat krev pro oběti ničivého požáru v makedonském městě Kočani. Tato spontánní vlna pomoci ukazuje, jak hluboké jsou vazby mezi Bulharskem a Severní Makedonií. Pokud vás zajímá, jak probíhá tato humanitární akce a jak se můžete zapojit, čtěte dál. Před nemocnicí Pirogov v Sofii se od brzkých ranních hodin tvořily fronty dobrovolníků, kteří chtěli přispět svou krví k záchraně životů. Akci organizoval Bulharský červený kříž ve spolupráci s místními zdravotnickými institucemi. Mnoho dárců přišlo bez váhání, vedeni silným pocitem solidarity s těmi, kteří utrpěli při požáru. Podle zdravotníků je krevní plazma klíčová pro léčbu pacientů s popáleninami, protože pomáhá regeneraci tkání a snižuje riziko infekcí. Díky rychlé reakci dárců se podařilo zajistit dostatek zásob pro urgentní případy. Organizátoři zdůraznili, že kampaň bude pokračovat až do konce týdne, aby bylo možné pokrýt potřeby všech zraněných. Mezi dárci byli lidé různých profesí a věkových skupin. Mnozí z nich uvedli, že se zapojují pravidelně do podobných akcí a považují darování krve za svou občanskou povinnost. Jiní přišli poprvé, ale byli motivováni silným příběhem obětí požáru. Jeden z nich, mladý student z univerzity v Sofii, řekl, že ho inspirovala myšlenka, že jeho krev může někomu zachránit život. Tento projev solidarity je dalším důkazem blízkých vztahů mezi Bulharskem a Severní Makedonií, které sdílejí historické i kulturní vazby. Pomoc přichází nejen ve formě darované krve, ale také prostřednictvím finančních sbírek a materiální podpory. Mnoho Bulharů vyjádřilo ochotu přispět i jinými způsoby, například sbíráním zdravotnického materiálu nebo organizováním charitativních akcí. Pokud se chystáte do Bulharska, možná budete mít možnost vidět podobné projevy solidarity na vlastní oči. Země je nejen oblíbenou turistickou destinací, ale také místem, kde si lidé vzájemně pomáhají v těžkých chvílích. Ať už navštívíte historická města, přímořská letoviska nebo horské oblasti, můžete se setkat s pohostinností a ochotou pomoci, které jsou pro Bulhary typické. Tento příběh je připomínkou toho, že i malý čin může mít velký dopad. Darování krve je jednoduchý způsob, jak pomoci těm, kteří to nejvíce potřebují. Pokud vás tato iniciativa inspirovala, možná zvážíte, zda se i vy někdy zapojíte do podobné akce, ať už v Bulharsku, nebo ve své domovské zemi.","1","662","6","0","","0","/C:/Program Files/Git/uploads/2023/07/header-image-2-1.jpg","","short_meta_description;missing_twitter_card;article_missing_article_schema","16865"
"/vtipna-slova-v-bulharstine/","Vtipná slova v bulharštině : Na co si dát pozor v Bulharsku","59","Češi v Bulharsku a vtipná slova v Bulharštině : Co znamená „magazin“ a jak se neztrapnit v obchodě na Zlatých Pískách. Pobavte se i poučte!","139","https://visitbulharsko.cz/C:/Program Files/Git/vtipna-slova-v-bulharstine/","1","Magazin není magazín a jiná vtipná slova v Bulharštině Luke Palm · 21. března 2025 · 4 min čtení Když poprvé přistanete na slunečném pobřeží Bulharska a ucítíte slaný vzduch, slyšíte moře, cikády a někde v dálce i češtinu, řeknete si – tohle bude pohodová dovolená. Slunce, pláž, levné pivo… co by se mohlo pokazit? Jaká jsou vtipná slova v Bulharštině ? Odpověď je jednoduchá: bulharština. Totiž, ne že by to byl jazyk nehezký. […] (window.adsbygoogle = window.adsbygoogle || []).push({}); ADS / reklamní prostor v článku Když poprvé přistanete na slunečném pobřeží Bulharska a ucítíte slaný vzduch, slyšíte moře, cikády a někde v dálce i češtinu, řeknete si – tohle bude pohodová dovolená. Slunce, pláž, levné pivo… co by se mohlo pokazit? Jaká jsou vtipná slova v Bulharštině ? Odpověď je jednoduchá: bulharština. Totiž, ne že by to byl jazyk nehezký. Naopak! Je zpěvná, rytmická a plná krásných slov. Jenže právě tahle krásná slova na nás, nic netušící Čechy, číhají jako lev v trávě Serengeti. Jsou to takzvaní falešní přátelé – slova, která znějí úplně stejně jako v češtině… ale znamenají něco úplně jiného. A tak začíná příběh o tom, jak jsem se chtěl jen napít vody, ale málem jsem si koupil staré železo aneb vtipné přešlapy a vtipná slova v Bulharštině.","8","1141","6","0","","0","/C:/Program Files/Git/uploads/2025/03/smejici-se-lide-scaled.webp","","missing_twitter_card;article_missing_article_schema","22161"
"/vypadek-tepla-v-sofii-co-dal/","Výpadek tepla v Sofii: Co dál? - Visit Bulharsko","48","**Sofie bez tepla: Havárie ochromila tisíce domácností, obyvatelé hledají způsoby, jak se s ní vyrovnat**","105","https://visitbulharsko.cz/C:/Program Files/Git/vypadek-tepla-v-sofii-co-dal/","1","Výpadek tepla v Sofii: Co dál? Luke Palm · 3. ledna 2025 · 2 min čtení Sofie bez tepla: Havárie ochromila tisíce domácností, obyvatelé hledají způsoby, jak se s ní vyrovnat (window.adsbygoogle = window.adsbygoogle || []).push({}); ADS / reklamní prostor v článku Sofie, hlavní město Bulharska, se probudilo do nepříjemné situace, která zasáhla tisíce obyvatel. Několik čtvrtí zůstalo bez teplé vody a dálkového vytápění, což přineslo řadu komplikací a nepohodlí. Co stojí za tímto výpadkem a jaké kroky se podnikají k nápravě? Přinášíme vám podrobnosti i širší pohled na to, jak podobné události ovlivňují každodenní život v bulharské metropoli. V několika částech Sofie, konkrétně ve čtvrtích Mladost 4, Naděžda 1, Geo Milev a Dianabad, došlo k neočekávanému výpadku dálkového vytápění a dodávek teplé vody. Tyto čtvrti patří mezi hustě obydlené oblasti hlavního města, kde žijí tisíce rodin. Výpadek byl způsoben technickými problémy v infrastruktuře společnosti Toplofikacia Sofia, která je hlavním dodavatelem dálkového vytápění ve městě. Podle informací zveřejněných místními médii a společností Toplofikacia Sofia bylo zjištěno, že příčinou problému je havárie na klíčovém potrubí. Tato porucha si vyžádala okamžité odstavení dodávek, aby se předešlo dalším škodám. Opravy byly zahájeny bezprostředně po zjištění problému, avšak vzhledem k rozsahu poškození se očekává, že odstranění závady zabere několik dní. Pro obyvatelé postižených čtvrtí tato situace znamená nejen nepohodlí, ale i nutnost improvizace v každodenním životě. Absence teplé vody a vytápění v chladnějších dnech roku může být obzvlášť náročná, zejména pro rodiny s malými dětmi, seniory či osoby se zdravotními problémy. Mnozí obyvatelé se uchylují k používání elektrických ohřívačů vody nebo přenosných topných zařízení, což však zvyšuje náklady na energii. Toplofikacia Sofia ujišťuje, že dělá vše pro co nejrychlejší obnovení dodávek. Společnost také doporučuje obyvatelům sledovat aktuální informace na jejích webových stránkách a sociálních sítích, kde pravidelně zveřejňuje aktualizace o postupu oprav. Vedení města rovněž vyzvalo dotčené obyvatele k trpělivosti a přislíbilo pomoc tam, kde to bude potřeba. Tento incident však otevírá širší otázku spolehlivosti a modernizace infrastruktury v Sofii. Mnoho částí města stále spoléhá na starší potrubní systémy, které nebyly za poslední desetiletí dostatečně renovovány. Výpadky dodávek tepla a vody nejsou v bulharské metropoli zcela ojedinělé, a tak se stále častěji ozývají hlasy volající po větších investicích do zlepšení infrastruktury. Pro turisty, kteří se chystají navštívit Sofii, tato událost přináší zajímavý pohled na každodenní život v bulharském hlavním městě. I přes tyto výzvy je Sofie městem s bohatou historií, nádhernými památkami a přátelskými obyvateli. Pokud plánujete cestu do Bulharska, nenechte se odradit podobnými zprávami. Stačí si být vědomi toho, že i velkoměsta mohou čelit technickým problémům, a připravit se na improvizaci, pokud by vás něco podobného překvapilo. Zároveň je dobré vědět, že Bulharsko nabízí mnohem víc než jen své hlavní město. Od malebných horských vesnic přes nádherné pláže Černého moře až po historické poklady, jako je Plovdiv nebo Nesebar, země nabízí nepřeberné množství zážitků, na které jen tak nezapomenete. Sofie je jen jedním z mnoha kousků této pestré mozaiky a problémy s infrastrukturou jsou jen drobnou připomínkou toho, že život v každém městě má své výzvy i kouzla.","1","768","6","0","","0","/C:/Program Files/Git/uploads/2023/07/header-image-2-1.jpg","","missing_twitter_card;article_missing_article_schema","17810"
"/west-mall-nakupy-zabava-relax/","**West Mall: Nákupy, zábava, relax!** - Visit Bulharsko","55","Objevte moderní nákupní ráj v srdci Bulharska – West Mall čeká na vás","69","https://visitbulharsko.cz/C:/Program Files/Git/west-mall-nakupy-zabava-relax/","1","West Mall: Nákupy, zábava, relax! Luke Palm · 23. března 2025 · 2 min čtení Objevte moderní nákupní ráj v srdci Bulharska – West Mall čeká na vás (window.adsbygoogle = window.adsbygoogle || []).push({}); ADS / reklamní prostor v článku Pokud plánujete cestu do Sofie a máte rádi nakupování, rozhodně byste neměli minout jedno z nejmodernějších a nejstylovějších obchodních center v Bulharsku. West Mall, který prošel kompletní proměnou, se chystá přivítat návštěvníky v novém kabátě a s ještě širší nabídkou obchodů, restaurací a zábavy. Tento nákupní ráj v západní části města slibuje nejen skvělé nákupní možnosti, ale také jedinečný zážitek, který kombinuje pohodlí, styl a inovace. Co všechno tu můžete objevit a proč by měl být West Mall součástí vašeho itineráře? West Mall, dříve známý jako Mega Mall, prošel rozsáhlou modernizací a nyní se prezentuje jako jedno z nejatraktivnějších míst pro nákupy v Sofii. Cílem této proměny bylo vytvořit prostor, který nejen odpovídá současným trendům v nakupování, ale také poskytuje návštěvníkům příjemné prostředí pro trávení volného času. Design interiéru byl přepracován tak, aby působil vzdušně a elegantně, přičemž byl kladen důraz na pohodlí zákazníků. Kromě toho se rozšířila nabídka obchodů, takže zde najdete jak oblíbené mezinárodní značky, tak i lokální butiky nabízející jedinečné produkty. Jedním z hlavních lákadel West Mallu je jeho rozmanitá gastronomická zóna. Návštěvníci si mohou vychutnat širokou škálu jídel, od tradiční bulharské kuchyně až po oblíbené mezinárodní pokrmy. Restaurace a kavárny jsou navrženy tak, aby nabízely nejen skvělé jídlo, ale také příjemnou atmosféru pro setkání s přáteli nebo rodinou. Součástí centra jsou také moderní relaxační zóny, kde si můžete odpočinout po nákupech nebo si užít chvíle klidu u šálku dobré kávy. West Mall však není jen o nakupování a gastronomii. Velký důraz je kladen také na zábavu a volnočasové aktivity. Návštěvníci se mohou těšit na moderní kino s nejnovějšími technologiemi, dětské herní koutky a pravidelné tematické akce, které oživují atmosféru centra. Tento přístup činí z West Mallu ideální destinaci nejen pro jednotlivce, ale i pro rodiny s dětmi, které zde najdou širokou škálu aktivit pro všechny věkové kategorie. Díky své strategické poloze v západní části Sofie je West Mall snadno dostupný jak městskou hromadnou dopravou, tak autem. Návštěvníkům je k dispozici rozsáhlé parkoviště, což zajišťuje pohodlný přístup bez zbytečných komplikací. To je velká výhoda pro turisty, kteří chtějí spojit návštěvu obchodního centra s prohlídkou dalších zajímavých míst v hlavním městě Bulharska. Pokud tedy plánujete cestu do Sofie a chcete zažít něco víc než jen tradiční památky, West Mall by rozhodně neměl chybět na vašem seznamu míst k návštěvě. Nabízí nejen prvotřídní nákupní možnosti, ale také skvělou atmosféru a širokou škálu zážitků, které uspokojí každého návštěvníka. Ať už hledáte nové oblečení, skvělé jídlo nebo jen příjemné místo k odpočinku, West Mall vás nezklame.","1","715","6","0","","0","/C:/Program Files/Git/uploads/2023/07/header-image-2-1.jpg","","short_meta_description;missing_twitter_card;article_missing_article_schema","17263"
"/zapomenute-lazne-sofie-pribeh/","""Zapomenuté lázně Sofie: Příběh"" - Visit Bulharsko","50","**Zapomenuté skvosty Sofie: Příběh lázní, kde se čas zastavil**","63","https://visitbulharsko.cz/C:/Program Files/Git/zapomenute-lazne-sofie-pribeh/","1","„Zapomenuté lázně Sofie: Příběh“ Luke Palm · 3. ledna 2025 · 2 min čtení Zapomenuté skvosty Sofie: Příběh lázní, kde se čas zastavil (window.adsbygoogle = window.adsbygoogle || []).push({}); ADS / reklamní prostor v článku Pokud byste se procházeli ulicemi Sofie před sto lety, těžko byste přehlédli rušné městské lázně, kde se scházeli lidé všech vrstev. Dnes však tyto kdysi živé prostory zejí prázdnotou, zarůstají vegetací a vyprávějí příběhy o zašlé slávě. Co se stalo s těmito historickými budovami? A mají ještě šanci na záchranu? Vydáváme se na melancholickou, ale fascinující cestu do minulosti a přítomnosti sofijských lázní, které ukrývají nejen architektonické skvosty, ale i vzpomínky na časy, kdy voda byla středobodem městského života. Sofie, hlavní město Bulharska, je bohatá na termální prameny, které po staletí přitahovaly obyvatele i návštěvníky. V dobách, kdy domácí koupelny byly výsadou pouze těch nejbohatších, sloužily městské lázně jako místo hygieny, odpočinku i společenských setkání. Nejznámější z nich, Centrální minerální lázně, postavené v secesním stylu v roce 1913, byly pýchou města. Nádherná mozaiková fasáda, zdobené interiéry a léčivá voda přitahovaly nejen místní, ale i turisty z celé Evropy. Avšak s příchodem modernity a rozšířením soukromých koupelen začala popularita veřejných lázní klesat. Po druhé světové válce, během socialistického období, byly lázně stále využívány, ale postupně ztrácely na významu. Po pádu režimu v devadesátých letech se mnoho těchto budov ocitlo v zanedbaném stavu, některé byly uzavřeny a jiné ponechány napospas chátrání. Dnes stojí návštěvníci před otázkou: proč tyto jedinečné stavby, které jsou svědky historie a kulturního dědictví, nejsou obnovovány? Odpověď není jednoduchá. Obnova historických budov je nákladná a vyžaduje politickou vůli, která často naráží na jiné priority. Přesto se najdou iniciativy a projekty, které se snaží lázně oživit. Například část Centrálních minerálních lázní byla přeměněna na sofijské regionální muzeum. I tak zůstává většina prostoru nevyužitá a čeká na své znovuzrození. Kromě Centrálních lázní můžeme v Sofii narazit na další zapomenuté poklady, jako jsou lázně Ovča Kupel nebo Gorna Banja. Tyto budovy, ačkoliv jsou dnes opuštěné, stále nesou stopy své bývalé krásy. Zdobené stropy, mramorové podlahy a starobylé bazény vyprávějí příběhy, které stojí za to slyšet. Pro nadšence historie a architektury je procházka těmito místy jako cesta časem. Co můžete udělat, pokud vás tato témata lákají? Navštivte Sofii a objevte tato místa sami. I když jsou některé z nich veřejnosti nepřístupné, jejich fasády a atmosféra okolí stojí za vidění. A pokud vás zajímá více než jen pohled zvenčí, zapojte se do místních diskusí a iniciativ na podporu zachování tohoto kulturního dědictví. Bulharsko je země s bohatou historií a neobjevenými poklady, a právě tyto lázně jsou jedním z nich. Pro mnoho návštěvníků Bulharska je Sofie jen přestupní stanicí na cestě k moři nebo horám. Avšak pokud si najdete čas na prozkoumání města, objevíte místa, která vás okouzlí svým příběhem i atmosférou. A kdo ví, možná vás právě zapomenuté lázně inspirují k tomu, abyste se ponořili hlouběji do historie této fascinující země.","1","742","6","0","","0","/C:/Program Files/Git/uploads/2023/07/header-image-2-1.jpg","","short_meta_description;missing_twitter_card;article_missing_article_schema","17509"
"/zazitky-z-nuda-plaze/","Zážitky z nuda pláže | Visitbulharsko.cz","40","Tuto pláž jsme začali navštěvovat pravidelně (tedy denně), měla velkou výhodu .. Zajímá vás jaké mám zážitky z nuda pláže? Čtěte na webu.","137","https://visitbulharsko.cz/C:/Program Files/Git/zazitky-z-nuda-plaze/","1","Zážitky z nuda pláže ze Sunny Beach Luke Palm · 9. srpna 2022 · 2 min čtení Tuto pláž jsme začali navštěvovat pravidelně (tedy denně), jelikož měla velkou výhodu, a to prostor kolem nás při opalování. Navíc k tomu ty zážitky a pravidla! Postupem času jsme vydedukovali následující zvyklosti. Na tomto typu pláže vždy stojí jeden muž s jednou rukou v bok a druhá ruka se pomalým pohybem pohybuje po jeho nástroji […] (window.adsbygoogle = window.adsbygoogle || []).push({}); ADS / reklamní prostor v článku Tuto pláž jsme začali navštěvovat pravidelně (tedy denně), jelikož měla velkou výhodu, a to prostor kolem nás při opalování. Navíc k tomu ty zážitky a pravidla! Postupem času jsme vydedukovali následující zvyklosti. Na tomto typu pláže vždy stojí jeden muž s jednou rukou v bok a druhá ruka se pomalým pohybem pohybuje po jeho nástroji lásky. Oukej nebudu tak podrobnej nebo ze mě bude Rocky Flinstone a napíšu skvělou porno novelu. #justkidding . Užij si svého observera Popis to byl ale výstižnej, pokud tento observer (takto jsme ho pojmenovali) usedne, tak se automaticky zvedá další muž a rovněž zaujme tento typický postoj. Takže pamatujte na toto pravidlo a snažte se nebýt observrem. Další doporučení je nekoukat na a za písečnou dunu. Nejhorší zážitek však byl, když jsme jednou přišli a na pomezí klasické a této romantické pláže s observery stál postarší pán. Představte si to. Nahej důchodce s polopostaveným přirozeným, které je oblepené u kořene černou izolační páskou a něco z něj ukapává! Fuj, hnus velebnosti! Zážitek na celý život! Dívky na pláži Naše druhá story byla taková trošku více komická. Leželi jsme na pláži a opalovali si místa, která nikdy předtím nespatřila slunce, když v tom jsem uslyšel české dívčí hlasy. No co nás nenapadlo. „Bysme je mohli oslovit, ne? Půjčíme auto a alespoň se podíváme po okolí a posharujeme náklad!“ Taková krásná nevinná věta. Shodli jsme se, že to při odchodu zkusíme. Oblékli jsme se, to byla asi první chyba, když ležely na nuda pláži, a vydali se za nima. Oslovili jsme je a krásně popsali, co po nich chceme. „Dobrý den slečny, jak se dnes máte? Slyšeli jsme vaši češtinu a chtěli se zeptat jestli se nechcete podívat po okolí, že bysme půjčili auto?“ Celkem nevěřícně koukaly a po chvilce tedy nejspíš vydedukovaly, že nejsme úplně úchyláci. To se však po chvíli změnilo, když jsme k tomu všemu dodali: „Máme tu foťáky, my vás vyfotíme a zkusíme najít nějaké pláže, kde je málo lidí!“ Oukej, uznávám musíme na té komunikaci trošku zapracovat. Správné češky! Nicméně i přes toto super „Faux pas“, děvčata za námi přišla večer do baru. A to byl teprve zážitek. Představte si u jednoho stolu tyto typy lidí. Pan podnikatel, markeťák volnomyšlenkář, psí kadeřnice a hrdá asistentka Europoslance za stranu, která chce z EU vystoupit. Začátek dobrého vtipu? Pro nás večerní realita! Například padla věta: „Já nemám ráda černochy, každému se přece nemusí líbit!“, kterou téměř řvoucím hlasem tato zarytá Češka pronesla na celý bar. Následovalo ještě pár super hlášek, které se ani nedají publikovat, a obhajování Pitomia. Myslím si, že to byl skoro kult osobnosti a tvrdý výstup mimo mou sociální bublinu. Jako správní gentlemani jsme šli slečny doprovodit do jejich luxusního hotelu a naivně si mysleli, že zážitky na večer máme vybrány. Opak byl však pravdou! Cestou do apartmánu nás odchytly dvě prapodivné děvy. Jedna značně vysloužilá a robustní a druhá jen vysloužilá. Hned se po nás začaly sápat a opakovaly jejich super bulharskou angličtinou: „Dů jů want seks? Ár jů gej?“ Sorry, ale pokud Vám někdo sahá na nástroj lásky s intenzitou montážního dělníka po celodenní práci na svěráku, tak si spíš všimnete, jak Vám sahá druhou rukou do kapes. No zážitek to byl „krásnej“ a zadara, protože v zadních kapsách nemůžu mít peníze, když žádné nemám, že jo? #justkidding [spbsm-share-buttons]","1","914","10","5","","0","/C:/Program Files/Git/uploads/hermes/zazitky-z-nuda-plaze.png","","missing_twitter_card;missing_alt_5;article_missing_article_schema","18350"
"/zimni-kouzlo-bulharska-slunce-a-scenerie/","""Zimní kouzlo Bulharska: Slunce a scenérie"" - Visit Bulharsko","61","**Slunečné Bulharsko v zimním hávu: Objevte kouzlo historických měst, hor i termálních pramenů**","96","https://visitbulharsko.cz/C:/Program Files/Git/zimni-kouzlo-bulharska-slunce-a-scenerie/","1","„Zimní kouzlo Bulharska: Slunce a scenérie“ Luke Palm · 5. ledna 2025 · 2 min čtení Slunečné Bulharsko v zimním hávu: Objevte kouzlo historických měst, hor i termálních pramenů (window.adsbygoogle = window.adsbygoogle || []).push({}); ADS / reklamní prostor v článku Sluneční paprsky se dnes rozlily po bulharské krajině a přinesly příjemnou zimní pohodu, která láká k procházkám i výletům. Pokud plánujete cestu do této balkánské země, dnešní počasí vám může být skvělou inspirací. Představte si klidné ulice, horské výhledy zalité sluncem a mírný vánek, který vás bude provázet na každém kroku. Ať už jste milovníkem přírody, historie nebo jen hledáte místo, kde si odpočinout, Bulharsko má co nabídnout. Jaké počasí vás čeká a co byste rozhodně neměli vynechat? Pojďme si to společně přiblížit. Bulharsko dnes zažívá příjemně slunečný den s teplotami, které se pohybují mezi 4 až 9 stupni Celsia. V hlavním městě Sofii naměříte kolem 4 stupňů, zatímco v níže položených oblastech, jako je údolí Dunaje, se rtuť teploměru může vyšplhat až k horní hranici této předpovědi. Slabý vítr z jihovýchodu a západu jen jemně čeří vzduch, což vytváří ideální podmínky pro venkovní aktivity. Pokud jste milovníkem horských výletů, bulharské hory dnes nabízejí nádherné scenérie. Slunečné počasí v kombinaci s čerstvým horským vzduchem je dokonalou pozvánkou k objevování krás, které tato země skýtá. Ať už zamíříte na populární Vitošu poblíž Sofie, nebo se vydáte do vzdálenějších Rilských hor, budete odměněni dechberoucími výhledy a poklidnou atmosférou. Nezapomeňte se však teple obléct – ve vyšších nadmořských výškách mohou být teploty pod bodem mrazu. Pro ty, kteří dávají přednost městským procházkám, je dnešní den jako stvořený k objevování bulharských historických pokladů. Sofie, Plovdiv nebo Veliko Tarnovo – každé z těchto měst má své kouzlo. V Sofii můžete navštívit ikonickou katedrálu sv. Alexandra Něvského, zatímco Plovdiv vás okouzlí svým antickým amfiteátrem a malebnými uličkami Starého Města. Veliko Tarnovo, bývalé hlavní město Bulharska, vás zavede do středověkých časů díky své pevnosti Carevec a romantickému výhledu na řeku Jantru. Pro ty, kdo touží po klidném odpočinku, může být dnešní počasí ideální pro návštěvu některého z bulharských vinařství nebo termálních pramenů. Oblasti jako Melnik či Sandanski nabízejí nejen kvalitní vína, ale i nádhernou přírodu, která je právě v zimním slunci ještě působivější. Termální lázně v Devinu nebo Hisarje vám zase poskytnou příležitost k relaxaci a načerpání energie. Bulharsko je zemí kontrastů, kde se střetává bohatá historie s nedotčenou přírodou, a dnešní počasí jen podtrhuje jeho jedinečnost. Ať už se rozhodnete pro horskou túru, procházku po městě nebo klidný odpočinek, slunečné paprsky a příjemné teploty vám budou skvělými společníky. Pokud jste ještě Bulharsko nezařadili na svůj seznam cestovatelských cílů, možná je právě teď ten správný čas začít plánovat. Tato země má co nabídnout nejen v létě, ale i během zimních měsíců, kdy její krása vyniká v jiném, neméně okouzlujícím světle.","1","724","6","0","","0","/C:/Program Files/Git/uploads/2023/07/header-image-2-1.jpg","","short_meta_description;missing_twitter_card;article_missing_article_schema","17453"
"/zlate-pisky-vase-vstupenka-do-raje-relaxace-a-dobrodruzstvi/","Zlaté písky: Vaše vstupenka do ráje relaxace a dobrodružství - Visit Bulharsko","78","Pokud hledáte ideální destinaci pro letní dovolenou, Zlaté písky v Bulharsku nabízí vše, co potřebujete: kvalitní pláže, bohaté možnosti wellness a dostupnost přírodních i kulturních atrakcí. Tady je přehled toho, co Zlaté písky nabízejí a jak si svou cestu naplánovat. Pláže a moře Zlaté písky jsou známé svou 3,5 kilometru dlouhou pláží pokrytou jemným zlatavým [&hellip;]","374","https://visitbulharsko.cz/C:/Program Files/Git/zlate-pisky-vase-vstupenka-do-raje-relaxace-a-dobrodruzstvi/","1","Zlaté písky: Vaše vstupenka do ráje relaxace a dobrodružství Luke Palm · 3. ledna 2025 · 1 min čtení Pokud hledáte ideální destinaci pro letní dovolenou, Zlaté písky v Bulharsku nabízí vše, co potřebujete: kvalitní pláže, bohaté možnosti wellness a dostupnost přírodních i kulturních atrakcí. Tady je přehled toho, co Zlaté písky nabízejí a jak si svou cestu naplánovat. Pláže a moře Zlaté písky jsou známé svou 3,5 kilometru dlouhou pláží pokrytou jemným zlatavým […] (window.adsbygoogle = window.adsbygoogle || []).push({}); ADS / reklamní prostor v článku Pokud hledáte ideální destinaci pro letní dovolenou, Zlaté písky v Bulharsku nabízí vše, co potřebujete: kvalitní pláže, bohaté možnosti wellness a dostupnost přírodních i kulturních atrakcí. Tady je přehled toho, co Zlaté písky nabízejí a jak si svou cestu naplánovat.","1","764","6","0","","0","/C:/Program Files/Git/uploads/2025/01/AdobeStock_163952053-scaled.jpeg","","long_title;long_meta_description;missing_twitter_card;article_missing_article_schema","18963"
"/zona-objeti-na-letisti-sofie/","„Zóna objetí“ na letišti Sofie! - Visit Bulharsko","49","„Letiště v Bulharsku zavádí revoluční zónu objetí: Co vás čeká při příjezdu?“","77","https://visitbulharsko.cz/C:/Program Files/Git/zona-objeti-na-letisti-sofie/","1","„Zóna objetí“ na letišti Sofie! Luke Palm · 5. ledna 2025 · 2 min čtení „Letiště v Bulharsku zavádí revoluční zónu objetí: Co vás čeká při příjezdu?“ (window.adsbygoogle = window.adsbygoogle || []).push({}); ADS / reklamní prostor v článku Pokud plánujete cestu do Bulharska a využíváte letiště v Sofii, máme pro vás důležitou novinku. Od 9. ledna zde vstupuje v platnost nový režim pro osobní automobily, který by měl zlepšit plynulost provozu a zvýšit komfort cestujících. Jedna z nejvýraznějších změn se týká tzv. „zóny objetí“ u Terminálu 2 – místa, kde se cestující loučí se svými blízkými nebo je vítají po návratu. Co tato změna znamená pro vás a na co se připravit? Přečtěte si více a zjistěte, jak se nejlépe přizpůsobit novým podmínkám. Nový systém na letišti v Sofii, které provozuje společnost „SOF Connect“, přináší zavedení bariér a časově omezeného bezplatného parkování přímo před Terminálem 2. Každé vozidlo, které se sem vydá, nyní projde automatickou registrací registrační značky při vjezdu. Následně má řidič k dispozici 10 minut bezplatného pobytu v této oblasti. Tento čas je dostatečný na rychlé vyložení zavazadel, rozloučení nebo přivítání blízkých. Pokud však tento limit překročíte, bude nutné zaplatit poplatek za parkování podle aktuálního ceníku. „Zóna objetí“ je koncept, který se již osvědčil na mnoha mezinárodních letištích. Jeho cílem je zlepšit organizaci dopravy, snížit dopravní zácpy a zajistit větší bezpečnost. Na vytížených letištích, jako je to v Sofii, se často stávalo, že automobily blokovaly vjezdové cesty nebo parkovaly na nevhodných místech. Nový systém by měl tyto problémy minimalizovat a zároveň vytvořit klidnější prostředí pro cestující. Pro ty, kteří se chystají na letiště v Sofii, je dobré mít na paměti několik praktických rad. Pokud plánujete delší pobyt u terminálu, například kvůli čekání na přílet nebo odvoz větší skupiny lidí, je vhodné využít oficiální parkoviště letiště. Tato parkoviště jsou dobře označená a nacházejí se v těsné blízkosti terminálů. Ceny za parkování jsou nastaveny tak, aby byly dostupné pro různé typy cestujících, ať už jde o krátkodobé nebo dlouhodobé stání. Další užitečnou informací je, že nový systém umožňuje větší kontrolu nad pohybem vozidel na letišti. To může být výhodné i z hlediska bezpečnosti, protože každé auto je při vjezdu a výjezdu evidováno. Tento krok je součástí širší modernizace letiště, která zahrnuje nejen zlepšení infrastruktury, ale také zavádění pokročilých technologií pro usnadnění cestování. Pro cestovatele, kteří Bulharsko navštěvují poprvé, může být letiště v Sofii vstupní branou do země plné krásných pláží, historických památek a pohostinných lidí. Nový systém na letišti je jedním z kroků, jak zlepšit první dojem z této destinace. Ať už se chystáte objevovat starobylá města, jako je Plovdiv, relaxovat u Černého moře nebo se vydat do hor, začátek vaší cesty by měl být co nejhladší. Změny na letišti v Sofii se mohou zdát na první pohled jako drobnost, ale pro mnoho cestujících znamenají větší pohodlí a lepší organizaci. Pokud plánujete cestu do Bulharska, doporučujeme se s novým systémem seznámit předem, abyste se vyhnuli nečekaným komplikacím. Ať už se vydáte kamkoliv, Bulharsko vás jistě přivítá s otevřenou náručí – stejně jako letiště v Sofii ve své nové „zóně objetí“.","1","770","6","0","","0","/C:/Program Files/Git/uploads/2023/07/header-image-2-1.jpg","","short_meta_description;missing_twitter_card;article_missing_article_schema","17649"
"/zona-pro-objeti-na-letisti-sofie/","„Zóna pro objetí“ na letišti Sofie - Visit Bulharsko","52","&#8222;Letiště v Srdci Bulharska představuje revoluční &#8218;zónu pro objetí&#8216;: Rychlejší a pohodlnější rozloučení i přivítání&#8220;","139","https://visitbulharsko.cz/C:/Program Files/Git/zona-pro-objeti-na-letisti-sofie/","1","„Zóna pro objetí“ na letišti Sofie Luke Palm · 4. ledna 2025 · 2 min čtení „Letiště v Srdci Bulharska představuje revoluční ‚zónu pro objetí‘: Rychlejší a pohodlnější rozloučení i přivítání“ (window.adsbygoogle = window.adsbygoogle || []).push({}); ADS / reklamní prostor v článku Pokud plánujete cestu do Bulharska a vaše kroky povedou přes sofijské letiště, máme pro vás zajímavou novinku. Od 9. ledna vstupuje v platnost nový systém organizace dopravy před Terminálem 2, který slibuje větší pohodlí a efektivitu pro cestující i jejich doprovod. Tato změna zahrnuje zavedení tzv. „zóny pro objetí“, která má zlepšit nejen plynulost provozu, ale i celkový zážitek z přijetí či rozloučení na letišti. Co přesně tato novinka přináší a jak se na ni připravit? Čtěte dál. Sofijské letiště, které je hlavní branou do Bulharska pro miliony cestujících ročně, se rozhodlo inovovat přístup k organizaci dopravy před Terminálem 2. Tato změna je součástí širší modernizace, kterou realizuje jeho koncesionář „SOF Connect“. Klíčovou novinkou je zavedení bariérového systému, který umožní kontrolovat přístup automobilů až k budově terminálu. Cílem je zlepšit organizaci pohybu vozidel, zvýšit bezpečnost a zároveň nabídnout komfortnější prostředí pro pasažéry. Nově budou všechna vozidla projíždějící k Terminálu 2 zaznamenávána pomocí automatického systému, který identifikuje registrační značky. Řidiči získají desetiminutový bezplatný časový interval, během kterého mohou své blízké pohodlně vysadit nebo vyzvednout. Tato zóna, přezdívaná „zóna pro objetí“, je navržena tak, aby minimalizovala stres spojený s dopravou na letišti. Pokud však automobil překročí oněch deset minut, bude následovat poplatek, což má motivovat k rychlému odbavení a zabránit delšímu zdržování. „Zóna pro objetí“ je součástí širšího plánu na zlepšení infrastruktury sofijského letiště, které v posledních letech čelí rostoucímu počtu cestujících. Tato iniciativa má zefektivnit provoz a přispět k pozitivnímu dojmu z letiště, které je často prvním kontaktem zahraničních návštěvníků s Bulharskem. Podobné systémy již úspěšně fungují na mnoha evropských letištích a jejich přínos je jednoznačný – méně dopravních kolon, větší bezpečnost a lepší organizace. Co to znamená pro cestovatele? Pokud se chystáte na letiště autem, je dobré si dopředu naplánovat svůj příjezd. Deset minut je dostatečný čas na rychlé rozloučení nebo přivítání, ale pokud plánujete delší pobyt, například čekání na zpožděný let, bude vhodné využít jedno z parkovišť, která se nacházejí v blízkosti terminálu. Tím se vyhnete nejen stresu, ale i případným dodatečným poplatkům. Změny jsou vítaným krokem zejména pro ty, kdo na letiště často doprovázejí své blízké. Zavedení bariérového systému přináší větší pořádek a eliminuje chaotické situace, které byly dříve běžné. Zároveň se jedná o opatření, které má za cíl zlepšit celkový dojem z letiště a jeho služeb. Pokud tedy plánujete cestu přes Sofii, stojí za to se na nový systém připravit a využít výhod, které přináší. Tento krok je dalším důkazem, že Bulharsko neustále investuje do modernizace své infrastruktury a snaží se nabídnout co nejlepší podmínky pro své návštěvníky. Sofijské letiště je nejen vstupní branou do země, ale také ukázkou toho, jak se Bulharsko snaží držet krok s evropskými standardy. Pokud tedy plánujete objevovat krásy Bulharska, od jeho zlatavých pláží až po historické poklady, můžete si být jisti, že vaše cesta začne v moderním a dobře organizovaném prostředí.","1","774","6","0","","0","/C:/Program Files/Git/uploads/2023/07/header-image-2-1.jpg","","missing_twitter_card;article_missing_article_schema","18010"
"/zona-pro-objeti-novinka-u-t2-sofie/","""Zóna pro objetí: Novinka u T2 Sofie"" - Visit Bulharsko","55","&#8222;Bulharské letiště přináší revoluční novinku: Zóna pro objetí mění pravidla příjezdu!&#8220;","98","https://visitbulharsko.cz/C:/Program Files/Git/zona-pro-objeti-novinka-u-t2-sofie/","1","„Zóna pro objetí: Novinka u T2 Sofie“ Luke Palm · 4. ledna 2025 · 2 min čtení „Bulharské letiště přináší revoluční novinku: Zóna pro objetí mění pravidla příjezdu!“ (window.adsbygoogle = window.adsbygoogle || []).push({}); ADS / reklamní prostor v článku Pokud plánujete cestu do Bulharska a vaše trasa povede přes Letiště Sofie, čekají vás od ledna zajímavé změny. Nová organizace příjezdu k Terminálu 2 slibuje, že zpříjemní a zefektivní pohyb cestujících i jejich doprovodu. Zavedena byla tzv. „zóna pro objetí“, která má přinést větší pohodlí a zároveň zlepšit plynulost dopravy. Co přesně tento nový režim obnáší a jak ovlivní vaše cestovatelské plány? Od 9. ledna 2025 se na Letišti Sofie zavádí nový systém organizace příjezdu a parkování u Terminálu 2, který provozuje koncesionář „SOF Connect“. Jednou z nejvýznamnějších novinek je zavedení bariérového systému, který bude registrovat poznávací značky přijíždějících vozidel. Tento systém umožňuje 10minutový bezplatný pobyt v prostoru před terminálem, určeném pro rychlé vyložení nebo naložení cestujících. Oblast se symbolicky nazývá „zóna pro objetí“ (bulharsky „зона за прегръдки“), což evokuje emoce spojené s loučením či vítáním blízkých. Hlavním cílem této změny je zlepšit organizaci dopravy a minimalizovat dopravní zácpy v okolí letiště. Dosavadní praxe, kdy auta často dlouhodobě blokovala přístupové cesty, způsobovala komplikace nejen pro cestující, ale i pro letištní personál a taxislužby. Nový systém má zajistit, že prostor před terminálem bude využíván efektivně a především pro krátkodobé zastavení. Jak to bude fungovat v praxi? Při příjezdu k Terminálu 2 vozidlo projede přes bariéru, která automaticky zaznamená jeho registrační značku. Od tohoto okamžiku má řidič 10 minut na to, aby vyložil či naložil cestující a opustil prostor před terminálem. Pokud by došlo k překročení této časové lhůty, bude účtován poplatek, jehož výše zatím nebyla oficiálně stanovena. Letiště však doporučuje těm, kteří potřebují delší čas na parkování, využít placená parkoviště v blízkosti terminálu. Podobné systémy nejsou ve světě novinkou. Mnoho moderních letišť v Evropě a po celém světě již implementovalo podobná opatření, aby zajistila plynulost dopravy a snížila zátěž na infrastrukturu. Letiště Sofie tímto krokem následuje příklad letišť, která se snaží kombinovat moderní technologie s praktickými řešeními pro cestující. Pro cestovatele to znamená, že je třeba plánovat svůj příjezd na letiště s ohledem na nové podmínky. Pokud cestujete s rodinou nebo máte více zavazadel, je vhodné si předem zjistit, kde jsou dostupná parkoviště a jaké jsou jejich poplatky. Naopak pokud vás někdo pouze vysazuje nebo vyzvedává, 10 minut by mělo být dostačující pro pohodlné rozloučení nebo uvítání. Letiště Sofie se v posledních letech snaží modernizovat své služby a zlepšovat komfort pro cestující. Kromě této novinky se zaměřuje také na rozšíření terminálů, modernizaci vnitřních prostor a zlepšení přístupnosti pro osoby s omezenou pohyblivostí. Nový režim příjezdu k Terminálu 2 je tak dalším krokem směrem k tomu, aby se letiště stalo nejen moderním dopravním uzlem, ale i místem, kde se cestující i jejich blízcí cítí vítáni. Pokud plánujete cestu do Bulharska, nezapomeňte si nové podmínky na letišti včas ověřit. Zóna pro objetí je zajímavou novinkou, která může váš příjezd na letiště zpříjemnit a usnadnit. Ať už vás čeká dovolená na bulharském pobřeží, nebo jen rychlá služební cesta, Letiště Sofie se snaží přispět k tomu, aby byl váš zážitek co nejpříjemnější.","1","790","6","0","","0","/C:/Program Files/Git/uploads/2023/07/header-image-2-1.jpg","","short_meta_description;missing_twitter_card;article_missing_article_schema","18007"
"/page/2/","Archiv článků | Visit Bulharsko","31","Archiv článků Visit Bulharsko","29","https://visitbulharsko.cz/C:/Program Files/Git/page/2/","1","Archiv článkůNovější články → Praktické tipy","0","1516","50","0","","0","/C:/Program Files/Git/uploads/2023/07/cropped-Visit-Bulharsko-1.png","","short_meta_description;missing_twitter_card","58846"
"/category/cestopisy/","Cestopisy | Visit Bulharsko","27","Od příběhů o objevování starověkých památek a tajemných míst, až po dobrodružství na plážích a setkání s místními lidmi. Všechny cestopisy vás vtáhnou do atmosféry cestování jako byste tam byli osobně.","201","https://visitbulharsko.cz/C:/Program Files/Git/category/cestopisy/","1","CestopisyDomů → (window.adsbygoogle = window.adsbygoogle || []).push({}); ADS banner / reklamní prostor Cestopisy","0","356","5","0","","0","/C:/Program Files/Git/uploads/2023/07/cropped-Visit-Bulharsko-1.png","","long_meta_description;missing_twitter_card;category_missing_breadcrumb_schema;article_missing_article_schema","14253"
"/category/cestovni-pruvodce/","Cestovní průvodce | Visit Bulharsko","35","Náš cestovní průvodce je Vaše nepostradatelná příručka na cestách! Praktické informace, mapy a doporučení, která vám usnadní poznávání Bulharska od hor po moře.","160","https://visitbulharsko.cz/C:/Program Files/Git/category/cestovni-pruvodce/","1","Cestovní průvodceDomů → (window.adsbygoogle = window.adsbygoogle || []).push({}); ADS banner / reklamní prostor Cestovní průvodce","0","296","4","0","","0","/C:/Program Files/Git/uploads/2023/07/cropped-Visit-Bulharsko-1.png","","missing_twitter_card;thin_content;category_missing_breadcrumb_schema;article_missing_article_schema","13179"
"/category/historie-bulharska/","Historie Bulharska | Visit Bulharsko","36","Ponořte se s námi do dávných kronik a získávejte nové poznatky o kultuře, tradicích a životním stylu obyvatel této země.","120","https://visitbulharsko.cz/C:/Program Files/Git/category/historie-bulharska/","1","Historie BulharskaDomů → (window.adsbygoogle = window.adsbygoogle || []).push({}); ADS banner / reklamní prostor Historie Bulharska","0","500","7","0","","0","/C:/Program Files/Git/uploads/2023/07/cropped-Visit-Bulharsko-1.png","","missing_twitter_card;category_missing_breadcrumb_schema;article_missing_article_schema","17110"
"/category/kultura-a-tradice/","Kultura a tradice | Visit Bulharsko","35","Bohatá a pestrá kultura a tradice Bulharska je fascinující. Od folklóru a řemesel až po současný životní styl. Objevte Bulharsko spolu s námi.","142","https://visitbulharsko.cz/C:/Program Files/Git/category/kultura-a-tradice/","1","Kultura a tradiceDomů → (window.adsbygoogle = window.adsbygoogle || []).push({}); ADS banner / reklamní prostor Kultura a tradice","0","362","5","0","","0","/C:/Program Files/Git/uploads/2023/07/cropped-Visit-Bulharsko-1.png","","missing_twitter_card;category_missing_breadcrumb_schema;article_missing_article_schema","14395"
"/category/nejoblibenejsi-destinace/","Nejoblíbenější destinace | Visit Bulharsko","42","Jaké jsou nejoblíbenější destinace v Bulharsku? Vydejte se s námi nejkrásnějších koutů ! Představujeme oblíbené destinace, které si získaly srdce turistů i místních obyvatel.","174","https://visitbulharsko.cz/C:/Program Files/Git/category/nejoblibenejsi-destinace/","1","Nejoblíbenější destinaceDomů → (window.adsbygoogle = window.adsbygoogle || []).push({}); ADS banner / reklamní prostor Nejoblíbenější destinace","0","495","7","0","","0","/C:/Program Files/Git/uploads/2023/07/cropped-Visit-Bulharsko-1.png","","long_meta_description;missing_twitter_card;category_missing_breadcrumb_schema;article_missing_article_schema","17231"
"/category/prakticke-tipy/","Praktické tipy | Visit Bulharsko","32","Neocenitelné informace, tipy a triky, které Vám pomohou plánovat a zvládat vaše cestování po Bulharsku s lehkostí a radostí.","124","https://visitbulharsko.cz/C:/Program Files/Git/category/prakticke-tipy/","1","Praktické tipyDomů → (window.adsbygoogle = window.adsbygoogle || []).push({}); ADS banner / reklamní prostor Praktické tipy","0","506","7","0","","0","/C:/Program Files/Git/uploads/2023/07/cropped-Visit-Bulharsko-1.png","","missing_twitter_card;category_missing_breadcrumb_schema;article_missing_article_schema","16985"
"/category/tipy-na-vylety/","Tipy na výlety | Visit Bulharsko","32","Inspirujte se tipy na nezapomenutelné výlety! Od pohodových procházek po adrenalinová dobrodružství, každý si zde najde svůj ideální itinerář.","142","https://visitbulharsko.cz/C:/Program Files/Git/category/tipy-na-vylety/","1","Tipy na výletyDomů → (window.adsbygoogle = window.adsbygoogle || []).push({}); ADS banner / reklamní prostor Tipy na výlety","0","362","5","0","","0","/C:/Program Files/Git/uploads/2023/07/cropped-Visit-Bulharsko-1.png","","missing_twitter_card;category_missing_breadcrumb_schema;article_missing_article_schema","14224"
"/category/zpravy-bulharsko/","Zpravodajství | Visit Bulharsko","31","Buďte v obraze! Nejnovější zprávy o počasí, dopravě, událostech a dalších aktualitách, které vám usnadní vaše bulharské dobrodružství.","134","https://visitbulharsko.cz/C:/Program Files/Git/category/zpravy-bulharsko/","1","ZpravodajstvíDomů → (window.adsbygoogle = window.adsbygoogle || []).push({}); ADS banner / reklamní prostor Zpravodajství","0","2562","101","0","","0","/C:/Program Files/Git/uploads/2023/07/cropped-Visit-Bulharsko-1.png","","missing_twitter_card;category_missing_breadcrumb_schema;article_missing_article_schema","109660"
